lga_id,lga_name,state_id,senatorial_id
LGA_BE_ADO,Ado,ST_BE,SD_BE_SOUTH
LGA_BE_AGATU,Agatu,ST_BE,SD_BE_SOUTH
LGA_BE_APA,Apa,ST_BE,SD_BE_SOUTH
LGA_BE_BURUKU,Buruku,ST_BE,SD_BE_NORTH_EAST
LGA_BE_GBOKO,Gboko,ST_BE,SD_BE_NORTH_WEST
LGA_BE_GUMA,Guma,ST_BE,SD_BE_NORTH_EAST
LGA_BE_GWER_EAST,Gwer East,ST_BE,SD_BE_NORTH_EAST
LGA_BE_GWER_WEST,Gwer West,ST_BE,SD_BE_NORTH_WEST
LGA_BE_KATSINA_ALA,Katsina-Ala,ST_BE,SD_BE_NORTH_EAST
LGA_BE_KONSHISHA,Konshisha,ST_BE,SD_BE_NORTH_EAST
LGA_BE_KWAMBO,Kwande,ST_BE,SD_BE_NORTH_EAST
LGA_BE_LOGO,Logo,ST_BE,SD_BE_NORTH_EAST
LGA_BE_MAKURDI,Makurdi,ST_BE,SD_BE_NORTH_WEST
LGA_BE_OBI,Obi,ST_BE,SD_BE_SOUTH
LGA_BE_OGBADIBO,Ogbadibo,ST_BE,SD_BE_SOUTH
LGA_BE_OHIMINI,Ohimini,ST_BE,SD_BE_SOUTH
LGA_BE_OJU,Oju,ST_BE,SD_BE_SOUTH
LGA_BE_OKPOKWU,Okpokwu,ST_BE,SD_BE_SOUTH
LGA_BE_OTUKPO,Otukpo,ST_BE,SD_BE_SOUTH
LGA_BE_TARKA,Tarka,ST_BE,SD_BE_NORTH_WEST
LGA_BE_UKUM,Ukum,ST_BE,SD_BE_NORTH_EAST
LGA_BE_USHONGO,Ushongo,ST_BE,SD_BE_NORTH_EAST
LGA_BE_VANDEIKYA,Vandeikya,ST_BE,SD_BE_NORTH_EAST
,,,
LGA_KO_ADAVI,Adavi,ST_KO,SD_KO_CENTRAL
LGA_KO_AJAOKUTA,Ajaokuta,ST_KO,SD_KO_CENTRAL
LGA_KO_ANKPA,Ankpa,ST_KO,SD_KO_EAST
LGA_KO_BASSA,Bassa,ST_KO,SD_KO_WEST
LGA_KO_DEKINA,Dekina,ST_KO,SD_KO_EAST
LGA_KO_IBAJI,Ibaji,ST_KO,SD_KO_EAST
LGA_KO_IDAH,Idah,ST_KO,SD_KO_EAST
LGA_KO_IGALAMELA,Igala-Mela/Odolu,ST_KO,SD_KO_EAST
LGA_KO_IJUMU,Ijumu,ST_KO,SD_KO_WEST
LGA_KO_KABBA_BUNU,Kabba/Bunu,ST_KO,SD_KO_WEST
LGA_KO_KOGI,Kogi,ST_KO,SD_KO_WEST
LGA_KO_LOKOJA,Lokoja,ST_KO,SD_KO_WEST
LGA_KO_MOPA_AMURO,Mopa-Muro,ST_KO,SD_KO_WEST
LGA_KO_OFU,Ofu,ST_KO,SD_KO_EAST
LGA_KO_OGORI_MAGONGO,Ogori/Magongo,ST_KO,SD_KO_CENTRAL
LGA_KO_OKEHI,Okehi,ST_KO,SD_KO_CENTRAL
LGA_KO_OKENE,Okene,ST_KO,SD_KO_CENTRAL
LGA_KO_OLAMABORO,Olamaboro,ST_KO,SD_KO_EAST
LGA_KO_OMALA,Omala,ST_KO,SD_KO_EAST
LGA_KO_YAGBA_EAST,Yagba East,ST_KO,SD_KO_WEST
LGA_KO_YAGBA_WEST,Yagba West,ST_KO,SD_KO_WEST
,,,
LGA_FC_ABAJI,Abaji,ST_FC,SD_FC
LGA_FC_AMAC,Abuja Municipal,ST_FC,SD_FC
LGA_FC_BWARI,Bwari,ST_FC,SD_FC
LGA_FC_GWAGWALADA,Gwagwalada,ST_FC,SD_FC
LGA_FC_KUJE,Kuje,ST_FC,SD_FC
LGA_FC_KWALI,Kwali,ST_FC,SD_FC
,,,
LGA_KW_ASA,Asa,ST_KW,SD_KW_CENTRAL
LGA_KW_BARUTEN,Baruten,ST_KW,SD_KW_NORTH
LGA_KW_EDU,Edu,ST_KW,SD_KW_NORTH
LGA_KW_EKITI,Ekiti,ST_KW,SD_KW_SOUTH
LGA_KW_IFELODUN,Ife lodun,ST_KW,SD_KW_SOUTH
LGA_KW_ILORIN_EAST,Ilorin East,ST_KW,SD_KW_CENTRAL
LGA_KW_ILORIN_SOUTH,Ilorin South,ST_KW,SD_KW_CENTRAL
LGA_KW_ILORIN_WEST,Ilorin West,ST_KW,SD_KW_CENTRAL
LGA_KW_IREPODUN,Irepodun,ST_KW,SD_KW_SOUTH
LGA_KW_ISIN,Isin,ST_KW,SD_KW_SOUTH
LGA_KW_KAIAMA,Kaiama,ST_KW,SD_KW_NORTH
LGA_KW_MORO,Moro,ST_KW,SD_KW_CENTRAL
LGA_KW_OFFA,Offa,ST_KW,SD_KW_SOUTH
LGA_KW_OKE_ERO,Oke-Ero,ST_KW,SD_KW_SOUTH
LGA_KW_OLORUNDA,Olorunda,ST_KW,SD_KW_CENTRAL
LGA_KW_PATIGI,Patigi,ST_KW,SD_KW_NORTH
,,,
LGA_NA_AKWANGA,Akwanga,ST_NA,SD_NA_NORTH
LGA_NA_AWE,Awe,ST_NA,SD_NA_SOUTH
LGA_NA_DOMA,Doma,ST_NA,SD_NA_SOUTH
LGA_NA_KEANA,Keana,ST_NA,SD_NA_SOUTH
LGA_NA_KEFFI,Keffi,ST_NA,SD_NA_WEST
LGA_NA_KOKONA,Kokona,ST_NA,SD_NA_WEST
LGA_NA_LAFIA,Lafia,ST_NA,SD_NA_SOUTH
LGA_NA_NASARAWA,Nasarawa,ST_NA,SD_NA_WEST
LGA_NA_NASARAWA_EGGON,Nasarawa Eggon,ST_NA,SD_NA_NORTH
LGA_NA_OBI,Obi,ST_NA,SD_NA_SOUTH
LGA_NA_TOTO,Toto,ST_NA,SD_NA_WEST
LGA_NA_WAMBA,Wamba,ST_NA,SD_NA_NORTH
LGA_NA_KARU,Karu,ST_NA,SD_NA_WEST
,,,
LGA_NI_AGAIE,Agaie,ST_NI,SD_NI_SOUTH
LGA_NI_AGWARA,Agwara,ST_NI,SD_NI_NORTH
LGA_NI_BIDA,Bida,ST_NI,SD_NI_SOUTH
LGA_NI_BORGU,Borgu,ST_NI,SD_NI_NORTH
LGA_NI_BOSSO,Bosso,ST_NI,SD_NI_EAST
LGA_NI_CHANCHAGA,Chanchaga,ST_NI,SD_NI_EAST
LGA_NI_EDATI,Edati,ST_NI,SD_NI_NORTH
LGA_NI_GBAKO,Gbako,ST_NI,SD_NI_SOUTH
LGA_NI_GURARA,Gurara,ST_NI,SD_NI_EAST
LGA_NI_KATCHA,Katcha,ST_NI,SD_NI_SOUTH
LGA_NI_KONTAGORA,Kontagora,ST_NI,SD_NI_NORTH
LGA_NI_LAPAI,Lapai,ST_NI,SD_NI_EAST
LGA_NI_LAVUN,Lavun,ST_NI,SD_NI_SOUTH
LGA_NI_MAGAMA,Magama,ST_NI,SD_NI_NORTH
LGA_NI_MARIGA,Mariga,ST_NI,SD_NI_NORTH
LGA_NI_MASHEGU,Mashegu,ST_NI,SD_NI_NORTH
LGA_NI_MOKWA,Mokwa,ST_NI,SD_NI_NORTH
LGA_NI_MUYA,Muya,ST_NI,SD_NI_EAST
LGA_NI_PAIKORO,Paikoro,ST_NI,SD_NI_EAST
LGA_NI_RAFI,Rafi,ST_NI,SD_NI_NORTH
LGA_NI_RIJAU,Rijau,ST_NI,SD_NI_NORTH
LGA_NI_SHIRORO,Shiroro,ST_NI,SD_NI_EAST
LGA_NI_SULEJA,Suleja,ST_NI,SD_NI_EAST
LGA_NI_TAFA,Tafa,ST_NI,SD_NI_EAST
LGA_NI_WUSHISHI,Wushishi,ST_NI,SD_NI_SOUTH
,,,
LGA_PL_BARKIN_LADI,Barkin Ladi,ST_PL,SD_PL_CENTRAL
LGA_PL_BASSA,Bassa,ST_PL,SD_PL_NORTH
LGA_PL_BOKKOS,Bokkos,ST_PL,SD_PL_NORTH
LGA_PL_JOS_EAST,Jos East,ST_PL,SD_PL_NORTH
LGA_PL_JOS_NORTH,Jos North,ST_PL,SD_PL_NORTH
LGA_PL_JOS_SOUTH,Jos South,ST_PL,SD_PL_NORTH
LGA_PL_KANAM,Kanam,ST_PL,SD_PL_SOUTH
LGA_PL_KANKE,Kanke,ST_PL,SD_PL_CENTRAL
LGA_PL_LANGTANG_NORTH,Langtang North,ST_PL,SD_PL_SOUTH
LGA_PL_LANGTANG_SOUTH,Langtang South,ST_PL,SD_PL_SOUTH
LGA_PL_MANGU,Mangu,ST_PL,SD_PL_CENTRAL
LGA_PL_MIKANG,Mikang,ST_PL,SD_PL_SOUTH
LGA_PL_PANKSHIN,Pankshin,ST_PL,SD_PL_CENTRAL
LGA_PL_QUAAN_PAN,Qua'an Pan,ST_PL,SD_PL_SOUTH
LGA_PL_RIYOM,Riyom,ST_PL,SD_PL_CENTRAL
LGA_PL_SHENDAM,Shendam,ST_PL,SD_PL_SOUTH
LGA_PL_WASE,Wase,ST_PL,SD_PL_SOUTH
,,,
LGA_LA_AGEGE,Agege,ST_LA,SD_LA_WEST
LGA_LA_AJEROMI_IFELODUN,Ajeromi-Ifelodun,ST_LA,SD_LA_WEST
LGA_LA_ALIMOSHO,Alimosho,ST_LA,SD_LA_WEST
LGA_LA_AMUWO_ODOFIN,Amuwo-Odofin,ST_LA,SD_LA_WEST
LGA_LA_APAPA,Apapa,ST_LA,SD_LA_WEST
LGA_LA_BADAGRY,Badagry,ST_LA,SD_LA_WEST
LGA_LA_EPE,Epe,ST_LA,SD_LA_EAST
LGA_LA_ETI_OSA,Eti-Osa,ST_LA,SD_LA_EAST
LGA_LA_IKEJA,Ikeja,ST_LA,SD_LA_CENTRAL
LGA_LA_IFAKO_IJAYE,Ifako-Ijaiye,ST_LA,SD_LA_WEST
LGA_LA_IKORODU,Ikorodu,ST_LA,SD_LA_EAST
LGA_LA_KOSOFE,Kosofe,ST_LA,SD_LA_EAST
LGA_LA_LAGOS_ISLAND,Lagos Island,ST_LA,SD_LA_CENTRAL
LGA_LA_LAGOS_MAINLAND,Lagos Mainland,ST_LA,SD_LA_CENTRAL
LGA_LA_MUSHIN,Mushin,ST_LA,SD_LA_CENTRAL
LGA_LA_OJO,Ojo,ST_LA,SD_LA_WEST
LGA_LA_OSHODI_ISOLO,Oshodi-Isolo,ST_LA,SD_LA_CENTRAL
LGA_LA_SHOMOLU,Shomolu,ST_LA,SD_LA_EAST
LGA_LA_SURULERE,Surulere,ST_LA,SD_LA_CENTRAL
LGA_LA_IBEJU_LEKKI,Ibeju-Lekki,ST_LA,SD_LA_EAST
,,,
LGA_OG_ABEOKUTA_NORTH,Abeokuta North,ST_OG,SD_OG_CENTRAL
LGA_OG_ABEOKUTA_SOUTH,Abeokuta South,ST_OG,SD_OG_CENTRAL
LGA_OG_AJEGUNLE,Ajegunle,ST_OG,SD_OG_CENTRAL
LGA_OG_EGBADO_NORTH,Egbado North,ST_OG,SD_OG_WEST
LGA_OG_EGBADO_SOUTH,Egbado South,ST_OG,SD_OG_WEST
LGA_OG_EWEKORO,Ewekoro,ST_OG,SD_OG_CENTRAL
LGA_OG_IFO,Ifo,ST_OG,SD_OG_CENTRAL
LGA_OG_IJEBU_EAST,Ijebu East,ST_OG,SD_OG_EAST
LGA_OG_IJEBU_NORTH,Ijebu North,ST_OG,SD_OG_EAST
LGA_OG_IJEBU_NORTH_EAST,Ijebu North East,ST_OG,SD_OG_EAST
LGA_OG_IJEBU_ODE,Ijebu Ode,ST_OG,SD_OG_EAST
LGA_OG_IKENNE,Ikenne,ST_OG,SD_OG_EAST
LGA_OG_IMEKO_AFON,Imeko-Afon,ST_OG,SD_OG_WEST
LGA_OG_IPOKIA,Ipokia,ST_OG,SD_OG_WEST
LGA_OG_OBAFEMI_OWODE,Obafemi-Owode,ST_OG,SD_OG_CENTRAL
LGA_OG_ODOGBOLU,Odogbolu,ST_OG,SD_OG_EAST
LGA_OG_ODOEDA,Odoeda,ST_OG,SD_OG_CENTRAL
LGA_OG_OGUN_WATERSIDE,Ogun Waterside,ST_OG,SD_OG_EAST
LGA_OG_REMO_NORTH,Remo North,ST_OG,SD_OG_EAST
LGA_OG_SAGAMU,Sagamu,ST_OG,SD_OG_EAST
,,,
LGA_OY_AFIJIO,Afijio,ST_OY,SD_OY_NORTH
LGA_OY_AKINYELE,Akinyele,ST_OY,SD_OY_CENTRAL
LGA_OY_ATIBA,Atiba,ST_OY,SD_OY_NORTH
LGA_OY_ATISBO,Atisbo,ST_OY,SD_OY_NORTH
LGA_OY_EGBEDA,Egbeda,ST_OY,SD_OY_CENTRAL
LGA_OY_IBADAN_NORTH,Ibadan North,ST_OY,SD_OY_CENTRAL
LGA_OY_IBADAN_NORTH_EAST,Ibadan North-East,ST_OY,SD_OY_CENTRAL
LGA_OY_IBADAN_NORTH_WEST,Ibadan North-West,ST_OY,SD_OY_CENTRAL
LGA_OY_IBADAN_SOUTH_EAST,Ibadan South-East,ST_OY,SD_OY_CENTRAL
LGA_OY_IBADAN_SOUTH_WEST,Ibadan South-West,ST_OY,SD_OY_CENTRAL
LGA_OY_IBARAPA_CENTRAL,Ibarapa Central,ST_OY,SD_OY_SOUTH
LGA_OY_IBARAPA_EAST,Ibarapa East,ST_OY,SD_OY_SOUTH
LGA_OY_IBARAPA_NORTH,Ibarapa North,ST_OY,SD_OY_SOUTH
LGA_OY_IDO,Ido,ST_OY,SD_OY_CENTRAL
LGA_OY_IREPO,Irepo,ST_OY,SD_OY_NORTH
LGA_OY_ISEYIN,Iseyin,ST_OY,SD_OY_NORTH
LGA_OY_ITESIWAJU,Itesiwaju,ST_OY,SD_OY_NORTH
LGA_OY_IWAJOWA,Iwajowa,ST_OY,SD_OY_NORTH
LGA_OY_KAJOLA,Kajola,ST_OY,SD_OY_NORTH
LGA_OY_LAGELU,Lagelu,ST_OY,SD_OY_CENTRAL
LGA_OY_OGBOMOSO_NORTH,Ogbomoso North,ST_OY,SD_OY_NORTH
LGA_OY_OGBOMOSO_SOUTH,Ogbomoso South,ST_OY,SD_OY_NORTH
LGA_OY_OGO_OLUWA,Ogo Oluwa,ST_OY,SD_OY_NORTH
LGA_OY_OLORUNSOGO,Olorunsogo,ST_OY,SD_OY_CENTRAL
LGA_OY_OLUYOLE,Oluyole,ST_OY,SD_OY_CENTRAL
LGA_OY_ONA_ARA,Ona Ara,ST_OY,SD_OY_CENTRAL
LGA_OY_ORELOPE,Oorelope,ST_OY,SD_OY_NORTH
LGA_OY_ORIRE,Orire,ST_OY,SD_OY_NORTH
LGA_OY_OYO_EAST,Oyo East,ST_OY,SD_OY_NORTH
LGA_OY_OYO_WEST,Oyo West,ST_OY,SD_OY_NORTH
LGA_OY_SAKI_EAST,Saki East,ST_OY,SD_OY_NORTH
LGA_OY_SAKI_WEST,Saki West,ST_OY,SD_OY_NORTH
LGA_OY_SURULERE,Surulere,ST_OY,SD_OY_NORTH
,,,
LGA_OS_ATAKUMOSA_EAST,Atakunmosa East,ST_OS,SD_OS_EAST
LGA_OS_ATAKUMOSA_WEST,Atakunmosa West,ST_OS,SD_OS_EAST
LGA_OS_AYEDAADE,Ayedade,ST_OS,SD_OS_WEST
LGA_OS_AYEDIRE,Ayedire,ST_OS,SD_OS_WEST
LGA_OS_BOLUWADURO,Boluwaduro,ST_OS,SD_OS_CENTRAL
LGA_OS_BORIPE,Boripe,ST_OS,SD_OS_CENTRAL
LGA_OS_EDE_NORTH,Ede North,ST_OS,SD_OS_WEST
LGA_OS_EDE_SOUTH,Ede South,ST_OS,SD_OS_WEST
LGA_OS_EGBEDORE,Egbedore,ST_OS,SD_OS_CENTRAL
LGA_OS_EJIGBO,Ejigbo,ST_OS,SD_OS_WEST
LGA_OS_IFE_CENTRAL,Ife Central,ST_OS,SD_OS_EAST
LGA_OS_IFE_EAST,Ife East,ST_OS,SD_OS_EAST
LGA_OS_IFE_NORTH,Ife North,ST_OS,SD_OS_EAST
LGA_OS_IFE_SOUTH,Ife South,ST_OS,SD_OS_EAST
LGA_OS_IFEDAYO,Ifedayo,ST_OS,SD_OS_WEST
LGA_OS_IFELODUN,Ifelodun,ST_OS,SD_OS_WEST
LGA_OS_ILA,Ila,ST_OS,SD_OS_CENTRAL
LGA_OS_ILESHA_EAST,Ilesa East,ST_OS,SD_OS_EAST
LGA_OS_ILESHA_WEST,Ilesa West,ST_OS,SD_OS_EAST
LGA_OS_IREPODUN,Irepodun,ST_OS,SD_OS_WEST
LGA_OS_IREWOLE,Irewole,ST_OS,SD_OS_WEST
LGA_OS_ISOKAN,Isokan,ST_OS,SD_OS_WEST
LGA_OS_IWO,Iwo,ST_OS,SD_OS_WEST
LGA_OS_OBOKUN,Obokun,ST_OS,SD_OS_EAST
LGA_OS_ODO_OTIN,Odo-Otin,ST_OS,SD_OS_CENTRAL
LGA_OS_OLA_OLUWA,Ola-Oluwa,ST_OS,SD_OS_WEST
LGA_OS_OLORUNDA,Olorunda,ST_OS,SD_OS_CENTRAL
LGA_OS_ORIADE,Oriade,ST_OS,SD_OS_EAST
LGA_OS_OROLU,Orolu,ST_OS,SD_OS_CENTRAL
LGA_OS_OSOGBO,Osogbo,ST_OS,SD_OS_CENTRAL
,,,
LGA_ON_AKOKO_NORTH_EAST,Akoko North-East,ST_ON,SD_ON_NORTH
LGA_ON_AKOKO_NORTH_WEST,Akoko North-West,ST_ON,SD_ON_NORTH
LGA_ON_AKOKO_SOUTH_EAST,Akoko South-East,ST_ON,SD_ON_NORTH
LGA_ON_AKOKO_SOUTH_WEST,Akoko South-West,ST_ON,SD_ON_NORTH
LGA_ON_AKURE_NORTH,Akure North,ST_ON,SD_ON_CENTRAL
LGA_ON_AKURE_SOUTH,Akure South,ST_ON,SD_ON_CENTRAL
LGA_ON_ESE_ODO,Ese-Odo,ST_ON,SD_ON_SOUTH
LGA_ON_IDANRE,Idanre,ST_ON,SD_ON_CENTRAL
LGA_ON_IFEDORE,Ifedore,ST_ON,SD_ON_CENTRAL
LGA_ON_ILE_OLUJI,Ile-Oluji/Okeigbo,ST_ON,SD_ON_CENTRAL
LGA_ON_ILAJE,Ilaje,ST_ON,SD_ON_SOUTH
LGA_ON_IRELE,Irele,ST_ON,SD_ON_SOUTH
LGA_ON_ODIGBO,Odigbo,ST_ON,SD_ON_SOUTH
LGA_ON_OKITIPUPA,Okitipupa,ST_ON,SD_ON_SOUTH
LGA_ON_ONDO_EAST,Ondo East,ST_ON,SD_ON_CENTRAL
LGA_ON_ONDO_WEST,Ondo West,ST_ON,SD_ON_CENTRAL
LGA_ON_OWO,Owo,ST_ON,SD_ON_NORTH
LGA_ON_OSE,Ose,ST_ON,SD_ON_NORTH
,,,
LGA_EK_ADO_EKITI,Ado Ekiti,ST_EK,SD_EK_CENTRAL
LGA_EK_EFON,Efon,ST_EK,SD_EK_SOUTH
LGA_EK_EKITI_EAST,Ekiti East,ST_EK,SD_EK_SOUTH
LGA_EK_EKITI_WEST,Ekiti West,ST_EK,SD_EK_SOUTH
LGA_EK_EMURE,Emure,ST_EK,SD_EK_SOUTH
LGA_EK_GBONYIN,Gbonyin,ST_EK,SD_EK_SOUTH
LGA_EK_IDO_OSI,Ido-Osi,ST_EK,SD_EK_CENTRAL
LGA_EK_IJERO,Ijero,ST_EK,SD_EK_CENTRAL
LGA_EK_IKOLE,Ikole,ST_EK,SD_EK_NORTH
LGA_EK_ILEJEMEJE,Ilejemeje,ST_EK,SD_EK_NORTH
LGA_EK_IREPODUN_IFELODUN,Irepodun/Ifelodun,ST_EK,SD_EK_CENTRAL
LGA_EK_ISE_ORUN,Ise/Orun,ST_EK,SD_EK_CENTRAL
LGA_EK_MOBA,Moba,ST_EK,SD_EK_NORTH
LGA_EK_OYE,Oye,ST_EK,SD_EK_NORTH
LGA_EK_IKERE,Ikere,ST_EK,SD_EK_SOUTH
LGA_EK_OSE,Ose,ST_EK,SD_EK_NORTH
,,,
LGA_AK_ABAK,Abak,ST_AK,SD_AK_NORTH_WEST
LGA_AK_EASTERN_OBOLO,Eastern Obolo,ST_AK,SD_AK_SOUTH
LGA_AK_EKET,Eket,ST_AK,SD_AK_SOUTH
LGA_AK_ESIT_EKET,Esit Eket,ST_AK,SD_AK_SOUTH
LGA_AK_ESSIEN_UDIM,Essien Udim,ST_AK,SD_AK_NORTH_WEST
LGA_AK_ETIM_EKPO,Etim Ekpo,ST_AK,SD_AK_NORTH_WEST
LGA_AK_ETINAN,Etinan,ST_AK,SD_AK_NORTH_EAST
LGA_AK_IBENO,Ibeno,ST_AK,SD_AK_SOUTH
LGA_AK_IBESIKPO_ASUTAN,Ibesikpo Asutan,ST_AK,SD_AK_NORTH_EAST
LGA_AK_IBIONO_IBOM,Ibiono Ibom,ST_AK,SD_AK_NORTH_WEST
LGA_AK_IKA,Ika,ST_AK,SD_AK_NORTH_WEST
LGA_AK_IKONO,Ikono,ST_AK,SD_AK_NORTH_EAST
LGA_AK_IKOT_ABASI,Ikot Abasi,ST_AK,SD_AK_SOUTH
LGA_AK_IKOT_EKPENE,Ikot Ekpene,ST_AK,SD_AK_NORTH_WEST
LGA_AK_INI,Ini,ST_AK,SD_AK_NORTH_EAST
LGA_AK_ITU,Itu,ST_AK,SD_AK_NORTH_EAST
LGA_AK_MBO,Mbo,ST_AK,SD_AK_SOUTH
LGA_AK_MKPA_ENIN,Mkpat Enin,ST_AK,SD_AK_SOUTH
LGA_AK_NSIT_ATAI,Nsit Atai,ST_AK,SD_AK_NORTH_EAST
LGA_AK_NSIT_IBOM,Nsit Ibom,ST_AK,SD_AK_NORTH_EAST
LGA_AK_NSIT_UBIUM,Nsit Ubium,ST_AK,SD_AK_SOUTH
LGA_AK_OBOT_AKARA,Obot Akara,ST_AK,SD_AK_NORTH_WEST
LGA_AK_OKOBO,Okobo,ST_AK,SD_AK_SOUTH
LGA_AK_ONNA,Onna,ST_AK,SD_AK_SOUTH
LGA_AK_ORON,Oron,ST_AK,SD_AK_SOUTH
LGA_AK_ORUK_ANAM,Oruk Anam,ST_AK,SD_AK_NORTH_WEST
LGA_AK_UDUNG_UKO,Udung-Uko,ST_AK,SD_AK_SOUTH
LGA_AK_UKANA_FUNUK,Ukanafun,ST_AK,SD_AK_NORTH_WEST
LGA_AK_UQUO,Uruan,ST_AK,SD_AK_NORTH_EAST
LGA_AK_URUE_OFFONG,Urue-Offong/Oruko,ST_AK,SD_AK_SOUTH
LGA_AK_UYO,Uyo,ST_AK,SD_AK_NORTH_EAST
,,,
LGA_BY_BRASS,Brass,ST_BY,SD_BY_EAST
LGA_BY_EKEREMOR,Ekeremor,ST_BY,SD_BY_WEST
LGA_BY_KOLUKUMA_OPOKUMA,Kolokuma/Opokuma,ST_BY,SD_BY_CENTRAL
LGA_BY_NEMBE,Nembe,ST_BY,SD_BY_EAST
LGA_BY_OGBIA,Ogbia,ST_BY,SD_BY_EAST
LGA_BY_SAGBAMA,Sagbama,ST_BY,SD_BY_WEST
LGA_BY_SOUTHERN_IJAW,Southern Ijaw,ST_BY,SD_BY_CENTRAL
LGA_BY_YENAGOA,Yenagoa,ST_BY,SD_BY_CENTRAL
,,,
LGA_CR_ABI,Abi,ST_CR,SD_CR_CENTRAL
LGA_CR_AKAMKPA,Akamkpa,ST_CR,SD_CR_SOUTH
LGA_CR_AKPABUYO,Akpabuyo,ST_CR,SD_CR_SOUTH
LGA_CR_BAKASSI,Bakassi,ST_CR,SD_CR_SOUTH
LGA_CR_BEKWARRA,Bekwarra,ST_CR,SD_CR_NORTH
LGA_CR_BIASE,Biase,ST_CR,SD_CR_CENTRAL
LGA_CR_BOKI,Boki,ST_CR,SD_CR_NORTH
LGA_CR_CALABAR_MUNICIPAL,Calabar Municipal,ST_CR,SD_CR_SOUTH
LGA_CR_CALABAR_SOUTH,Calabar South,ST_CR,SD_CR_SOUTH
LGA_CR_ETUNG,Etung,ST_CR,SD_CR_NORTH
LGA_CR_IKOM,Ikom,ST_CR,SD_CR_CENTRAL
LGA_CR_OBANLIKU,Obanliku,ST_CR,SD_CR_NORTH
LGA_CR_OBUBRA,Obubra,ST_CR,SD_CR_CENTRAL
LGA_CR_OBUDU,Obudu,ST_CR,SD_CR_NORTH
LGA_CR_ODUKPANI,Odukpani,ST_CR,SD_CR_CENTRAL
LGA_CR_OGOJA,Ogoja,ST_CR,SD_CR_NORTH
LGA_CR_YAKURR,Yakurr,ST_CR,SD_CR_CENTRAL
LGA_CR_YALA,Yala,ST_CR,SD_CR_NORTH
,,,
LGA_DE_ANIOCHA_NORTH,Aniocha North,ST_DE,SD_DE_NORTH
LGA_DE_ANIOCHA_SOUTH,Aniocha South,ST_DE,SD_DE_NORTH
LGA_DE_BOMADI,Bomadi,ST_DE,SD_DE_SOUTH
LGA_DE_BURUTU,Burutu,ST_DE,SD_DE_SOUTH
LGA_DE_ETHIOPE_EAST,Ethiope East,ST_DE,SD_DE_CENTRAL
LGA_DE_ETHIOPE_WEST,Ethiope West,ST_DE,SD_DE_CENTRAL
LGA_DE_IKA_NORTH_EAST,Ika North East,ST_DE,SD_DE_NORTH
LGA_DE_IKA_SOUTH,Ika South,ST_DE,SD_DE_NORTH
LGA_DE_ISOKO_NORTH,Isoko North,ST_DE,SD_DE_CENTRAL
LGA_DE_ISOKO_SOUTH,Isoko South,ST_DE,SD_DE_CENTRAL
LGA_DE_NDOKWA_EAST,Ndokwa East,ST_DE,SD_DE_NORTH
LGA_DE_NDOKWA_WEST,Ndokwa West,ST_DE,SD_DE_NORTH
LGA_DE_OKPE,Okpe,ST_DE,SD_DE_CENTRAL
LGA_DE_OSHIMILI_NORTH,Oshimili North,ST_DE,SD_DE_NORTH
LGA_DE_OSHIMILI_SOUTH,Oshimili South,ST_DE,SD_DE_NORTH
LGA_DE_PATANI,Patani,ST_DE,SD_DE_SOUTH
LGA_DE_SAPELE,Sapele,ST_DE,SD_DE_CENTRAL
LGA_DE_UGHELLI_NORTH,Ughelli North,ST_DE,SD_DE_CENTRAL
LGA_DE_UGHELLI_SOUTH,Ughelli South,ST_DE,SD_DE_CENTRAL
LGA_DE_UKWUANI,Ukwuani,ST_DE,SD_DE_NORTH
LGA_DE_UVIE,Uvwie,ST_DE,SD_DE_CENTRAL
LGA_DE_WARRI_NORTH,Warri North,ST_DE,SD_DE_SOUTH
LGA_DE_WARRI_SOUTH,Warri South,ST_DE,SD_DE_SOUTH
LGA_DE_WARRI_SOUTH_WEST,Warri South-West,ST_DE,SD_DE_SOUTH
LGA_DE_OKOPE,Okpe South,ST_DE,SD_DE_CENTRAL
,,,
LGA_ED_AKOKO_EDO,Akoko-Edo,ST_ED,SD_ED_NORTH
LGA_ED_EGOR,Egor,ST_ED,SD_ED_CENTRAL
LGA_ED_ESAN_CENTRAL,Esan Central,ST_ED,SD_ED_CENTRAL
LGA_ED_ESAN_NORTH_EAST,Esan North-East,ST_ED,SD_ED_CENTRAL
LGA_ED_ESAN_SOUTH_EAST,Esan South-East,ST_ED,SD_ED_CENTRAL
LGA_ED_ESAN_WEST,Esan West,ST_ED,SD_ED_CENTRAL
LGA_ED_ETSAKO_CENTRAL,Etsako Central,ST_ED,SD_ED_NORTH
LGA_ED_ETSAKO_EAST,Etsako East,ST_ED,SD_ED_NORTH
LGA_ED_ETSAKO_WEST,Etsako West,ST_ED,SD_ED_NORTH
LGA_ED_IGUEBEN,Igueben,ST_ED,SD_ED_CENTRAL
LGA_ED_IKPOBA_OKHA,Ikpoba-Okha,ST_ED,SD_ED_SOUTH
LGA_ED_ORHIONMWON,Orhionmwon,ST_ED,SD_ED_SOUTH
LGA_ED_OWAN_EAST,Owan East,ST_ED,SD_ED_NORTH
LGA_ED_OWAN_WEST,Owan West,ST_ED,SD_ED_NORTH
LGA_ED_OVE_EAST,Ovia North-East,ST_ED,SD_ED_SOUTH
LGA_ED_OVE_WEST,Ovia South-West,ST_ED,SD_ED_SOUTH
LGA_ED_UDO,Uhunnmwonde,ST_ED,SD_ED_SOUTH
LGA_ED_OREDO,Oredo,ST_ED,SD_ED_SOUTH
,,,
LGA_RI_ABUA_ODUAL,Abua/Odual,ST_RI,SD_RI_WEST
LGA_RI_AHOADA_EAST,Ahoada East,ST_RI,SD_RI_WEST
LGA_RI_AHOADA_WEST,Ahoada West,ST_RI,SD_RI_WEST
LGA_RI_AKUKU_TORU,Akuku-Toru,ST_RI,SD_RI_WEST
LGA_RI_ANDONI,Andoni,ST_RI,SD_RI_SOUTH_EAST
LGA_RI_ASARI_TORU,Asari-Toru,ST_RI,SD_RI_WEST
LGA_RI_BONNY,Bonny,ST_RI,SD_RI_SOUTH_EAST
LGA_RI_DEGEMA,Degema,ST_RI,SD_RI_WEST
LGA_RI_ELEME,Eleme,ST_RI,SD_RI_SOUTH_EAST
LGA_RI_EMOHUA,Emohua,ST_RI,SD_RI_EAST
LGA_RI_ETCHE,Etche,ST_RI,SD_RI_EAST
LGA_RI_GOKANA,Gokana,ST_RI,SD_RI_SOUTH_EAST
LGA_RI_IKWERRE,Ikwerre,ST_RI,SD_RI_EAST
LGA_RI_KHANA,Khana,ST_RI,SD_RI_SOUTH_EAST
LGA_RI_OBIO_AKPOR,Obio-Akpor,ST_RI,SD_RI_EAST
LGA_RI_OGBA_EGBEMA_NDONI,Ogba/Egbema/Ndoni,ST_RI,SD_RI_WEST
LGA_RI_OGU_BOLO,Ogu/Bolo,ST_RI,SD_RI_SOUTH_EAST
LGA_RI_OKRIKA,Okrika,ST_RI,SD_RI_SOUTH_EAST
LGA_RI_OMUMA,Omuma,ST_RI,SD_RI_EAST
LGA_RI_OPobo_NKORO,Opobo/Nkoro,ST_RI,SD_RI_SOUTH_EAST
LGA_RI_OYIGBO,Oyigbo,ST_RI,SD_RI_EAST
LGA_RI_PORT_HARCOURT,Port Harcourt,ST_RI,SD_RI_EAST
LGA_RI_TAI,Tai,ST_RI,SD_RI_SOUTH_EAST
,,,
LGA_AB_ABA_NORTH,Aba North,ST_AB,SD_AB_SOUTH
LGA_AB_ABA_SOUTH,Aba South,ST_AB,SD_AB_SOUTH
LGA_AB_AROCHUKWU,Arochukwu,ST_AB,SD_AB_NORTH
LGA_AB_BENDE,Bende,ST_AB,SD_AB_NORTH
LGA_AB_IKWUANO,Ikwuano,ST_AB,SD_AB_CENTRAL
LGA_AB_ISIALA_NGWA_NORTH,Isiala Ngwa North,ST_AB,SD_AB_CENTRAL
LGA_AB_ISIALA_NGWA_SOUTH,Isiala Ngwa South,ST_AB,SD_AB_CENTRAL
LGA_AB_ISUIKWUATO,Isuikwuato,ST_AB,SD_AB_NORTH
LGA_AB_OBINGWA,Obingwa,ST_AB,SD_AB_SOUTH
LGA_AB_OSISIOMA,Osisioma Ngwa,ST_AB,SD_AB_SOUTH
LGA_AB_UGWUNAGBO,Ugwunagbo,ST_AB,SD_AB_SOUTH
LGA_AB_UKWA_EAST,Ukwa East,ST_AB,SD_AB_SOUTH
LGA_AB_UKWA_WEST,Ukwa West,ST_AB,SD_AB_SOUTH
LGA_AB_UMUAHIA_NORTH,Umuahia North,ST_AB,SD_AB_CENTRAL
LGA_AB_UMUAHIA_SOUTH,Umuahia South,ST_AB,SD_AB_CENTRAL
LGA_AB_UMUNNEOCHI,Umunneochi,ST_AB,SD_AB_NORTH
LGA_AB_OHAFIA,Ohafia,ST_AB,SD_AB_NORTH
,,,
LGA_AN_AGUATA,Aguata,ST_AN,SD_AN_SOUTH
LGA_AN_ANAMBRA_EAST,Anambra East,ST_AN,SD_AN_NORTH
LGA_AN_ANAMBRA_WEST,Anambra West,ST_AN,SD_AN_NORTH
LGA_AN_ANAOCHA,Anaocha,ST_AN,SD_AN_CENTRAL
LGA_AN_AWKA_NORTH,Awka North,ST_AN,SD_AN_CENTRAL
LGA_AN_AWKA_SOUTH,Awka South,ST_AN,SD_AN_CENTRAL
LGA_AN_AYAMELUM,Ayamelum,ST_AN,SD_AN_NORTH
LGA_AN_DUNUKOFIA,Dunukofia,ST_AN,SD_AN_CENTRAL
LGA_AN_EKWUSIGO,Ekwusigo,ST_AN,SD_AN_SOUTH
LGA_AN_IDEMILI_NORTH,Idemili North,ST_AN,SD_AN_CENTRAL
LGA_AN_IDEMILI_SOUTH,Idemili South,ST_AN,SD_AN_CENTRAL
LGA_AN_IHIALA,Ihiala,ST_AN,SD_AN_SOUTH
LGA_AN_NJIKOKA,Njikoka,ST_AN,SD_AN_CENTRAL
LGA_AN_NNEWI_NORTH,Nnewi North,ST_AN,SD_AN_SOUTH
LGA_AN_NNEWI_SOUTH,Nnewi South,ST_AN,SD_AN_SOUTH
LGA_AN_OGBARU,Ogbaru,ST_AN,SD_AN_NORTH
LGA_AN_ONITSHA_NORTH,Onitsha North,ST_AN,SD_AN_NORTH
LGA_AN_ONITSHA_SOUTH,Onitsha South,ST_AN,SD_AN_NORTH
LGA_AN_ORUMBA_NORTH,Orumba North,ST_AN,SD_AN_SOUTH
LGA_AN_ORUMBA_SOUTH,Orumba South,ST_AN,SD_AN_SOUTH
LGA_AN_OYI,Oyi,ST_AN,SD_AN_NORTH
,,,
LGA_EB_ABAKALIKI,Abakaliki,ST_EB,SD_EB_NORTH
LGA_EB_AFIKPO_NORTH,Afikpo North,ST_EB,SD_EB_SOUTH
LGA_EB_AFIKPO_SOUTH,Afikpo South,ST_EB,SD_EB_SOUTH
LGA_EB_EBONYI,Ebonyi,ST_EB,SD_EB_CENTRAL
LGA_EB_EZZA_NORTH,Ezza North,ST_EB,SD_EB_CENTRAL
LGA_EB_EZZA_SOUTH,Ezza South,ST_EB,SD_EB_CENTRAL
LGA_EB_IKWO,Ikwo,ST_EB,SD_EB_NORTH
LGA_EB_ISHIELU,Ishielu,ST_EB,SD_EB_NORTH
LGA_EB_IZZI,Izzi,ST_EB,SD_EB_NORTH
LGA_EB_OHAUKWU,Ohaukwu,ST_EB,SD_EB_NORTH
LGA_EB_ONICHA,Onicha,ST_EB,SD_EB_SOUTH
LGA_EB_IVO,Ivo,ST_EB,SD_EB_SOUTH
LGA_EB_AFIKPO_WEST,Afikpo West,ST_EB,SD_EB_SOUTH
,,,
LGA_EN_ANINRI,Aninri,ST_EN,SD_EN_WEST
LGA_EN_AWGU,Awgu,ST_EN,SD_EN_WEST
LGA_EN_ENUGU_EAST,Enugu East,ST_EN,SD_EN_EAST
LGA_EN_ENUGU_NORTH,Enugu North,ST_EN,SD_EN_NORTH
LGA_EN_ENUGU_SOUTH,Enugu South,ST_EN,SD_EN_EAST
LGA_EN_EZEAGU,Ezeagu,ST_EN,SD_EN_WEST
LGA_EN_IGBO_ETITI,Igbo-Etiti,ST_EN,SD_EN_NORTH
LGA_EN_IGBO_EZE_NORTH,Igbo-Eze North,ST_EN,SD_EN_NORTH
LGA_EN_IGBO_EZE_SOUTH,Igbo-Eze South,ST_EN,SD_EN_NORTH
LGA_EN_ISI_UZO,Isi-Uzo,ST_EN,SD_EN_EAST
LGA_EN_NKANU_EAST,Nkanu East,ST_EN,SD_EN_EAST
LGA_EN_NKANU_WEST,Nkanu West,ST_EN,SD_EN_EAST
LGA_EN_NSUKKA,Nsukka,ST_EN,SD_EN_NORTH
LGA_EN_OJI_RIVER,Oji River,ST_EN,SD_EN_WEST
LGA_EN_UDENU,Udenu,ST_EN,SD_EN_NORTH
LGA_EN_UDI,Udi,ST_EN,SD_EN_WEST
LGA_EN_UZO_UWANI,Uzo-Uwani,ST_EN,SD_EN_NORTH
,,,
LGA_IM_AHIAZU_MBAISE,Ahiazu Mbaise,ST_IM,SD_IM_EAST
LGA_IM_EHIME_MBANO,Ehime Mbano,ST_IM,SD_IM_NORTH
LGA_IM_EZINIHITTE,Ezinihitte Mbaise,ST_IM,SD_IM_EAST
LGA_IM_IDEATO_NORTH,Ideato North,ST_IM,SD_IM_WEST
LGA_IM_IDEATO_SOUTH,Ideato South,ST_IM,SD_IM_WEST
LGA_IM_IHITTE_UBOMA,Ihitte/Uboma,ST_IM,SD_IM_NORTH
LGA_IM_IKEDURU,Ikeduru,ST_IM,SD_IM_EAST
LGA_IM_ISIALA_MBANO,Isiala Mbano,ST_IM,SD_IM_NORTH
LGA_IM_ISU,Isu,ST_IM,SD_IM_WEST
LGA_IM_MBAITOLI,Mbaitoli,ST_IM,SD_IM_EAST
LGA_IM_NGOR_OKPALA,Ngor Okpala,ST_IM,SD_IM_EAST
LGA_IM_NJABA,Njaba,ST_IM,SD_IM_WEST
LGA_IM_NKWERRE,Nkwerre,ST_IM,SD_IM_WEST
LGA_IM_NWANGELE,Nwangele,ST_IM,SD_IM_WEST
LGA_IM_OBOWO,Obowo,ST_IM,SD_IM_NORTH
LGA_IM_OGUTA,Oguta,ST_IM,SD_IM_WEST
LGA_IM_OHAJI_EGBEMA,Ohaji/Egbema,ST_IM,SD_IM_WEST
LGA_IM_OKIGWE,Okigwe,ST_IM,SD_IM_NORTH
LGA_IM_ONUIMO,Onuimo,ST_IM,SD_IM_NORTH
LGA_IM_ORLU,Orlu,ST_IM,SD_IM_WEST
LGA_IM_ORSU,Orsu,ST_IM,SD_IM_WEST
LGA_IM_ORU_EAST,Oru East,ST_IM,SD_IM_WEST
LGA_IM_ORU_WEST,Oru West,ST_IM,SD_IM_WEST
LGA_IM_OWERRI_MUNICIPAL,Owerri Municipal,ST_IM,SD_IM_EAST
LGA_IM_OWERRI_NORTH,Owerri North,ST_IM,SD_IM_EAST
LGA_IM_OWERRI_WEST,Owerri West,ST_IM,SD_IM_EAST
LGA_IM_UNUIMO,Unuimo,ST_IM,SD_IM_NORTH
,,,
LGA_AD_DEMSA,Demsa,ST_AD,SD_AD_SOUTH
LGA_AD_FUFORE,Fufore,ST_AD,SD_AD_CENTRAL
LGA_AD_GANYE,Ganye,ST_AD,SD_AD_SOUTH
LGA_AD_GIREI,Girei,ST_AD,SD_AD_CENTRAL
LGA_AD_GOMBI,Gombi,ST_AD,SD_AD_NORTH
LGA_AD_GUYUK,Guyuk,ST_AD,SD_AD_SOUTH
LGA_AD_HONG,Hong,ST_AD,SD_AD_NORTH
LGA_AD_JADA,Jada,ST_AD,SD_AD_SOUTH
LGA_AD_LAMURDE,Lamurde,ST_AD,SD_AD_SOUTH
LGA_AD_MADAGALI,Madagali,ST_AD,SD_AD_NORTH
LGA_AD_MAIHA,Maiha,ST_AD,SD_AD_NORTH
LGA_AD_MAYO_BELWA,Mayo-Belwa,ST_AD,SD_AD_SOUTH
LGA_AD_MICHIKA,Michika,ST_AD,SD_AD_NORTH
LGA_AD_MUBI_NORTH,Mubi North,ST_AD,SD_AD_NORTH
LGA_AD_MUBI_SOUTH,Mubi South,ST_AD,SD_AD_NORTH
LGA_AD_NUMAN,Numan,ST_AD,SD_AD_SOUTH
LGA_AD_SHELLENG,Shelleng,ST_AD,SD_AD_SOUTH
LGA_AD_SONG,Song,ST_AD,SD_AD_CENTRAL
LGA_AD_TOUngo,Toungo,ST_AD,SD_AD_SOUTH
LGA_AD_YOLA_NORTH,Yola North,ST_AD,SD_AD_CENTRAL
LGA_AD_YOLA_SOUTH,Yola South,ST_AD,SD_AD_CENTRAL
,,,
LGA_BA_ALKALERI,Alkaleri,ST_BA,SD_BA_SOUTH
LGA_BA_BAUCHI,Bauchi,ST_BA,SD_BA_CENTRAL
LGA_BA_BOGORO,Bogoro,ST_BA,SD_BA_SOUTH
LGA_BA_DAMBAM,Dambam,ST_BA,SD_BA_NORTH
LGA_BA_DARAZO,Darazo,ST_BA,SD_BA_NORTH
LGA_BA_DASS,Dass,ST_BA,SD_BA_CENTRAL
LGA_BA_GAMAWA,Gamawa,ST_BA,SD_BA_NORTH
LGA_BA_GANJUWA,Ganjuwa,ST_BA,SD_BA_CENTRAL
LGA_BA_GIADE,Giade,ST_BA,SD_BA_NORTH
LGA_BA_ITAS_GADAU,Itas/Gadau,ST_BA,SD_BA_NORTH
LGA_BA_JAMAARE,Jama'are,ST_BA,SD_BA_NORTH
LGA_BA_KATAGUM,Katagum,ST_BA,SD_BA_NORTH
LGA_BA_KIRFI,Kirfi,ST_BA,SD_BA_CENTRAL
LGA_BA_MISAU,Misau,ST_BA,SD_BA_NORTH
LGA_BA_NINGI,Ningi,ST_BA,SD_BA_CENTRAL
LGA_BA_SHIRA,Shira,ST_BA,SD_BA_NORTH
LGA_BA_TAFWA_BALewa,Tafawa-Balewa,ST_BA,SD_BA_SOUTH
LGA_BA_TORO,Toro,ST_BA,SD_BA_CENTRAL
LGA_BA_WARJI,Warji,ST_BA,SD_BA_NORTH
LGA_BA_ZAKI,Zaki,ST_BA,SD_BA_NORTH
,,,
LGA_BO_ABADAM,Abadam,ST_BO,SD_BO_NORTH
LGA_BO_ASKIRA_UBA,Askira/Uba,ST_BO,SD_BO_SOUTH
LGA_BO_BAMA,Bama,ST_BO,SD_BO_CENTRAL
LGA_BO_BAYO,Bayo,ST_BO,SD_BO_SOUTH
LGA_BO_BIU,Biu,ST_BO,SD_BO_SOUTH
LGA_BO_CHIBOK,Chibok,ST_BO,SD_BO_SOUTH
LGA_BO_DAMBOA,Damboa,ST_BO,SD_BO_CENTRAL
LGA_BO_DIFFA,Ngala,ST_BO,SD_BO_CENTRAL
LGA_BO_GUBIO,Gubio,ST_BO,SD_BO_NORTH
LGA_BO_GUZA,Nganzai,ST_BO,SD_BO_NORTH
LGA_BO_GWOZA,Gwoza,ST_BO,SD_BO_SOUTH
LGA_BO_HAWUL,Hawul,ST_BO,SD_BO_SOUTH
LGA_BO_JERE,Jere,ST_BO,SD_BO_CENTRAL
LGA_BO_KAGA,Kaga,ST_BO,SD_BO_CENTRAL
LGA_BO_KALA_BALGE,Kalabalge,ST_BO,SD_BO_CENTRAL
LGA_BO_KONDUGA,Konduga,ST_BO,SD_BO_CENTRAL
LGA_BO_KUKAWA,Kukawa,ST_BO,SD_BO_NORTH
LGA_BO_KWAYA_KUSAR,Kwaya Kusar,ST_BO,SD_BO_SOUTH
LGA_BO_MAFA,Mafa,ST_BO,SD_BO_CENTRAL
LGA_BO_MAGUMERI,Magumeri,ST_BO,SD_BO_NORTH
LGA_BO_MAIDUGURI,Maiduguri,ST_BO,SD_BO_CENTRAL
LGA_BO_MARTE,Marte,ST_BO,SD_BO_NORTH
LGA_BO_MOBBAR,Mobbar,ST_BO,SD_BO_NORTH
LGA_BO_MONGUNO,Monguno,ST_BO,SD_BO_NORTH
LGA_BO_NGALA,Ngala,ST_BO,SD_BO_CENTRAL
LGA_BO_NGUZAI,Nganzai,ST_BO,SD_BO_NORTH
LGA_BO_SHANI,Shani,ST_BO,SD_BO_SOUTH
,,,
LGA_GO_AKWANGA,Akko,ST_GO,SD_GO_CENTRAL
LGA_GO_BALANGA,Balanga,ST_GO,SD_GO_SOUTH
LGA_GO_BILLIRI,Billiri,ST_GO,SD_GO_SOUTH
LGA_GO_DUKKU,Dukku,ST_GO,SD_GO_NORTH
LGA_GO_FUNAKAYE,Funakaye,ST_GO,SD_GO_NORTH
LGA_GO_GOMBE,Gombe,ST_GO,SD_GO_CENTRAL
LGA_GO_KALTUNGO,Kaltungo,ST_GO,SD_GO_SOUTH
LGA_GO_KWAMI,Kwami,ST_GO,SD_GO_NORTH
LGA_GO_NAFADA,Nafada,ST_GO,SD_GO_NORTH
LGA_GO_SHONGOM,Shongom,ST_GO,SD_GO_SOUTH
LGA_GO_YAMALTU_DEBA,Yamaltu/Deba,ST_GO,SD_GO_CENTRAL
,,,
LGA_TA_ARDO_KOLA,Ardo-Kola,ST_TA,SD_TA_CENTRAL
LGA_TA_BALI,Bali,ST_TA,SD_TA_CENTRAL
LGA_TA_DONGA,Donga,ST_TA,SD_TA_SOUTH
LGA_TA_GASHAKA,Gashaka,ST_TA,SD_TA_NORTH
LGA_TA_GASSOL,Gassol,ST_TA,SD_TA_CENTRAL
LGA_TA_IBI,Ibi,ST_TA,SD_TA_CENTRAL
LGA_TA_JALINGO,Jalingo,ST_TA,SD_TA_CENTRAL
LGA_TA_KARIM_LAMIDO,Karim Lamido,ST_TA,SD_TA_CENTRAL
LGA_TA_KURMI,Kurmi,ST_TA,SD_TA_SOUTH
LGA_TA_LAU,Lau,ST_TA,SD_TA_NORTH
LGA_TA_SARDAUNA,Sardauna,ST_TA,SD_TA_NORTH
LGA_TA_TAKUM,Takum,ST_TA,SD_TA_SOUTH
LGA_TA_USSA,Ussa,ST_TA,SD_TA_SOUTH
LGA_TA_WUKARI,Wukari,ST_TA,SD_TA_SOUTH
LGA_TA_YORRO,Yorro,ST_TA,SD_TA_CENTRAL
LGA_TA_ZING,Zing,ST_TA,SD_TA_NORTH
,,,
LGA_YO_BADE,Bade,ST_YO,SD_YO_NORTH
LGA_YO_BURSARI,Bursari,ST_YO,SD_YO_NORTH
LGA_YO_DAMATURU,Damaturu,ST_YO,SD_YO_CENTRAL
LGA_YO_FIKA,Fika,ST_YO,SD_YO_SOUTH
LGA_YO_FUNE,Fune,ST_YO,SD_YO_NORTH
LGA_YO_GEIDAM,Geidam,ST_YO,SD_YO_NORTH
LGA_YO_GUJBA,Gujba,ST_YO,SD_YO_SOUTH
LGA_YO_GULANI,Gulani,ST_YO,SD_YO_SOUTH
LGA_YO_JAKUSKO,Jakusko,ST_YO,SD_YO_NORTH
LGA_YO_KARASUWA,Karasuwa,ST_YO,SD_YO_NORTH
LGA_YO_MACHINA,Machina,ST_YO,SD_YO_NORTH
LGA_YO_NANGERE,Nangere,ST_YO,SD_YO_SOUTH
LGA_YO_NGURU,Nguru,ST_YO,SD_YO_NORTH
LGA_YO_POTISKUM,Potiskum,ST_YO,SD_YO_SOUTH
LGA_YO_TARMUWA,Tarmuwa,ST_YO,SD_YO_SOUTH
LGA_YO_YUNUSARI,Yunusari,ST_YO,SD_YO_NORTH
LGA_YO_YUSUFARI,Yusufari,ST_YO,SD_YO_NORTH
,,,
LGA_JI_AUYO,Auyo,ST_JI,SD_JI_NORTH_EAST
LGA_JI_BABURA,Babura,ST_JI,SD_JI_NORTH_WEST
LGA_JI_BIRINIWA,Biriniwa,ST_JI,SD_JI_NORTH_EAST
LGA_JI_BIRNIN_KUDU,Birnin Kudu,ST_JI,SD_JI_SOUTH_WEST
LGA_JI_BUJI,Buji,ST_JI,SD_JI_SOUTH_WEST
LGA_JI_DUTSE,Dutse,ST_JI,SD_JI_SOUTH_WEST
LGA_JI_GAGARAWA,Gagarawa,ST_JI,SD_JI_NORTH_EAST
LGA_JI_GARKI,Garki,ST_JI,SD_JI_NORTH_WEST
LGA_JI_GUMEL,Gumel,ST_JI,SD_JI_NORTH_WEST
LGA_JI_GURI,Guri,ST_JI,SD_JI_NORTH_EAST
LGA_JI_GWARAN,Gwaram,ST_JI,SD_JI_SOUTH_WEST
LGA_JI_GWIWA,Gwiwa,ST_JI,SD_JI_NORTH_WEST
LGA_JI_HADEJIA,Hadejia,ST_JI,SD_JI_NORTH_EAST
LGA_JI_JAHUN,Jahun,ST_JI,SD_JI_NORTH_EAST
LGA_JI_KAFIN_HAUSA,Kafin Hausa,ST_JI,SD_JI_NORTH_EAST
LGA_JI_KAUGAMA,Kaugama,ST_JI,SD_JI_NORTH_EAST
LGA_JI_KAZAURE,Kazaure,ST_JI,SD_JI_NORTH_WEST
LGA_JI_KIRI_KASAMMA,Kiri Kasamma,ST_JI,SD_JI_NORTH_EAST
LGA_JI_KIYAWA,Kiyawa,ST_JI,SD_JI_SOUTH_WEST
LGA_JI_MAIGATARI,Maigatari,ST_JI,SD_JI_NORTH_WEST
LGA_JI_MALAM_MADORI,Malam Madori,ST_JI,SD_JI_NORTH_EAST
LGA_JI_MIGA,Miga,ST_JI,SD_JI_NORTH_WEST
LGA_JI_RINGIM,Ringim,ST_JI,SD_JI_SOUTH_WEST
LGA_JI_RONI,Roni,ST_JI,SD_JI_SOUTH_WEST
LGA_JI_SULE_TANKARKAR,Sule Tankarkar,ST_JI,SD_JI_NORTH_WEST
LGA_JI_TAURA,Taura,ST_JI,SD_JI_SOUTH_WEST
LGA_JI_YANKWASHI,Yankwashi,ST_JI,SD_JI_SOUTH_WEST
,,,
LGA_KD_BIRNIN_GWARI,Birnin Gwari,ST_KD,SD_KD_CENTRAL
LGA_KD_CHIKUN,Chikun,ST_KD,SD_KD_SOUTH
LGA_KD_GIWA,Giwa,ST_KD,SD_KD_NORTH
LGA_KD_IGABI,Igabi,ST_KD,SD_KD_NORTH
LGA_KD_IKARA,Ikara,ST_KD,SD_KD_NORTH
LGA_KD_JABA,Jaba,ST_KD,SD_KD_SOUTH
LGA_KD_JEMA_A,Jema'a,ST_KD,SD_KD_SOUTH
LGA_KD_KACHIA,Kachia,ST_KD,SD_KD_SOUTH
LGA_KD_KADUNA_NORTH,Kaduna North,ST_KD,SD_KD_NORTH
LGA_KD_KADUNA_SOUTH,Kaduna South,ST_KD,SD_KD_SOUTH
LGA_KD_KAGARKO,Kagarko,ST_KD,SD_KD_SOUTH
LGA_KD_KAJURU,Kajuru,ST_KD,SD_KD_SOUTH
LGA_KD_KAURA,Kaura,ST_KD,SD_KD_SOUTH
LGA_KD_KAURU,Kauru,ST_KD,SD_KD_SOUTH
LGA_KD_KUBAU,Kubau,ST_KD,SD_KD_NORTH
LGA_KD_KUDAN,Kudan,ST_KD,SD_KD_NORTH
LGA_KD_LERE,Lere,ST_KD,SD_KD_NORTH
LGA_KD_MAKARFI,Makarfi,ST_KD,SD_KD_NORTH
LGA_KD_SABON_GARI,Sabon Gari,ST_KD,SD_KD_NORTH
LGA_KD_SANGA,Sanga,ST_KD,SD_KD_SOUTH
LGA_KD_SOBA,Soba,ST_KD,SD_KD_NORTH
LGA_KD_ZANGON_KATAF,Zangon Kataf,ST_KD,SD_KD_SOUTH
LGA_KD_ZARIA,Zaria,ST_KD,SD_KD_NORTH
,,,
LGA_KN_AJINGI,Ajingi,ST_KN,SD_KN_SOUTH
LGA_KN_ALBASU,Albasu,ST_KN,SD_KN_SOUTH
LGA_KN_BAGWAI,Bagwai,ST_KN,SD_KN_NORTH
LGA_KN_BEBEJI,Bebeji,ST_KN,SD_KN_SOUTH
LGA_KN_BICHI,Bichi,ST_KN,SD_KN_NORTH
LGA_KN_BUNKURE,Bunkure,ST_KN,SD_KN_SOUTH
LGA_KN_DALA,Dala,ST_KN,SD_KN_CENTRAL
LGA_KN_DAMBATTA,Dambatta,ST_KN,SD_KN_NORTH
LGA_KN_DAWAKIN_KUDU,Dawakin Kudu,ST_KN,SD_KN_SOUTH
LGA_KN_DAWAKIN_TOFA,Dawakin Tofa,ST_KN,SD_KN_NORTH
LGA_KN_DOGUWA,Doguwa,ST_KN,SD_KN_SOUTH
LGA_KN_FAGGE,Fagge,ST_KN,SD_KN_CENTRAL
LGA_KN_GABASAWA,Gabasawa,ST_KN,SD_KN_NORTH
LGA_KN_GARKO,Garko,ST_KN,SD_KN_SOUTH
LGA_KN_GARUN_MALLAM,Garun Mallam,ST_KN,SD_KN_SOUTH
LGA_KN_GAYA,Gaya,ST_KN,SD_KN_SOUTH
LGA_KN_GEZAWA,Gezawa,ST_KN,SD_KN_CENTRAL
LGA_KN_GWALE,Gwale,ST_KN,SD_KN_CENTRAL
LGA_KN_GWARZO,Gwarzo,ST_KN,SD_KN_NORTH
LGA_KN_KABO,Kabo,ST_KN,SD_KN_NORTH
LGA_KN_KANO_MUNICIPAL,Kano Municipal,ST_KN,SD_KN_CENTRAL
LGA_KN_KARAYE,Karaye,ST_KN,SD_KN_NORTH
LGA_KN_KIBIYA,Kibiya,ST_KN,SD_KN_SOUTH
LGA_KN_KIRU,Kiru,ST_KN,SD_KN_SOUTH
LGA_KN_KUMBOTSO,Kumbotso,ST_KN,SD_KN_CENTRAL
LGA_KN_KUNCHI,Kunchi,ST_KN,SD_KN_NORTH
LGA_KN_KURA,Kura,ST_KN,SD_KN_SOUTH
LGA_KN_MADOBI,Madobi,ST_KN,SD_KN_SOUTH
LGA_KN_MAKODA,Makoda,ST_KN,SD_KN_NORTH
LGA_KN_MINJIBIR,Minjibir,ST_KN,SD_KN_NORTH
LGA_KN_NASSARAWA,Nassarawa,ST_KN,SD_KN_CENTRAL
LGA_KN_RANO,Rano,ST_KN,SD_KN_SOUTH
LGA_KN_RIMIN_GADO,Rimin Gado,ST_KN,SD_KN_NORTH
LGA_KN_ROGO,Rogo,ST_KN,SD_KN_SOUTH
LGA_KN_SHANONO,Shanono,ST_KN,SD_KN_NORTH
LGA_KN_SUMAILA,Sumaila,ST_KN,SD_KN_SOUTH
LGA_KN_TAKAI,Takai,ST_KN,SD_KN_SOUTH
LGA_KN_TARAUNI,Tarauni,ST_KN,SD_KN_CENTRAL
LGA_KN_TOFA,Tofa,ST_KN,SD_KN_NORTH
LGA_KN_TSANYAWA,Tsanyawa,ST_KN,SD_KN_NORTH
LGA_KN_TUDUN_WADA,Tudun Wada,ST_KN,SD_KN_SOUTH
LGA_KN_UNGOGO,Ungogo,ST_KN,SD_KN_CENTRAL
LGA_KN_WARAWA,Warawa,ST_KN,SD_KN_SOUTH
LGA_KN_WUDIL,Wudil,ST_KN,SD_KN_SOUTH
,,,
LGA_KT_BAKORI,Bakori,ST_KT,SD_KT_SOUTH
LGA_KT_BATAGARAWA,Batagorawa,ST_KT,SD_KT_CENTRAL
LGA_KT_BATSARI,Batsari,ST_KT,SD_KT_NORTH
LGA_KT_BAURE,Baure,ST_KT,SD_KT_NORTH
LGA_KT_BINDAWA,Bindawa,ST_KT,SD_KT_NORTH
LGA_KT_CHARANCHI,Charanchi,ST_KT,SD_KT_NORTH
LGA_KT_DANDUME,Dandume,ST_KT,SD_KT_SOUTH
LGA_KT_DANJA,Danja,ST_KT,SD_KT_SOUTH
LGA_KT_DAN_MUSA,Dan Musa,ST_KT,SD_KT_NORTH
LGA_KT_DAURA,Daura,ST_KT,SD_KT_NORTH
LGA_KT_DUTSI,Dutsi,ST_KT,SD_KT_NORTH
LGA_KT_DUTSIN_MA,Dutsin-Ma,ST_KT,SD_KT_CENTRAL
LGA_KT_FASKARI,Faskari,ST_KT,SD_KT_SOUTH
LGA_KT_FUNTUA,Funtua,ST_KT,SD_KT_SOUTH
LGA_KT_INGAWA,Ingawa,ST_KT,SD_KT_NORTH
LGA_KT_JIBIA,Jibia,ST_KT,SD_KT_NORTH
LGA_KT_KAFUR,Kafur,ST_KT,SD_KT_SOUTH
LGA_KT_KAITI,Kaita,ST_KT,SD_KT_NORTH
LGA_KT_KANKARA,Kankara,ST_KT,SD_KT_SOUTH
LGA_KT_KANKIA,Kankia,ST_KT,SD_KT_CENTRAL
LGA_KT_KATSINA,Katsina,ST_KT,SD_KT_CENTRAL
LGA_KT_KURFI,Kurfi,ST_KT,SD_KT_CENTRAL
LGA_KT_KUSADA,Kusada,ST_KT,SD_KT_CENTRAL
LGA_KT_MAI_ADUA,Mai'Adua,ST_KT,SD_KT_NORTH
LGA_KT_MALUMFASHI,Malumfashi,ST_KT,SD_KT_SOUTH
LGA_KT_MANI,Mani,ST_KT,SD_KT_NORTH
LGA_KT_MASHI,Mashi,ST_KT,SD_KT_NORTH
LGA_KT_MATAZU,Matazu,ST_KT,SD_KT_SOUTH
LGA_KT_MUSAWA,Musawa,ST_KT,SD_KT_SOUTH
LGA_KT_RIMI,Rimi,ST_KT,SD_KT_CENTRAL
LGA_KT_SABUWA,Sabuwa,ST_KT,SD_KT_SOUTH
LGA_KT_SAFANA,Safana,ST_KT,SD_KT_NORTH
LGA_KT_SANDAMU,Sandamu,ST_KT,SD_KT_NORTH
LGA_KT_ZANGO,Zango,ST_KT,SD_KT_NORTH
,,,
LGA_KE_ALEIRO,Aleiro,ST_KE,SD_KE_CENTRAL
LGA_KE_AREWA_DANDI,Arewa Dandi,ST_KE,SD_KE_NORTH
LGA_KE_ARGUNGU,Argungu,ST_KE,SD_KE_NORTH
LGA_KE_AUGIE,Augie,ST_KE,SD_KE_NORTH
LGA_KE_BAGUDO,Bagudo,ST_KE,SD_KE_CENTRAL
LGA_KE_BIRNIN_KEBBI,Birnin Kebbi,ST_KE,SD_KE_CENTRAL
LGA_KE_BUNZA,Bunza,ST_KE,SD_KE_CENTRAL
LGA_KE_DANDI,Dandi,ST_KE,SD_KE_CENTRAL
LGA_KE_FAKAI,Fakai,ST_KE,SD_KE_SOUTH
LGA_KE_GWANDU,Gwandu,ST_KE,SD_KE_CENTRAL
LGA_KE_JEGA,Jega,ST_KE,SD_KE_CENTRAL
LGA_KE_KALEGO,Kalgo,ST_KE,SD_KE_CENTRAL
LGA_KE_KOKO_BESSE,Koko/Besse,ST_KE,SD_KE_NORTH
LGA_KE_MAIYAMA,Maiyama,ST_KE,SD_KE_NORTH
LGA_KE_NGASKI,Ngaski,ST_KE,SD_KE_SOUTH
LGA_KE_SAKABA,Sakaba,ST_KE,SD_KE_SOUTH
LGA_KE_SHANGA,Shanga,ST_KE,SD_KE_NORTH
LGA_KE_SURU,Suru,ST_KE,SD_KE_NORTH
LGA_KE_WASAGU_DANKO,Wasagu/Danko,ST_KE,SD_KE_SOUTH
LGA_KE_YAURI,Yauri,ST_KE,SD_KE_SOUTH
LGA_KE_ZURU,Zuru,ST_KE,SD_KE_SOUTH
,,,
LGA_SO_BINJI,Binji,ST_SO,SD_SO_NORTH
LGA_SO_BODINGA,Bodinga,ST_SO,SD_SO_SOUTH
LGA_SO_DANGE_SHUNI,Dange-Shuni,ST_SO,SD_SO_SOUTH
LGA_SO_GADA,Gada,ST_SO,SD_SO_EAST
LGA_SO_GORONYO,Goronyo,ST_SO,SD_SO_EAST
LGA_SO_GUDU,Gudu,ST_SO,SD_SO_EAST
LGA_SO_GWADABAWA,Gwadabawa,ST_SO,SD_SO_EAST
LGA_SO_ILLELA,Illela,ST_SO,SD_SO_EAST
LGA_SO_ISA,Isa,ST_SO,SD_SO_EAST
LGA_SO_KWARE,Kware,ST_SO,SD_SO_NORTH
LGA_SO_RABAH,Rabah,ST_SO,SD_SO_NORTH
LGA_SO_SABON_BIRNI,Sabon Birni,ST_SO,SD_SO_EAST
LGA_SO_SHAGARI,Shagari,ST_SO,SD_SO_SOUTH
LGA_SO_SILAME,Silame,ST_SO,SD_SO_NORTH
LGA_SO_SOKOTO_NORTH,Sokoto North,ST_SO,SD_SO_NORTH
LGA_SO_SOKOTO_SOUTH,Sokoto South,ST_SO,SD_SO_SOUTH
LGA_SO_TAMBUWAL,Tambuwal,ST_SO,SD_SO_SOUTH
LGA_SO_TANGAZA,Tangaza,ST_SO,SD_SO_EAST
LGA_SO_TURETA,Tureta,ST_SO,SD_SO_SOUTH
LGA_SO_WAMAKKO,Wamakko,ST_SO,SD_SO_NORTH
LGA_SO_WURNO,Wurno,ST_SO,SD_SO_NORTH
LGA_SO_YABO,Yabo,ST_SO,SD_SO_SOUTH
LGA_SO_GORONYO2,Goronyo North,ST_SO,SD_SO_EAST
,,,
LGA_ZA_ANKA,Anka,ST_ZA,SD_ZA_WEST
LGA_ZA_BAKURA,Bakura,ST_ZA,SD_ZA_CENTRAL
LGA_ZA_BIRNIN_MAGAJI,Birnin Magaji,ST_ZA,SD_ZA_WEST
LGA_ZA_BUKKUYUM,Bukkuyum,ST_ZA,SD_ZA_WEST
LGA_ZA_BUNGUDU,Bungudu,ST_ZA,SD_ZA_CENTRAL
LGA_ZA_GUMMI,Gummi,ST_ZA,SD_ZA_WEST
LGA_ZA_GUSAU,Gusau,ST_ZA,SD_ZA_CENTRAL
LGA_ZA_KAURA_NAMODA,Kaura Namoda,ST_ZA,SD_ZA_NORTH
LGA_ZA_MARADUN,Maradun,ST_ZA,SD_ZA_CENTRAL
LGA_ZA_MARU,Maru,ST_ZA,SD_ZA_NORTH
LGA_ZA_SHINKAFI,Shinkafi,ST_ZA,SD_ZA_NORTH
LGA_ZA_TALATA_MAFARA,Talata Mafara,ST_ZA,SD_ZA_CENTRAL
LGA_ZA_TSAFE,Tsafe,ST_ZA,SD_ZA_CENTRAL
LGA_ZA_ZURMI,Zurmi,ST_ZA,SD_ZA_NORTH
