admin_level_2_id,admin_level_2_name,admin_level_1_id,country_id
ADM2_BEN_ALIBORI_BANIKOARA,Banikoara,ADM1_BEN_ALIBORI,CT_BEN
ADM2_BEN_ALIBORI_GOGOUNOU,Gogounou,ADM1_BEN_ALIBORI,CT_BEN
ADM2_BEN_ALIBORI_KANDI,Kandi,ADM1_BEN_ALIBORI,CT_BEN
ADM2_BEN_ALIBORI_KARIMAMA,Karimama,ADM1_BEN_ALIBORI,CT_BEN
ADM2_BEN_ALIBORI_MALANVILLE,Malanville,ADM1_BEN_ALIBORI,CT_BEN
ADM2_BEN_ALIBORI_SEGBANA,Segbana,ADM1_BEN_ALIBORI,CT_BEN
ADM2_BEN_ATAKORA_BOUKOUMBE,Boukoumbé,ADM1_BEN_ATAKORA,CT_BEN
ADM2_BEN_ATAKORA_COBLY,Cobly,ADM1_BEN_ATAKORA,CT_BEN
ADM2_BEN_ATAKORA_KOUANDE,Kouandé,ADM1_BEN_ATAKORA,CT_BEN
ADM2_BEN_ATAKORA_KEROU,Kérou,ADM1_BEN_ATAKORA,CT_BEN
ADM2_BEN_ATAKORA_MATERI,Matéri,ADM1_BEN_ATAKORA,CT_BEN
ADM2_BEN_ATAKORA_NATITINGOU,Natitingou,ADM1_BEN_ATAKORA,CT_BEN
ADM2_BEN_ATAKORA_PEHONKO,Pehonko,ADM1_BEN_ATAKORA,CT_BEN
ADM2_BEN_ATAKORA_TANGUIETA,Tanguiéta,ADM1_BEN_ATAKORA,CT_BEN
ADM2_BEN_ATAKORA_TOUCOUNTOUNA,Toucountouna,ADM1_BEN_ATAKORA,CT_BEN
ADM2_BEN_ATLANTIQUE_ABOMEY_CALAVI,Abomey-Calavi,ADM1_BEN_ATLANTIQUE,CT_BEN
ADM2_BEN_ATLANTIQUE_ALLADA,Allada,ADM1_BEN_ATLANTIQUE,CT_BEN
ADM2_BEN_ATLANTIQUE_KPOMASSE,Kpomassè,ADM1_BEN_ATLANTIQUE,CT_BEN
ADM2_BEN_ATLANTIQUE_OUIDAH,Ouidah,ADM1_BEN_ATLANTIQUE,CT_BEN
ADM2_BEN_ATLANTIQUE_SO_AVA,Sô-Ava,ADM1_BEN_ATLANTIQUE,CT_BEN
ADM2_BEN_ATLANTIQUE_TOFFO,Toffo,ADM1_BEN_ATLANTIQUE,CT_BEN
ADM2_BEN_ATLANTIQUE_TORI_BOSSITO,Tori-Bossito,ADM1_BEN_ATLANTIQUE,CT_BEN
ADM2_BEN_ATLANTIQUE_ZE,Zè,ADM1_BEN_ATLANTIQUE,CT_BEN
ADM2_BEN_BORGOU_BEMBEREKE,Bembèrèkè,ADM1_BEN_BORGOU,CT_BEN
ADM2_BEN_BORGOU_KALALE,Kalalé,ADM1_BEN_BORGOU,CT_BEN
ADM2_BEN_BORGOU_NDALI,N'Dali,ADM1_BEN_BORGOU,CT_BEN
ADM2_BEN_BORGOU_NIKKI,Nikki,ADM1_BEN_BORGOU,CT_BEN
ADM2_BEN_BORGOU_PARAKOU,Parakou,ADM1_BEN_BORGOU,CT_BEN
ADM2_BEN_BORGOU_PERERE,Pèrèrè,ADM1_BEN_BORGOU,CT_BEN
ADM2_BEN_BORGOU_SINENDE,Sinendé,ADM1_BEN_BORGOU,CT_BEN
ADM2_BEN_BORGOU_TCHAOUROU,Tchaourou,ADM1_BEN_BORGOU,CT_BEN
ADM2_BEN_COLLINES_BANTE,Bantè,ADM1_BEN_COLLINES,CT_BEN
ADM2_BEN_COLLINES_DASSA_ZOUME,Dassa-Zoumè,ADM1_BEN_COLLINES,CT_BEN
ADM2_BEN_COLLINES_GLAZOUE,Glazoué,ADM1_BEN_COLLINES,CT_BEN
ADM2_BEN_COLLINES_OUESSE,Ouèssè,ADM1_BEN_COLLINES,CT_BEN
ADM2_BEN_COLLINES_SAVALOU,Savalou,ADM1_BEN_COLLINES,CT_BEN
ADM2_BEN_COLLINES_SAVE,Savé,ADM1_BEN_COLLINES,CT_BEN
ADM2_BEN_COUFFO_APLAHOUE,Aplahoué,ADM1_BEN_COUFFO,CT_BEN
ADM2_BEN_COUFFO_DJAKOTOMEY,Djakotomey,ADM1_BEN_COUFFO,CT_BEN
ADM2_BEN_COUFFO_DOGBO_TOTA,Dogbo-Tota,ADM1_BEN_COUFFO,CT_BEN
ADM2_BEN_COUFFO_KLOUEKANME,Klouékanmè,ADM1_BEN_COUFFO,CT_BEN
ADM2_BEN_COUFFO_LALO,Lalo,ADM1_BEN_COUFFO,CT_BEN
ADM2_BEN_COUFFO_TOVIKLIN,Toviklin,ADM1_BEN_COUFFO,CT_BEN
ADM2_BEN_DONGA_BASSILA,Bassila,ADM1_BEN_DONGA,CT_BEN
ADM2_BEN_DONGA_COPARGO,Copargo,ADM1_BEN_DONGA,CT_BEN
ADM2_BEN_DONGA_DJOUGOU,Djougou,ADM1_BEN_DONGA,CT_BEN
ADM2_BEN_DONGA_OUAKE,Ouaké,ADM1_BEN_DONGA,CT_BEN
ADM2_BEN_LITTORAL_COTONOU,Cotonou,ADM1_BEN_LITTORAL,CT_BEN
ADM2_BEN_MONO_ATHIEME,Athiémé,ADM1_BEN_MONO,CT_BEN
ADM2_BEN_MONO_BOPA,Bopa,ADM1_BEN_MONO,CT_BEN
ADM2_BEN_MONO_COME,Comé,ADM1_BEN_MONO,CT_BEN
ADM2_BEN_MONO_GRAND_POPO,Grand-Popo,ADM1_BEN_MONO,CT_BEN
ADM2_BEN_MONO_HOUEYOGBE,Houéyogbé,ADM1_BEN_MONO,CT_BEN
ADM2_BEN_MONO_LOKOSSA,Lokossa,ADM1_BEN_MONO,CT_BEN
ADM2_BEN_OUEME_ADJARRA,Adjarra,ADM1_BEN_OUEME,CT_BEN
ADM2_BEN_OUEME_ADJOHOUN,Adjohoun,ADM1_BEN_OUEME,CT_BEN
ADM2_BEN_OUEME_AGUEGUES,Aguégués,ADM1_BEN_OUEME,CT_BEN
ADM2_BEN_OUEME_AKPRO_MISSERETE,Akpro-Missérété,ADM1_BEN_OUEME,CT_BEN
ADM2_BEN_OUEME_AVRANKOU,Avrankou,ADM1_BEN_OUEME,CT_BEN
ADM2_BEN_OUEME_BONOU,Bonou,ADM1_BEN_OUEME,CT_BEN
ADM2_BEN_OUEME_DANGBO,Dangbo,ADM1_BEN_OUEME,CT_BEN
ADM2_BEN_OUEME_PORTO_NOVO,Porto Novo,ADM1_BEN_OUEME,CT_BEN
ADM2_BEN_OUEME_SEME_KPODJI,Sèmè-Kpodji,ADM1_BEN_OUEME,CT_BEN
ADM2_BEN_PLATEAU_ADJA_OUERE,Adja-Ouèrè,ADM1_BEN_PLATEAU,CT_BEN
ADM2_BEN_PLATEAU_IFANGNI,Ifangni,ADM1_BEN_PLATEAU,CT_BEN
ADM2_BEN_PLATEAU_KETOU,Kétou,ADM1_BEN_PLATEAU,CT_BEN
ADM2_BEN_PLATEAU_POBE,Pobè,ADM1_BEN_PLATEAU,CT_BEN
ADM2_BEN_PLATEAU_SAKETE,Sakété,ADM1_BEN_PLATEAU,CT_BEN
ADM2_BEN_ZOU_ABOMEY,Abomey,ADM1_BEN_ZOU,CT_BEN
ADM2_BEN_ZOU_AGBANGNIZOUN,Agbangnizoun,ADM1_BEN_ZOU,CT_BEN
ADM2_BEN_ZOU_BOHICON,Bohicon,ADM1_BEN_ZOU,CT_BEN
ADM2_BEN_ZOU_COVE,Cové,ADM1_BEN_ZOU,CT_BEN
ADM2_BEN_ZOU_DJIDJA,Djidja,ADM1_BEN_ZOU,CT_BEN
ADM2_BEN_ZOU_OUINHI,Ouinhi,ADM1_BEN_ZOU,CT_BEN
ADM2_BEN_ZOU_ZA_KPOTA,Za-Kpota,ADM1_BEN_ZOU,CT_BEN
ADM2_BEN_ZOU_ZANGNANADO,Zangnanado,ADM1_BEN_ZOU,CT_BEN
ADM2_BEN_ZOU_ZOGBODOMEY,Zogbodomey,ADM1_BEN_ZOU,CT_BEN
ADM2_BRA_ALAGOAS_ARAPIRACA,Arapiraca,ADM1_BRA_ALAGOAS,CT_BRA
ADM2_BRA_ALAGOAS_MACEIO,Maceió,ADM1_BRA_ALAGOAS,CT_BRA
ADM2_BRA_ALAGOAS_MARECHAL_DEODORO,Marechal Deodoro,ADM1_BRA_ALAGOAS,CT_BRA
ADM2_BRA_ALAGOAS_PENEDO,Penedo,ADM1_BRA_ALAGOAS,CT_BRA
ADM2_BRA_BAHIA_CACHOEIRA,Cachoeira,ADM1_BRA_BAHIA,CT_BRA
ADM2_BRA_BAHIA_CAMACARI,Camaçari,ADM1_BRA_BAHIA,CT_BRA
ADM2_BRA_BAHIA_FEIRA_DE_SANTANA,Feira de Santana,ADM1_BRA_BAHIA,CT_BRA
ADM2_BRA_BAHIA_ILHEUS,Ilhéus,ADM1_BRA_BAHIA,CT_BRA
ADM2_BRA_BAHIA_ITABUNA,Itabuna,ADM1_BRA_BAHIA,CT_BRA
ADM2_BRA_BAHIA_SALVADOR,Salvador,ADM1_BRA_BAHIA,CT_BRA
ADM2_BRA_CEARA_CAUCAIA,Caucaia,ADM1_BRA_CEARA,CT_BRA
ADM2_BRA_CEARA_FORTALEZA,Fortaleza,ADM1_BRA_CEARA,CT_BRA
ADM2_BRA_CEARA_MARACANAU,Maracanaú,ADM1_BRA_CEARA,CT_BRA
ADM2_BRA_CEARA_SOBRAL,Sobral,ADM1_BRA_CEARA,CT_BRA
ADM2_BRA_ESPIRITO_SANTO_CARIACICA,Cariacica,ADM1_BRA_ESPIRITO_SANTO,CT_BRA
ADM2_BRA_ESPIRITO_SANTO_SERRA,Serra,ADM1_BRA_ESPIRITO_SANTO,CT_BRA
ADM2_BRA_ESPIRITO_SANTO_VILA_VELHA,Vila Velha,ADM1_BRA_ESPIRITO_SANTO,CT_BRA
ADM2_BRA_ESPIRITO_SANTO_VITORIA,Vitória,ADM1_BRA_ESPIRITO_SANTO,CT_BRA
ADM2_BRA_MARANHAO_ALCANTARA,Alcântara,ADM1_BRA_MARANHAO,CT_BRA
ADM2_BRA_MARANHAO_CAXIAS,Caxias,ADM1_BRA_MARANHAO,CT_BRA
ADM2_BRA_MARANHAO_IMPERATRIZ,Imperatriz,ADM1_BRA_MARANHAO,CT_BRA
ADM2_BRA_MARANHAO_SAO_LUIS,São Luís,ADM1_BRA_MARANHAO,CT_BRA
ADM2_BRA_MINAS_GERAIS_BELO_HORIZONTE,Belo Horizonte,ADM1_BRA_MINAS_GERAIS,CT_BRA
ADM2_BRA_MINAS_GERAIS_BETIM,Betim,ADM1_BRA_MINAS_GERAIS,CT_BRA
ADM2_BRA_MINAS_GERAIS_CONTAGEM,Contagem,ADM1_BRA_MINAS_GERAIS,CT_BRA
ADM2_BRA_MINAS_GERAIS_JUIZ_DE_FORA,Juiz de Fora,ADM1_BRA_MINAS_GERAIS,CT_BRA
ADM2_BRA_MINAS_GERAIS_UBERLANDIA,Uberlândia,ADM1_BRA_MINAS_GERAIS,CT_BRA
ADM2_BRA_PARA_ABAETETUBA,Abaetetuba,ADM1_BRA_PARA,CT_BRA
ADM2_BRA_PARA_ANANINDEUA,Ananindeua,ADM1_BRA_PARA,CT_BRA
ADM2_BRA_PARA_BELEM,Belém,ADM1_BRA_PARA,CT_BRA
ADM2_BRA_PARA_BRAGANCA,Bragança,ADM1_BRA_PARA,CT_BRA
ADM2_BRA_PARA_SANTAREM,Santarém,ADM1_BRA_PARA,CT_BRA
ADM2_BRA_PARAIBA_CAMPINA_GRANDE,Campina Grande,ADM1_BRA_PARAIBA,CT_BRA
ADM2_BRA_PARAIBA_JOAO_PESSOA,João Pessoa,ADM1_BRA_PARAIBA,CT_BRA
ADM2_BRA_PARAIBA_SANTA_RITA,Santa Rita,ADM1_BRA_PARAIBA,CT_BRA
ADM2_BRA_PERNAMBUCO_IGARASSU,Igarassu,ADM1_BRA_PERNAMBUCO,CT_BRA
ADM2_BRA_PERNAMBUCO_JABOATAO_DOS_GUARARAPES,Jaboatão dos Guararapes,ADM1_BRA_PERNAMBUCO,CT_BRA
ADM2_BRA_PERNAMBUCO_OLINDA,Olinda,ADM1_BRA_PERNAMBUCO,CT_BRA
ADM2_BRA_PERNAMBUCO_PAULISTA,Paulista,ADM1_BRA_PERNAMBUCO,CT_BRA
ADM2_BRA_PERNAMBUCO_RECIFE,Recife,ADM1_BRA_PERNAMBUCO,CT_BRA
ADM2_BRA_RIO_DE_JANEIRO_BELFORD_ROXO,Belford Roxo,ADM1_BRA_RIO_DE_JANEIRO,CT_BRA
ADM2_BRA_RIO_DE_JANEIRO_DUQUE_DE_CAXIAS,Duque de Caxias,ADM1_BRA_RIO_DE_JANEIRO,CT_BRA
ADM2_BRA_RIO_DE_JANEIRO_NITEROI,Niterói,ADM1_BRA_RIO_DE_JANEIRO,CT_BRA
ADM2_BRA_RIO_DE_JANEIRO_NOVA_IGUACU,Nova Iguaçu,ADM1_BRA_RIO_DE_JANEIRO,CT_BRA
ADM2_BRA_RIO_DE_JANEIRO_RIO_DE_JANEIRO,Rio de Janeiro,ADM1_BRA_RIO_DE_JANEIRO,CT_BRA
ADM2_BRA_RIO_DE_JANEIRO_SAO_GONCALO,São Gonçalo,ADM1_BRA_RIO_DE_JANEIRO,CT_BRA
ADM2_BRA_SAO_PAULO_CAMPINAS,Campinas,ADM1_BRA_SAO_PAULO,CT_BRA
ADM2_BRA_SAO_PAULO_GUARULHOS,Guarulhos,ADM1_BRA_SAO_PAULO,CT_BRA
ADM2_BRA_SAO_PAULO_OSASCO,Osasco,ADM1_BRA_SAO_PAULO,CT_BRA
ADM2_BRA_SAO_PAULO_SANTOS,Santos,ADM1_BRA_SAO_PAULO,CT_BRA
ADM2_BRA_SAO_PAULO_SAO_BERNARDO_DO_CAMPO,São Bernardo do Campo,ADM1_BRA_SAO_PAULO,CT_BRA
ADM2_BRA_SAO_PAULO_SAO_PAULO,São Paulo,ADM1_BRA_SAO_PAULO,CT_BRA
ADM2_BRA_SERGIPE_ARACAJU,Aracaju,ADM1_BRA_SERGIPE,CT_BRA
ADM2_BRA_SERGIPE_LAGARTO,Lagarto,ADM1_BRA_SERGIPE,CT_BRA
ADM2_BRA_SERGIPE_NOSSA_SENHORA_DO_SOCORRO,Nossa Senhora do Socorro,ADM1_BRA_SERGIPE,CT_BRA
ADM2_CAN_BRITISH_COLUMBIA_CAPITAL,Capital,ADM1_CAN_BRITISH_COLUMBIA,CT_CAN
ADM2_CAN_BRITISH_COLUMBIA_CENTRAL_OKANAGAN,Central Okanagan,ADM1_CAN_BRITISH_COLUMBIA,CT_CAN
ADM2_CAN_BRITISH_COLUMBIA_FRASER_VALLEY,Fraser Valley,ADM1_CAN_BRITISH_COLUMBIA,CT_CAN
ADM2_CAN_BRITISH_COLUMBIA_METRO_VANCOUVER,Metro Vancouver,ADM1_CAN_BRITISH_COLUMBIA,CT_CAN
ADM2_CAN_NEW_BRUNSWICK_GLOUCESTER,Gloucester,ADM1_CAN_NEW_BRUNSWICK,CT_CAN
ADM2_CAN_NEW_BRUNSWICK_NORTHUMBERLAND,Northumberland,ADM1_CAN_NEW_BRUNSWICK,CT_CAN
ADM2_CAN_NEW_BRUNSWICK_SAINT_JOHN,Saint John,ADM1_CAN_NEW_BRUNSWICK,CT_CAN
ADM2_CAN_NEW_BRUNSWICK_WESTMORLAND,Westmorland,ADM1_CAN_NEW_BRUNSWICK,CT_CAN
ADM2_CAN_NEW_BRUNSWICK_YORK,York,ADM1_CAN_NEW_BRUNSWICK,CT_CAN
ADM2_CAN_NOVA_SCOTIA_CAPE_BRETON,Cape Breton,ADM1_CAN_NOVA_SCOTIA,CT_CAN
ADM2_CAN_NOVA_SCOTIA_COLCHESTER,Colchester,ADM1_CAN_NOVA_SCOTIA,CT_CAN
ADM2_CAN_NOVA_SCOTIA_HALIFAX,Halifax,ADM1_CAN_NOVA_SCOTIA,CT_CAN
ADM2_CAN_NOVA_SCOTIA_KINGS,Kings,ADM1_CAN_NOVA_SCOTIA,CT_CAN
ADM2_CAN_ONTARIO_DURHAM,Durham,ADM1_CAN_ONTARIO,CT_CAN
ADM2_CAN_ONTARIO_ESSEX,Essex,ADM1_CAN_ONTARIO,CT_CAN
ADM2_CAN_ONTARIO_HALTON,Halton,ADM1_CAN_ONTARIO,CT_CAN
ADM2_CAN_ONTARIO_HAMILTON,Hamilton,ADM1_CAN_ONTARIO,CT_CAN
ADM2_CAN_ONTARIO_MIDDLESEX,Middlesex,ADM1_CAN_ONTARIO,CT_CAN
ADM2_CAN_ONTARIO_OTTAWA,Ottawa,ADM1_CAN_ONTARIO,CT_CAN
ADM2_CAN_ONTARIO_PEEL,Peel,ADM1_CAN_ONTARIO,CT_CAN
ADM2_CAN_ONTARIO_TORONTO,Toronto,ADM1_CAN_ONTARIO,CT_CAN
ADM2_CAN_ONTARIO_WATERLOO,Waterloo,ADM1_CAN_ONTARIO,CT_CAN
ADM2_CAN_ONTARIO_YORK,York,ADM1_CAN_ONTARIO,CT_CAN
ADM2_CAN_QUEBEC_GATINEAU,Gatineau,ADM1_CAN_QUEBEC,CT_CAN
ADM2_CAN_QUEBEC_LAVAL,Laval,ADM1_CAN_QUEBEC,CT_CAN
ADM2_CAN_QUEBEC_LONGUEUIL,Longueuil,ADM1_CAN_QUEBEC,CT_CAN
ADM2_CAN_QUEBEC_MONTREAL,Montréal,ADM1_CAN_QUEBEC,CT_CAN
ADM2_CAN_QUEBEC_QUEBEC,Québec,ADM1_CAN_QUEBEC,CT_CAN
ADM2_CAN_QUEBEC_SHERBROOKE,Sherbrooke,ADM1_CAN_QUEBEC,CT_CAN
ADM2_CAN_QUEBEC_TROIS_RIVIERES,Trois-Rivières,ADM1_CAN_QUEBEC,CT_CAN
ADM2_CMR_DJEREM,Djérem,ADM1_CMR_ADAMAWA,CT_CMR
ADM2_CMR_FARO_ET_DEO,Faro-et-Déo,ADM1_CMR_ADAMAWA,CT_CMR
ADM2_CMR_MAYO_BANYO,Mayo-Banyo,ADM1_CMR_ADAMAWA,CT_CMR
ADM2_CMR_MBERE,Mbéré,ADM1_CMR_ADAMAWA,CT_CMR
ADM2_CMR_VINA,Vina,ADM1_CMR_ADAMAWA,CT_CMR
ADM2_CMR_HAUTE_SANAGA,Haute-Sanaga,ADM1_CMR_CENTRE,CT_CMR
ADM2_CMR_LEKIE,Lekié,ADM1_CMR_CENTRE,CT_CMR
ADM2_CMR_MBAM_ET_INOUBOU,Mbam-et-Inoubou,ADM1_CMR_CENTRE,CT_CMR
ADM2_CMR_MBAM_ET_KIM,Mbam-et-Kim,ADM1_CMR_CENTRE,CT_CMR
ADM2_CMR_MFOUNDI,Mfoundi,ADM1_CMR_CENTRE,CT_CMR
ADM2_CMR_MEFOU_ET_AFAMBA,Méfou-et-Afamba,ADM1_CMR_CENTRE,CT_CMR
ADM2_CMR_MEFOU_ET_AKONO,Méfou-et-Akono,ADM1_CMR_CENTRE,CT_CMR
ADM2_CMR_NYONG_ET_KELLE,Nyong-et-Kéllé,ADM1_CMR_CENTRE,CT_CMR
ADM2_CMR_NYONG_ET_MFOUMOU,Nyong-et-Mfoumou,ADM1_CMR_CENTRE,CT_CMR
ADM2_CMR_NYONG_ET_SOO,Nyong-et-So'o,ADM1_CMR_CENTRE,CT_CMR
ADM2_CMR_BOUMBA_ET_NGOKO,Boumba-et-Ngoko,ADM1_CMR_EAST,CT_CMR
ADM2_CMR_HAUT_NYONG,Haut-Nyong,ADM1_CMR_EAST,CT_CMR
ADM2_CMR_KADEY,Kadey,ADM1_CMR_EAST,CT_CMR
ADM2_CMR_LOM_ET_DJEREM,Lom-et-Djerem,ADM1_CMR_EAST,CT_CMR
ADM2_CMR_DIAMARE,Diamaré,ADM1_CMR_FAR_NORTH,CT_CMR
ADM2_CMR_LOGONE_ET_CHARI,Logone-et-Chari,ADM1_CMR_FAR_NORTH,CT_CMR
ADM2_CMR_MAYO_DANAY,Mayo-Danay,ADM1_CMR_FAR_NORTH,CT_CMR
ADM2_CMR_MAYO_KANI,Mayo-Kani,ADM1_CMR_FAR_NORTH,CT_CMR
ADM2_CMR_MAYO_SAVA,Mayo-Sava,ADM1_CMR_FAR_NORTH,CT_CMR
ADM2_CMR_MAYO_TSANAGA,Mayo-Tsanaga,ADM1_CMR_FAR_NORTH,CT_CMR
ADM2_CMR_MOUNGO,Moungo,ADM1_CMR_LITTORAL,CT_CMR
ADM2_CMR_NKAM,Nkam,ADM1_CMR_LITTORAL,CT_CMR
ADM2_CMR_SANAGA_MARITIME,Sanaga-Maritime,ADM1_CMR_LITTORAL,CT_CMR
ADM2_CMR_WOURI,Wouri,ADM1_CMR_LITTORAL,CT_CMR
ADM2_CMR_BENOUE,Bénoué,ADM1_CMR_NORTH,CT_CMR
ADM2_CMR_FARO,Faro,ADM1_CMR_NORTH,CT_CMR
ADM2_CMR_MAYO_LOUTI,Mayo-Louti,ADM1_CMR_NORTH,CT_CMR
ADM2_CMR_MAYO_REY,Mayo-Rey,ADM1_CMR_NORTH,CT_CMR
ADM2_CMR_BOYO,Boyo,ADM1_CMR_NORTHWEST,CT_CMR
ADM2_CMR_BUI,Bui,ADM1_CMR_NORTHWEST,CT_CMR
ADM2_CMR_DONGA_MANTUNG,Donga-Mantung,ADM1_CMR_NORTHWEST,CT_CMR
ADM2_CMR_MENCHUM,Menchum,ADM1_CMR_NORTHWEST,CT_CMR
ADM2_CMR_MEZAM,Mezam,ADM1_CMR_NORTHWEST,CT_CMR
ADM2_CMR_MOMO,Momo,ADM1_CMR_NORTHWEST,CT_CMR
ADM2_CMR_NGO_KETUNJIA,Ngo-ketunjia,ADM1_CMR_NORTHWEST,CT_CMR
ADM2_CMR_DJA_ET_LOBO,Dja-et-Lobo,ADM1_CMR_SOUTH,CT_CMR
ADM2_CMR_MVILA,Mvila,ADM1_CMR_SOUTH,CT_CMR
ADM2_CMR_OCEAN,Océan,ADM1_CMR_SOUTH,CT_CMR
ADM2_CMR_VALLEE_DU_NTEM,Vallée-du-Ntem,ADM1_CMR_SOUTH,CT_CMR
ADM2_CMR_FAKO,Fako,ADM1_CMR_SOUTHWEST,CT_CMR
ADM2_CMR_KOUPE_MANENGOUBA,Koupé-Manengouba,ADM1_CMR_SOUTHWEST,CT_CMR
ADM2_CMR_LEBIALEM,Lebialem,ADM1_CMR_SOUTHWEST,CT_CMR
ADM2_CMR_MANYU,Manyu,ADM1_CMR_SOUTHWEST,CT_CMR
ADM2_CMR_MEME,Meme,ADM1_CMR_SOUTHWEST,CT_CMR
ADM2_CMR_NDIAN,Ndian,ADM1_CMR_SOUTHWEST,CT_CMR
ADM2_CMR_BAMBOUTOS,Bamboutos,ADM1_CMR_WEST,CT_CMR
ADM2_CMR_HAUT_NKAM,Haut-Nkam,ADM1_CMR_WEST,CT_CMR
ADM2_CMR_HAUTS_PLATEAUX,Hauts-Plateaux,ADM1_CMR_WEST,CT_CMR
ADM2_CMR_KOUNG_KHI,Koung-Khi,ADM1_CMR_WEST,CT_CMR
ADM2_CMR_MENOUA,Menoua,ADM1_CMR_WEST,CT_CMR
ADM2_CMR_MIFI,Mifi,ADM1_CMR_WEST,CT_CMR
ADM2_CMR_NDE,Ndé,ADM1_CMR_WEST,CT_CMR
ADM2_CMR_NOUN,Noun,ADM1_CMR_WEST,CT_CMR
ADM2_CUB_ARTEMISA_ALQUIZAR,Alquízar,ADM1_CUB_ARTEMISA,CT_CUB
ADM2_CUB_ARTEMISA_ARTEMISA,Artemisa,ADM1_CUB_ARTEMISA,CT_CUB
ADM2_CUB_ARTEMISA_BAHIA_HONDA,Bahía Honda,ADM1_CUB_ARTEMISA,CT_CUB
ADM2_CUB_ARTEMISA_BAUTA,Bauta,ADM1_CUB_ARTEMISA,CT_CUB
ADM2_CUB_ARTEMISA_CAIMITO,Caimito,ADM1_CUB_ARTEMISA,CT_CUB
ADM2_CUB_ARTEMISA_CANDELARIA,Candelaria,ADM1_CUB_ARTEMISA,CT_CUB
ADM2_CUB_ARTEMISA_GUANAJAY,Guanajay,ADM1_CUB_ARTEMISA,CT_CUB
ADM2_CUB_ARTEMISA_GUIRA_DE_MELENA,Güira de Melena,ADM1_CUB_ARTEMISA,CT_CUB
ADM2_CUB_ARTEMISA_MARIEL,Mariel,ADM1_CUB_ARTEMISA,CT_CUB
ADM2_CUB_ARTEMISA_SAN_ANTONIO_DE_LOS_BANOS,San Antonio de los Baños,ADM1_CUB_ARTEMISA,CT_CUB
ADM2_CUB_ARTEMISA_SAN_CRISTOBAL,San Cristóbal,ADM1_CUB_ARTEMISA,CT_CUB
ADM2_CUB_CAMAGUEY_CAMAGUEY,Camagüey,ADM1_CUB_CAMAGUEY,CT_CUB
ADM2_CUB_CAMAGUEY_CARLOS_MANUEL_DE_CESPEDES,Carlos Manuel de Céspedes,ADM1_CUB_CAMAGUEY,CT_CUB
ADM2_CUB_CAMAGUEY_ESMERALDA,Esmeralda,ADM1_CUB_CAMAGUEY,CT_CUB
ADM2_CUB_CAMAGUEY_FLORIDA,Florida,ADM1_CUB_CAMAGUEY,CT_CUB
ADM2_CUB_CAMAGUEY_GUAIMARO,Guáimaro,ADM1_CUB_CAMAGUEY,CT_CUB
ADM2_CUB_CAMAGUEY_JIMAGUAYU,Jimaguayú,ADM1_CUB_CAMAGUEY,CT_CUB
ADM2_CUB_CAMAGUEY_MINAS,Minas,ADM1_CUB_CAMAGUEY,CT_CUB
ADM2_CUB_CAMAGUEY_NAJASA,Najasa,ADM1_CUB_CAMAGUEY,CT_CUB
ADM2_CUB_CAMAGUEY_NUEVITAS,Nuevitas,ADM1_CUB_CAMAGUEY,CT_CUB
ADM2_CUB_CAMAGUEY_SANTA_CRUZ_DEL_SUR,Santa Cruz del Sur,ADM1_CUB_CAMAGUEY,CT_CUB
ADM2_CUB_CAMAGUEY_SIBANICU,Sibanicú,ADM1_CUB_CAMAGUEY,CT_CUB
ADM2_CUB_CAMAGUEY_SIERRA_DE_CUBITAS,Sierra de Cubitas,ADM1_CUB_CAMAGUEY,CT_CUB
ADM2_CUB_CAMAGUEY_VERTIENTES,Vertientes,ADM1_CUB_CAMAGUEY,CT_CUB
ADM2_CUB_CIEGO_DE_AVILA_BARAGUA,Baraguá,ADM1_CUB_CIEGO_DE_AVILA,CT_CUB
ADM2_CUB_CIEGO_DE_AVILA_BOLIVIA,Bolivia,ADM1_CUB_CIEGO_DE_AVILA,CT_CUB
ADM2_CUB_CIEGO_DE_AVILA_CHAMBAS,Chambas,ADM1_CUB_CIEGO_DE_AVILA,CT_CUB
ADM2_CUB_CIEGO_DE_AVILA_CIEGO_DE_AVILA,Ciego de Ávila,ADM1_CUB_CIEGO_DE_AVILA,CT_CUB
ADM2_CUB_CIEGO_DE_AVILA_CIRO_REDONDO,Ciro Redondo,ADM1_CUB_CIEGO_DE_AVILA,CT_CUB
ADM2_CUB_CIEGO_DE_AVILA_FLORENCIA,Florencia,ADM1_CUB_CIEGO_DE_AVILA,CT_CUB
ADM2_CUB_CIEGO_DE_AVILA_MAJAGUA,Majagua,ADM1_CUB_CIEGO_DE_AVILA,CT_CUB
ADM2_CUB_CIEGO_DE_AVILA_MORON,Morón,ADM1_CUB_CIEGO_DE_AVILA,CT_CUB
ADM2_CUB_CIEGO_DE_AVILA_PRIMERO_DE_ENERO,Primero de Enero,ADM1_CUB_CIEGO_DE_AVILA,CT_CUB
ADM2_CUB_CIEGO_DE_AVILA_VENEZUELA,Venezuela,ADM1_CUB_CIEGO_DE_AVILA,CT_CUB
ADM2_CUB_CIENFUEGOS_ABREUS,Abreus,ADM1_CUB_CIENFUEGOS,CT_CUB
ADM2_CUB_CIENFUEGOS_AGUADA_DE_PASAJEROS,Aguada de Pasajeros,ADM1_CUB_CIENFUEGOS,CT_CUB
ADM2_CUB_CIENFUEGOS_CIENFUEGOS,Cienfuegos,ADM1_CUB_CIENFUEGOS,CT_CUB
ADM2_CUB_CIENFUEGOS_CRUCES,Cruces,ADM1_CUB_CIENFUEGOS,CT_CUB
ADM2_CUB_CIENFUEGOS_CUMANAYAGUA,Cumanayagua,ADM1_CUB_CIENFUEGOS,CT_CUB
ADM2_CUB_CIENFUEGOS_LAJAS,Lajas,ADM1_CUB_CIENFUEGOS,CT_CUB
ADM2_CUB_CIENFUEGOS_PALMIRA,Palmira,ADM1_CUB_CIENFUEGOS,CT_CUB
ADM2_CUB_CIENFUEGOS_RODAS,Rodas,ADM1_CUB_CIENFUEGOS,CT_CUB
ADM2_CUB_GRANMA_BARTOLOME_MASO,Bartolomé Masó,ADM1_CUB_GRANMA,CT_CUB
ADM2_CUB_GRANMA_BAYAMO,Bayamo,ADM1_CUB_GRANMA,CT_CUB
ADM2_CUB_GRANMA_BUEY_ARRIBA,Buey Arriba,ADM1_CUB_GRANMA,CT_CUB
ADM2_CUB_GRANMA_CAMPECHUELA,Campechuela,ADM1_CUB_GRANMA,CT_CUB
ADM2_CUB_GRANMA_CAUTO_CRISTO,Cauto Cristo,ADM1_CUB_GRANMA,CT_CUB
ADM2_CUB_GRANMA_GUISA,Guisa,ADM1_CUB_GRANMA,CT_CUB
ADM2_CUB_GRANMA_JIGUANI,Jiguaní,ADM1_CUB_GRANMA,CT_CUB
ADM2_CUB_GRANMA_MANZANILLO,Manzanillo,ADM1_CUB_GRANMA,CT_CUB
ADM2_CUB_GRANMA_MEDIA_LUNA,Media Luna,ADM1_CUB_GRANMA,CT_CUB
ADM2_CUB_GRANMA_NIQUERO,Niquero,ADM1_CUB_GRANMA,CT_CUB
ADM2_CUB_GRANMA_PILON,Pilón,ADM1_CUB_GRANMA,CT_CUB
ADM2_CUB_GRANMA_RIO_CAUTO,Río Cauto,ADM1_CUB_GRANMA,CT_CUB
ADM2_CUB_GRANMA_YARA,Yara,ADM1_CUB_GRANMA,CT_CUB
ADM2_CUB_GUANTANAMO_BARACOA,Baracoa,ADM1_CUB_GUANTANAMO,CT_CUB
ADM2_CUB_GUANTANAMO_CAIMANERA,Caimanera,ADM1_CUB_GUANTANAMO,CT_CUB
ADM2_CUB_GUANTANAMO_EL_SALVADOR,El Salvador,ADM1_CUB_GUANTANAMO,CT_CUB
ADM2_CUB_GUANTANAMO_GUANTANAMO,Guantánamo,ADM1_CUB_GUANTANAMO,CT_CUB
ADM2_CUB_GUANTANAMO_IMIAS,Imías,ADM1_CUB_GUANTANAMO,CT_CUB
ADM2_CUB_GUANTANAMO_MAISI,Maisí,ADM1_CUB_GUANTANAMO,CT_CUB
ADM2_CUB_GUANTANAMO_MANUEL_TAMES,Manuel Tames,ADM1_CUB_GUANTANAMO,CT_CUB
ADM2_CUB_GUANTANAMO_NICETO_PEREZ,Niceto Pérez,ADM1_CUB_GUANTANAMO,CT_CUB
ADM2_CUB_GUANTANAMO_SAN_ANTONIO_DEL_SUR,San Antonio del Sur,ADM1_CUB_GUANTANAMO,CT_CUB
ADM2_CUB_GUANTANAMO_YATERAS,Yateras,ADM1_CUB_GUANTANAMO,CT_CUB
ADM2_CUB_HOLGUIN_ANTILLA,Antilla,ADM1_CUB_HOLGUIN,CT_CUB
ADM2_CUB_HOLGUIN_BANES,Banes,ADM1_CUB_HOLGUIN,CT_CUB
ADM2_CUB_HOLGUIN_BAGUANOS,Báguanos,ADM1_CUB_HOLGUIN,CT_CUB
ADM2_CUB_HOLGUIN_CACOCUM,Cacocum,ADM1_CUB_HOLGUIN,CT_CUB
ADM2_CUB_HOLGUIN_CALIXTO_GARCIA,Calixto García,ADM1_CUB_HOLGUIN,CT_CUB
ADM2_CUB_HOLGUIN_CUETO,Cueto,ADM1_CUB_HOLGUIN,CT_CUB
ADM2_CUB_HOLGUIN_FRANK_PAIS,Frank País,ADM1_CUB_HOLGUIN,CT_CUB
ADM2_CUB_HOLGUIN_GIBARA,Gibara,ADM1_CUB_HOLGUIN,CT_CUB
ADM2_CUB_HOLGUIN_HOLGUIN,Holguín,ADM1_CUB_HOLGUIN,CT_CUB
ADM2_CUB_HOLGUIN_MAYARI,Mayarí,ADM1_CUB_HOLGUIN,CT_CUB
ADM2_CUB_HOLGUIN_MOA,Moa,ADM1_CUB_HOLGUIN,CT_CUB
ADM2_CUB_HOLGUIN_RAFAEL_FREYRE,Rafael Freyre,ADM1_CUB_HOLGUIN,CT_CUB
ADM2_CUB_HOLGUIN_SAGUA_DE_TANAMO,Sagua de Tánamo,ADM1_CUB_HOLGUIN,CT_CUB
ADM2_CUB_HOLGUIN_URBANO_NORIS,Urbano Noris,ADM1_CUB_HOLGUIN,CT_CUB
ADM2_CUB_LAS_TUNAS_AMANCIO,Amancio,ADM1_CUB_LAS_TUNAS,CT_CUB
ADM2_CUB_LAS_TUNAS_COLOMBIA,Colombia,ADM1_CUB_LAS_TUNAS,CT_CUB
ADM2_CUB_LAS_TUNAS_JESUS_MENENDEZ,Jesús Menéndez,ADM1_CUB_LAS_TUNAS,CT_CUB
ADM2_CUB_LAS_TUNAS_JOBABO,Jobabo,ADM1_CUB_LAS_TUNAS,CT_CUB
ADM2_CUB_LAS_TUNAS_LAS_TUNAS,Las Tunas,ADM1_CUB_LAS_TUNAS,CT_CUB
ADM2_CUB_LAS_TUNAS_MAJIBACOA,Majibacoa,ADM1_CUB_LAS_TUNAS,CT_CUB
ADM2_CUB_LAS_TUNAS_MANATI,Manatí,ADM1_CUB_LAS_TUNAS,CT_CUB
ADM2_CUB_LAS_TUNAS_PUERTO_PADRE,Puerto Padre,ADM1_CUB_LAS_TUNAS,CT_CUB
ADM2_CUB_LA_HABANA_ARROYO_NARANJO,Arroyo Naranjo,ADM1_CUB_LA_HABANA,CT_CUB
ADM2_CUB_LA_HABANA_BOYEROS,Boyeros,ADM1_CUB_LA_HABANA,CT_CUB
ADM2_CUB_LA_HABANA_CENTRO_HABANA,Centro Habana,ADM1_CUB_LA_HABANA,CT_CUB
ADM2_CUB_LA_HABANA_CERRO,Cerro,ADM1_CUB_LA_HABANA,CT_CUB
ADM2_CUB_LA_HABANA_COTORRO,Cotorro,ADM1_CUB_LA_HABANA,CT_CUB
ADM2_CUB_LA_HABANA_DIEZ_DE_OCTUBRE,Diez de Octubre,ADM1_CUB_LA_HABANA,CT_CUB
ADM2_CUB_LA_HABANA_GUANABACOA,Guanabacoa,ADM1_CUB_LA_HABANA,CT_CUB
ADM2_CUB_LA_HABANA_LA_HABANA_VIEJA,La Habana Vieja,ADM1_CUB_LA_HABANA,CT_CUB
ADM2_CUB_LA_HABANA_LA_HABANA_DEL_ESTE,La Habana del Este,ADM1_CUB_LA_HABANA,CT_CUB
ADM2_CUB_LA_HABANA_LA_LISA,La Lisa,ADM1_CUB_LA_HABANA,CT_CUB
ADM2_CUB_LA_HABANA_MARIANAO,Marianao,ADM1_CUB_LA_HABANA,CT_CUB
ADM2_CUB_LA_HABANA_PLAYA,Playa,ADM1_CUB_LA_HABANA,CT_CUB
ADM2_CUB_LA_HABANA_PLAZA_DE_LA_REVOLUCION,Plaza de la Revolución,ADM1_CUB_LA_HABANA,CT_CUB
ADM2_CUB_LA_HABANA_REGLA,Regla,ADM1_CUB_LA_HABANA,CT_CUB
ADM2_CUB_LA_HABANA_SAN_MIGUEL_DEL_PADRON,San Miguel del Padrón,ADM1_CUB_LA_HABANA,CT_CUB
ADM2_CUB_MATANZAS_CALIMETE,Calimete,ADM1_CUB_MATANZAS,CT_CUB
ADM2_CUB_MATANZAS_CIENAGA_DE_ZAPATA,Ciénaga de Zapata,ADM1_CUB_MATANZAS,CT_CUB
ADM2_CUB_MATANZAS_COLON,Colón,ADM1_CUB_MATANZAS,CT_CUB
ADM2_CUB_MATANZAS_CARDENAS,Cárdenas,ADM1_CUB_MATANZAS,CT_CUB
ADM2_CUB_MATANZAS_JAGUEY_GRANDE,Jagüey Grande,ADM1_CUB_MATANZAS,CT_CUB
ADM2_CUB_MATANZAS_JOVELLANOS,Jovellanos,ADM1_CUB_MATANZAS,CT_CUB
ADM2_CUB_MATANZAS_LIMONAR,Limonar,ADM1_CUB_MATANZAS,CT_CUB
ADM2_CUB_MATANZAS_LOS_ARABOS,Los Arabos,ADM1_CUB_MATANZAS,CT_CUB
ADM2_CUB_MATANZAS_MARTI,Martí,ADM1_CUB_MATANZAS,CT_CUB
ADM2_CUB_MATANZAS_MATANZAS,Matanzas,ADM1_CUB_MATANZAS,CT_CUB
ADM2_CUB_MATANZAS_PEDRO_BETANCOURT,Pedro Betancourt,ADM1_CUB_MATANZAS,CT_CUB
ADM2_CUB_MATANZAS_PERICO,Perico,ADM1_CUB_MATANZAS,CT_CUB
ADM2_CUB_MATANZAS_UNION_DE_REYES,Unión de Reyes,ADM1_CUB_MATANZAS,CT_CUB
ADM2_CUB_MAYABEQUE_BATABANO,Batabanó,ADM1_CUB_MAYABEQUE,CT_CUB
ADM2_CUB_MAYABEQUE_BEJUCAL,Bejucal,ADM1_CUB_MAYABEQUE,CT_CUB
ADM2_CUB_MAYABEQUE_GUINES,Güines,ADM1_CUB_MAYABEQUE,CT_CUB
ADM2_CUB_MAYABEQUE_JARUCO,Jaruco,ADM1_CUB_MAYABEQUE,CT_CUB
ADM2_CUB_MAYABEQUE_MADRUGA,Madruga,ADM1_CUB_MAYABEQUE,CT_CUB
ADM2_CUB_MAYABEQUE_MELENA_DEL_SUR,Melena del Sur,ADM1_CUB_MAYABEQUE,CT_CUB
ADM2_CUB_MAYABEQUE_NUEVA_PAZ,Nueva Paz,ADM1_CUB_MAYABEQUE,CT_CUB
ADM2_CUB_MAYABEQUE_QUIVICAN,Quivicán,ADM1_CUB_MAYABEQUE,CT_CUB
ADM2_CUB_MAYABEQUE_SAN_JOSE_DE_LAS_LAJAS,San José de las Lajas,ADM1_CUB_MAYABEQUE,CT_CUB
ADM2_CUB_MAYABEQUE_SAN_NICOLAS_DE_BARI,San Nicolás de Bari,ADM1_CUB_MAYABEQUE,CT_CUB
ADM2_CUB_MAYABEQUE_SANTA_CRUZ_DEL_NORTE,Santa Cruz del Norte,ADM1_CUB_MAYABEQUE,CT_CUB
ADM2_CUB_PINAR_DEL_RIO_CONSOLACION_DEL_SUR,Consolación del Sur,ADM1_CUB_PINAR_DEL_RIO,CT_CUB
ADM2_CUB_PINAR_DEL_RIO_GUANE,Guane,ADM1_CUB_PINAR_DEL_RIO,CT_CUB
ADM2_CUB_PINAR_DEL_RIO_LA_PALMA,La Palma,ADM1_CUB_PINAR_DEL_RIO,CT_CUB
ADM2_CUB_PINAR_DEL_RIO_LOS_PALACIOS,Los Palacios,ADM1_CUB_PINAR_DEL_RIO,CT_CUB
ADM2_CUB_PINAR_DEL_RIO_MANTUA,Mantua,ADM1_CUB_PINAR_DEL_RIO,CT_CUB
ADM2_CUB_PINAR_DEL_RIO_MINAS_DE_MATAHAMBRE,Minas de Matahambre,ADM1_CUB_PINAR_DEL_RIO,CT_CUB
ADM2_CUB_PINAR_DEL_RIO_PINAR_DEL_RIO,Pinar del Río,ADM1_CUB_PINAR_DEL_RIO,CT_CUB
ADM2_CUB_PINAR_DEL_RIO_SAN_JUAN_Y_MARTINEZ,San Juan y Martínez,ADM1_CUB_PINAR_DEL_RIO,CT_CUB
ADM2_CUB_PINAR_DEL_RIO_SAN_LUIS,San Luis,ADM1_CUB_PINAR_DEL_RIO,CT_CUB
ADM2_CUB_PINAR_DEL_RIO_SANDINO,Sandino,ADM1_CUB_PINAR_DEL_RIO,CT_CUB
ADM2_CUB_PINAR_DEL_RIO_VINALES,Viñales,ADM1_CUB_PINAR_DEL_RIO,CT_CUB
ADM2_CUB_SANCTI_SPIRITUS_CABAIGUAN,Cabaiguán,ADM1_CUB_SANCTI_SPIRITUS,CT_CUB
ADM2_CUB_SANCTI_SPIRITUS_FOMENTO,Fomento,ADM1_CUB_SANCTI_SPIRITUS,CT_CUB
ADM2_CUB_SANCTI_SPIRITUS_JATIBONICO,Jatibonico,ADM1_CUB_SANCTI_SPIRITUS,CT_CUB
ADM2_CUB_SANCTI_SPIRITUS_LA_SIERPE,La Sierpe,ADM1_CUB_SANCTI_SPIRITUS,CT_CUB
ADM2_CUB_SANCTI_SPIRITUS_SANCTI_SPIRITUS,Sancti Spíritus,ADM1_CUB_SANCTI_SPIRITUS,CT_CUB
ADM2_CUB_SANCTI_SPIRITUS_TAGUASCO,Taguasco,ADM1_CUB_SANCTI_SPIRITUS,CT_CUB
ADM2_CUB_SANCTI_SPIRITUS_TRINIDAD,Trinidad,ADM1_CUB_SANCTI_SPIRITUS,CT_CUB
ADM2_CUB_SANCTI_SPIRITUS_YAGUAJAY,Yaguajay,ADM1_CUB_SANCTI_SPIRITUS,CT_CUB
ADM2_CUB_SANTIAGO_DE_CUBA_CONTRAMAESTRE,Contramaestre,ADM1_CUB_SANTIAGO_DE_CUBA,CT_CUB
ADM2_CUB_SANTIAGO_DE_CUBA_GUAMA,Guamá,ADM1_CUB_SANTIAGO_DE_CUBA,CT_CUB
ADM2_CUB_SANTIAGO_DE_CUBA_MELLA,Mella,ADM1_CUB_SANTIAGO_DE_CUBA,CT_CUB
ADM2_CUB_SANTIAGO_DE_CUBA_PALMA_SORIANO,Palma Soriano,ADM1_CUB_SANTIAGO_DE_CUBA,CT_CUB
ADM2_CUB_SANTIAGO_DE_CUBA_SAN_LUIS,San Luis,ADM1_CUB_SANTIAGO_DE_CUBA,CT_CUB
ADM2_CUB_SANTIAGO_DE_CUBA_SANTIAGO_DE_CUBA,Santiago de Cuba,ADM1_CUB_SANTIAGO_DE_CUBA,CT_CUB
ADM2_CUB_SANTIAGO_DE_CUBA_SEGUNDO_FRENTE,Segundo Frente,ADM1_CUB_SANTIAGO_DE_CUBA,CT_CUB
ADM2_CUB_SANTIAGO_DE_CUBA_SONGO_LA_MAYA,Songo-La Maya,ADM1_CUB_SANTIAGO_DE_CUBA,CT_CUB
ADM2_CUB_SANTIAGO_DE_CUBA_TERCER_FRENTE,Tercer Frente,ADM1_CUB_SANTIAGO_DE_CUBA,CT_CUB
ADM2_CUB_VILLA_CLARA_CAIBARIEN,Caibarién,ADM1_CUB_VILLA_CLARA,CT_CUB
ADM2_CUB_VILLA_CLARA_CAMAJUANI,Camajuaní,ADM1_CUB_VILLA_CLARA,CT_CUB
ADM2_CUB_VILLA_CLARA_CIFUENTES,Cifuentes,ADM1_CUB_VILLA_CLARA,CT_CUB
ADM2_CUB_VILLA_CLARA_CORRALILLO,Corralillo,ADM1_CUB_VILLA_CLARA,CT_CUB
ADM2_CUB_VILLA_CLARA_ENCRUCIJADA,Encrucijada,ADM1_CUB_VILLA_CLARA,CT_CUB
ADM2_CUB_VILLA_CLARA_MANICARAGUA,Manicaragua,ADM1_CUB_VILLA_CLARA,CT_CUB
ADM2_CUB_VILLA_CLARA_PLACETAS,Placetas,ADM1_CUB_VILLA_CLARA,CT_CUB
ADM2_CUB_VILLA_CLARA_QUEMADO_DE_GUINES,Quemado de Güines,ADM1_CUB_VILLA_CLARA,CT_CUB
ADM2_CUB_VILLA_CLARA_RANCHUELO,Ranchuelo,ADM1_CUB_VILLA_CLARA,CT_CUB
ADM2_CUB_VILLA_CLARA_REMEDIOS,Remedios,ADM1_CUB_VILLA_CLARA,CT_CUB
ADM2_CUB_VILLA_CLARA_SAGUA_LA_GRANDE,Sagua la Grande,ADM1_CUB_VILLA_CLARA,CT_CUB
ADM2_CUB_VILLA_CLARA_SANTA_CLARA,Santa Clara,ADM1_CUB_VILLA_CLARA,CT_CUB
ADM2_CUB_VILLA_CLARA_SANTO_DOMINGO,Santo Domingo,ADM1_CUB_VILLA_CLARA,CT_CUB
ADM2_DOM_AZUA_AZUA,Azua,ADM1_DOM_AZUA,CT_DOM
ADM2_DOM_AZUA_ESTEBANIA,Estebanía,ADM1_DOM_AZUA,CT_DOM
ADM2_DOM_AZUA_GUAYABAL,Guayabal,ADM1_DOM_AZUA,CT_DOM
ADM2_DOM_AZUA_LAS_CHARCAS,Las Charcas,ADM1_DOM_AZUA,CT_DOM
ADM2_DOM_AZUA_LAS_YAYAS_DE_VIAJAMA,Las Yayas de Viajama,ADM1_DOM_AZUA,CT_DOM
ADM2_DOM_AZUA_NUEVA_SABANA_YEGUA,Nueva Sabana Yegua,ADM1_DOM_AZUA,CT_DOM
ADM2_DOM_AZUA_PADRE_LAS_CASAS,Padre Las Casas,ADM1_DOM_AZUA,CT_DOM
ADM2_DOM_AZUA_PERALTA,Peralta,ADM1_DOM_AZUA,CT_DOM
ADM2_DOM_AZUA_PUEBLO_VIEJO,Pueblo Viejo,ADM1_DOM_AZUA,CT_DOM
ADM2_DOM_AZUA_SABANA_YEGUA,Sabana Yegua,ADM1_DOM_AZUA,CT_DOM
ADM2_DOM_AZUA_TABARA_ARRIBA,Tábara Arriba,ADM1_DOM_AZUA,CT_DOM
ADM2_DOM_BAORUCO_GALVAN,Galván,ADM1_DOM_BAORUCO,CT_DOM
ADM2_DOM_BAORUCO_LOS_RIOS,Los Ríos,ADM1_DOM_BAORUCO,CT_DOM
ADM2_DOM_BAORUCO_NEIBA,Neiba,ADM1_DOM_BAORUCO,CT_DOM
ADM2_DOM_BAORUCO_TAMAYO,Tamayo,ADM1_DOM_BAORUCO,CT_DOM
ADM2_DOM_BAORUCO_VILLA_JARAGUA,Villa Jaragua,ADM1_DOM_BAORUCO,CT_DOM
ADM2_DOM_BARAHONA_CABRAL,Cabral,ADM1_DOM_BARAHONA,CT_DOM
ADM2_DOM_BARAHONA_EL_PENON,El Peñón,ADM1_DOM_BARAHONA,CT_DOM
ADM2_DOM_BARAHONA_ENRIQUILLO,Enriquillo,ADM1_DOM_BARAHONA,CT_DOM
ADM2_DOM_BARAHONA_FUNDACION,Fundación,ADM1_DOM_BARAHONA,CT_DOM
ADM2_DOM_BARAHONA_JAQUIMEYES,Jaquimeyes,ADM1_DOM_BARAHONA,CT_DOM
ADM2_DOM_BARAHONA_LA_CIENAGA,La Ciénaga,ADM1_DOM_BARAHONA,CT_DOM
ADM2_DOM_BARAHONA_LAS_SALINAS,Las Salinas,ADM1_DOM_BARAHONA,CT_DOM
ADM2_DOM_BARAHONA_PARAISO,Paraíso,ADM1_DOM_BARAHONA,CT_DOM
ADM2_DOM_BARAHONA_POLO,Polo,ADM1_DOM_BARAHONA,CT_DOM
ADM2_DOM_BARAHONA_SANTA_CRUZ_DE_BARAHONA,Santa Cruz de Barahona,ADM1_DOM_BARAHONA,CT_DOM
ADM2_DOM_BARAHONA_VICENTE_NOBLE,Vicente Noble,ADM1_DOM_BARAHONA,CT_DOM
ADM2_DOM_DAJABON_DAJABON,Dajabón,ADM1_DOM_DAJABON,CT_DOM
ADM2_DOM_DAJABON_EL_PINO,El Pino,ADM1_DOM_DAJABON,CT_DOM
ADM2_DOM_DAJABON_LOMA_DE_CABRERA,Loma de Cabrera,ADM1_DOM_DAJABON,CT_DOM
ADM2_DOM_DAJABON_PARTIDO,Partido,ADM1_DOM_DAJABON,CT_DOM
ADM2_DOM_DAJABON_RESTAURACION,Restauración,ADM1_DOM_DAJABON,CT_DOM
ADM2_DOM_DISTRITO_NACIONAL_SANTO_DOMINGO_DE_GUZMAN,Santo Domingo de Guzmán,ADM1_DOM_DISTRITO_NACIONAL,CT_DOM
ADM2_DOM_DUARTE_ARENOSO,Arenoso,ADM1_DOM_DUARTE,CT_DOM
ADM2_DOM_DUARTE_CASTILLO,Castillo,ADM1_DOM_DUARTE,CT_DOM
ADM2_DOM_DUARTE_EUGENIO_MARIA_DE_HOSTOS,Eugenio María de Hostos,ADM1_DOM_DUARTE,CT_DOM
ADM2_DOM_DUARTE_LAS_GUARANAS,Las Guáranas,ADM1_DOM_DUARTE,CT_DOM
ADM2_DOM_DUARTE_PIMENTEL,Pimentel,ADM1_DOM_DUARTE,CT_DOM
ADM2_DOM_DUARTE_SAN_FRANCISCO_DE_MACORIS,San Francisco de Macorís,ADM1_DOM_DUARTE,CT_DOM
ADM2_DOM_DUARTE_VILLA_RIVA,Villa Riva,ADM1_DOM_DUARTE,CT_DOM
ADM2_DOM_ELIAS_PINA_BANICA,Bánica,ADM1_DOM_ELIAS_PINA,CT_DOM
ADM2_DOM_ELIAS_PINA_COMENDADOR,Comendador,ADM1_DOM_ELIAS_PINA,CT_DOM
ADM2_DOM_ELIAS_PINA_EL_LLANO,El Llano,ADM1_DOM_ELIAS_PINA,CT_DOM
ADM2_DOM_ELIAS_PINA_HONDO_VALLE,Hondo Valle,ADM1_DOM_ELIAS_PINA,CT_DOM
ADM2_DOM_ELIAS_PINA_JUAN_SANTIAGO,Juan Santiago,ADM1_DOM_ELIAS_PINA,CT_DOM
ADM2_DOM_ELIAS_PINA_PEDRO_SANTANA,Pedro Santana,ADM1_DOM_ELIAS_PINA,CT_DOM
ADM2_DOM_EL_SEIBO_MICHES,Miches,ADM1_DOM_EL_SEIBO,CT_DOM
ADM2_DOM_EL_SEIBO_SANTA_CRUZ_DE_EL_SEIBO,Santa Cruz de El Seibo,ADM1_DOM_EL_SEIBO,CT_DOM
ADM2_DOM_ESPAILLAT_CAYETANO_GERMOSEN,Cayetano Germosén,ADM1_DOM_ESPAILLAT,CT_DOM
ADM2_DOM_ESPAILLAT_GASPAR_HERNANDEZ,Gaspar Hernández,ADM1_DOM_ESPAILLAT,CT_DOM
ADM2_DOM_ESPAILLAT_JAMAO_AL_NORTE,Jamao al Norte,ADM1_DOM_ESPAILLAT,CT_DOM
ADM2_DOM_ESPAILLAT_MOCA,Moca,ADM1_DOM_ESPAILLAT,CT_DOM
ADM2_DOM_ESPAILLAT_SAN_VICTOR,San Víctor,ADM1_DOM_ESPAILLAT,CT_DOM
ADM2_DOM_HATO_MAYOR_EL_VALLE,El Valle,ADM1_DOM_HATO_MAYOR,CT_DOM
ADM2_DOM_HATO_MAYOR_HATO_MAYOR_DEL_REY,Hato Mayor del Rey,ADM1_DOM_HATO_MAYOR,CT_DOM
ADM2_DOM_HATO_MAYOR_SABANA_DE_LA_MAR,Sabana de la Mar,ADM1_DOM_HATO_MAYOR,CT_DOM
ADM2_DOM_HERMANAS_MIRABAL_SALCEDO,Salcedo,ADM1_DOM_HERMANAS_MIRABAL,CT_DOM
ADM2_DOM_HERMANAS_MIRABAL_TENARES,Tenares,ADM1_DOM_HERMANAS_MIRABAL,CT_DOM
ADM2_DOM_HERMANAS_MIRABAL_VILLA_TAPIA,Villa Tapia,ADM1_DOM_HERMANAS_MIRABAL,CT_DOM
ADM2_DOM_INDEPENDENCIA_CRISTOBAL,Cristóbal,ADM1_DOM_INDEPENDENCIA,CT_DOM
ADM2_DOM_INDEPENDENCIA_DUVERGE,Duvergé,ADM1_DOM_INDEPENDENCIA,CT_DOM
ADM2_DOM_INDEPENDENCIA_JIMANI,Jimaní,ADM1_DOM_INDEPENDENCIA,CT_DOM
ADM2_DOM_INDEPENDENCIA_LA_DESCUBIERTA,La Descubierta,ADM1_DOM_INDEPENDENCIA,CT_DOM
ADM2_DOM_INDEPENDENCIA_MELLA,Mella,ADM1_DOM_INDEPENDENCIA,CT_DOM
ADM2_DOM_INDEPENDENCIA_POSTRER_RIO,Postrer Río,ADM1_DOM_INDEPENDENCIA,CT_DOM
ADM2_DOM_LA_ALTAGRACIA_HIGUEY,Higüey,ADM1_DOM_LA_ALTAGRACIA,CT_DOM
ADM2_DOM_LA_ALTAGRACIA_SAN_RAFAEL_DEL_YUMA,San Rafael del Yuma,ADM1_DOM_LA_ALTAGRACIA,CT_DOM
ADM2_DOM_LA_ROMANA_GUAYMATE,Guaymate,ADM1_DOM_LA_ROMANA,CT_DOM
ADM2_DOM_LA_ROMANA_LA_ROMANA,La Romana,ADM1_DOM_LA_ROMANA,CT_DOM
ADM2_DOM_LA_ROMANA_VILLA_HERMOSA,Villa Hermosa,ADM1_DOM_LA_ROMANA,CT_DOM
ADM2_DOM_LA_VEGA_CONCEPCION_DE_LA_VEGA,Concepción de la Vega,ADM1_DOM_LA_VEGA,CT_DOM
ADM2_DOM_LA_VEGA_CONSTANZA,Constanza,ADM1_DOM_LA_VEGA,CT_DOM
ADM2_DOM_LA_VEGA_JARABACOA,Jarabacoa,ADM1_DOM_LA_VEGA,CT_DOM
ADM2_DOM_LA_VEGA_JIMA_ABAJO,Jima Abajo,ADM1_DOM_LA_VEGA,CT_DOM
ADM2_DOM_MARIA_TRINIDAD_SANCHEZ_CABRERA,Cabrera,ADM1_DOM_MARIA_TRINIDAD_SANCHEZ,CT_DOM
ADM2_DOM_MARIA_TRINIDAD_SANCHEZ_EL_FACTOR,El Factor,ADM1_DOM_MARIA_TRINIDAD_SANCHEZ,CT_DOM
ADM2_DOM_MARIA_TRINIDAD_SANCHEZ_NAGUA,Nagua,ADM1_DOM_MARIA_TRINIDAD_SANCHEZ,CT_DOM
ADM2_DOM_MARIA_TRINIDAD_SANCHEZ_RIO_SAN_JUAN,Río San Juan,ADM1_DOM_MARIA_TRINIDAD_SANCHEZ,CT_DOM
ADM2_DOM_MONSENOR_NOUEL_BONAO,Bonao,ADM1_DOM_MONSENOR_NOUEL,CT_DOM
ADM2_DOM_MONSENOR_NOUEL_MAIMON,Maimón,ADM1_DOM_MONSENOR_NOUEL,CT_DOM
ADM2_DOM_MONSENOR_NOUEL_PIEDRA_BLANCA,Piedra Blanca,ADM1_DOM_MONSENOR_NOUEL,CT_DOM
ADM2_DOM_MONTE_CRISTI_CASTANUELAS,Castañuelas,ADM1_DOM_MONTE_CRISTI,CT_DOM
ADM2_DOM_MONTE_CRISTI_GUAYUBIN,Guayubín,ADM1_DOM_MONTE_CRISTI,CT_DOM
ADM2_DOM_MONTE_CRISTI_LAS_MATAS_DE_SANTA_CRUZ,Las Matas de Santa Cruz,ADM1_DOM_MONTE_CRISTI,CT_DOM
ADM2_DOM_MONTE_CRISTI_PEPILLO_SALCEDO,Pepillo Salcedo,ADM1_DOM_MONTE_CRISTI,CT_DOM
ADM2_DOM_MONTE_CRISTI_SAN_FERNANDO_DE_MONTE_CRISTI,San Fernando de Monte Cristi,ADM1_DOM_MONTE_CRISTI,CT_DOM
ADM2_DOM_MONTE_CRISTI_VILLA_VASQUEZ,Villa Vásquez,ADM1_DOM_MONTE_CRISTI,CT_DOM
ADM2_DOM_MONTE_PLATA_BAYAGUANA,Bayaguana,ADM1_DOM_MONTE_PLATA,CT_DOM
ADM2_DOM_MONTE_PLATA_MONTE_PLATA,Monte Plata,ADM1_DOM_MONTE_PLATA,CT_DOM
ADM2_DOM_MONTE_PLATA_PERALVILLO,Peralvillo,ADM1_DOM_MONTE_PLATA,CT_DOM
ADM2_DOM_MONTE_PLATA_SABANA_GRANDE_DE_BOYA,Sabana Grande de Boyá,ADM1_DOM_MONTE_PLATA,CT_DOM
ADM2_DOM_MONTE_PLATA_YAMASA,Yamasá,ADM1_DOM_MONTE_PLATA,CT_DOM
ADM2_DOM_PEDERNALES_OVIEDO,Oviedo,ADM1_DOM_PEDERNALES,CT_DOM
ADM2_DOM_PEDERNALES_PEDERNALES,Pedernales,ADM1_DOM_PEDERNALES,CT_DOM
ADM2_DOM_PERAVIA_BANI,Baní,ADM1_DOM_PERAVIA,CT_DOM
ADM2_DOM_PERAVIA_MATANZAS,Matanzas,ADM1_DOM_PERAVIA,CT_DOM
ADM2_DOM_PERAVIA_NIZAO,Nizao,ADM1_DOM_PERAVIA,CT_DOM
ADM2_DOM_PUERTO_PLATA_ALTAMIRA,Altamira,ADM1_DOM_PUERTO_PLATA,CT_DOM
ADM2_DOM_PUERTO_PLATA_GUANANICO,Guananico,ADM1_DOM_PUERTO_PLATA,CT_DOM
ADM2_DOM_PUERTO_PLATA_IMBERT,Imbert,ADM1_DOM_PUERTO_PLATA,CT_DOM
ADM2_DOM_PUERTO_PLATA_LOS_HIDALGOS,Los Hidalgos,ADM1_DOM_PUERTO_PLATA,CT_DOM
ADM2_DOM_PUERTO_PLATA_LUPERON,Luperón,ADM1_DOM_PUERTO_PLATA,CT_DOM
ADM2_DOM_PUERTO_PLATA_PUERTO_PLATA,Puerto Plata,ADM1_DOM_PUERTO_PLATA,CT_DOM
ADM2_DOM_PUERTO_PLATA_SOSUA,Sosúa,ADM1_DOM_PUERTO_PLATA,CT_DOM
ADM2_DOM_PUERTO_PLATA_VILLA_ISABELA,Villa Isabela,ADM1_DOM_PUERTO_PLATA,CT_DOM
ADM2_DOM_PUERTO_PLATA_VILLA_MONTELLANO,Villa Montellano,ADM1_DOM_PUERTO_PLATA,CT_DOM
ADM2_DOM_SAMANA_LAS_TERRENAS,Las Terrenas,ADM1_DOM_SAMANA,CT_DOM
ADM2_DOM_SAMANA_SANTA_BARBARA_DE_SAMANA,Santa Bárbara de Samaná,ADM1_DOM_SAMANA,CT_DOM
ADM2_DOM_SAMANA_SANCHEZ,Sánchez,ADM1_DOM_SAMANA,CT_DOM
ADM2_DOM_SANCHEZ_RAMIREZ_CEVICOS,Cevicos,ADM1_DOM_SANCHEZ_RAMIREZ,CT_DOM
ADM2_DOM_SANCHEZ_RAMIREZ_COTUI,Cotuí,ADM1_DOM_SANCHEZ_RAMIREZ,CT_DOM
ADM2_DOM_SANCHEZ_RAMIREZ_FANTINO,Fantino,ADM1_DOM_SANCHEZ_RAMIREZ,CT_DOM
ADM2_DOM_SANCHEZ_RAMIREZ_LA_MATA,La Mata,ADM1_DOM_SANCHEZ_RAMIREZ,CT_DOM
ADM2_DOM_SANTIAGO_BAITOA,Baitoa,ADM1_DOM_SANTIAGO,CT_DOM
ADM2_DOM_SANTIAGO_JANICO,Jánico,ADM1_DOM_SANTIAGO,CT_DOM
ADM2_DOM_SANTIAGO_LICEY_AL_MEDIO,Licey al Medio,ADM1_DOM_SANTIAGO,CT_DOM
ADM2_DOM_SANTIAGO_PUNAL,Puñal,ADM1_DOM_SANTIAGO,CT_DOM
ADM2_DOM_SANTIAGO_SABANA_IGLESIA,Sabana Iglesia,ADM1_DOM_SANTIAGO,CT_DOM
ADM2_DOM_SANTIAGO_SAN_JOSE_DE_LAS_MATAS,San José de las Matas,ADM1_DOM_SANTIAGO,CT_DOM
ADM2_DOM_SANTIAGO_SANTIAGO_DE_LOS_CABALLEROS,Santiago de los Caballeros,ADM1_DOM_SANTIAGO,CT_DOM
ADM2_DOM_SANTIAGO_TAMBORIL,Tamboril,ADM1_DOM_SANTIAGO,CT_DOM
ADM2_DOM_SANTIAGO_VILLA_BISONO,Villa Bisonó,ADM1_DOM_SANTIAGO,CT_DOM
ADM2_DOM_SANTIAGO_VILLA_GONZALEZ,Villa González,ADM1_DOM_SANTIAGO,CT_DOM
ADM2_DOM_SANTIAGO_RODRIGUEZ_MONCION,Monción,ADM1_DOM_SANTIAGO_RODRIGUEZ,CT_DOM
ADM2_DOM_SANTIAGO_RODRIGUEZ_SAN_IGNACIO_DE_SABANETA,San Ignacio de Sabaneta,ADM1_DOM_SANTIAGO_RODRIGUEZ,CT_DOM
ADM2_DOM_SANTIAGO_RODRIGUEZ_VILLA_LOS_ALMACIGOS,Villa Los Almácigos,ADM1_DOM_SANTIAGO_RODRIGUEZ,CT_DOM
ADM2_DOM_SANTO_DOMINGO_BOCA_CHICA,Boca Chica,ADM1_DOM_SANTO_DOMINGO,CT_DOM
ADM2_DOM_SANTO_DOMINGO_LOS_ALCARRIZOS,Los Alcarrizos,ADM1_DOM_SANTO_DOMINGO,CT_DOM
ADM2_DOM_SANTO_DOMINGO_PEDRO_BRAND,Pedro Brand,ADM1_DOM_SANTO_DOMINGO,CT_DOM
ADM2_DOM_SANTO_DOMINGO_SAN_ANTONIO_DE_GUERRA,San Antonio de Guerra,ADM1_DOM_SANTO_DOMINGO,CT_DOM
ADM2_DOM_SANTO_DOMINGO_SANTO_DOMINGO_ESTE,Santo Domingo Este,ADM1_DOM_SANTO_DOMINGO,CT_DOM
ADM2_DOM_SANTO_DOMINGO_SANTO_DOMINGO_NORTE,Santo Domingo Norte,ADM1_DOM_SANTO_DOMINGO,CT_DOM
ADM2_DOM_SANTO_DOMINGO_SANTO_DOMINGO_OESTE,Santo Domingo Oeste,ADM1_DOM_SANTO_DOMINGO,CT_DOM
ADM2_DOM_SAN_CRISTOBAL_BAJOS_DE_HAINA,Bajos de Haina,ADM1_DOM_SAN_CRISTOBAL,CT_DOM
ADM2_DOM_SAN_CRISTOBAL_CAMBITA_GARABITOS,Cambita Garabitos,ADM1_DOM_SAN_CRISTOBAL,CT_DOM
ADM2_DOM_SAN_CRISTOBAL_LOS_CACAOS,Los Cacaos,ADM1_DOM_SAN_CRISTOBAL,CT_DOM
ADM2_DOM_SAN_CRISTOBAL_SABANA_GRANDE_DE_PALENQUE,Sabana Grande de Palenque,ADM1_DOM_SAN_CRISTOBAL,CT_DOM
ADM2_DOM_SAN_CRISTOBAL_SAN_CRISTOBAL,San Cristóbal,ADM1_DOM_SAN_CRISTOBAL,CT_DOM
ADM2_DOM_SAN_CRISTOBAL_SAN_GREGORIO_DE_NIGUA,San Gregorio de Nigua,ADM1_DOM_SAN_CRISTOBAL,CT_DOM
ADM2_DOM_SAN_CRISTOBAL_SAN_GREGORIO_DE_YAGUATE,San Gregorio de Yaguate,ADM1_DOM_SAN_CRISTOBAL,CT_DOM
ADM2_DOM_SAN_CRISTOBAL_VILLA_ALTAGRACIA,Villa Altagracia,ADM1_DOM_SAN_CRISTOBAL,CT_DOM
ADM2_DOM_SAN_JOSE_DE_OCOA_RANCHO_ARRIBA,Rancho Arriba,ADM1_DOM_SAN_JOSE_DE_OCOA,CT_DOM
ADM2_DOM_SAN_JOSE_DE_OCOA_SABANA_LARGA,Sabana Larga,ADM1_DOM_SAN_JOSE_DE_OCOA,CT_DOM
ADM2_DOM_SAN_JOSE_DE_OCOA_SAN_JOSE_DE_OCOA,San José de Ocoa,ADM1_DOM_SAN_JOSE_DE_OCOA,CT_DOM
ADM2_DOM_SAN_JUAN_BOHECHIO,Bohechío,ADM1_DOM_SAN_JUAN,CT_DOM
ADM2_DOM_SAN_JUAN_EL_CERCADO,El Cercado,ADM1_DOM_SAN_JUAN,CT_DOM
ADM2_DOM_SAN_JUAN_JUAN_DE_HERRERA,Juan de Herrera,ADM1_DOM_SAN_JUAN,CT_DOM
ADM2_DOM_SAN_JUAN_LAS_MATAS_DE_FARFAN,Las Matas de Farfán,ADM1_DOM_SAN_JUAN,CT_DOM
ADM2_DOM_SAN_JUAN_SAN_JUAN_DE_LA_MAGUANA,San Juan de la Maguana,ADM1_DOM_SAN_JUAN,CT_DOM
ADM2_DOM_SAN_JUAN_VALLEJUELO,Vallejuelo,ADM1_DOM_SAN_JUAN,CT_DOM
ADM2_DOM_SAN_PEDRO_DE_MACORIS_CONSUELO,Consuelo,ADM1_DOM_SAN_PEDRO_DE_MACORIS,CT_DOM
ADM2_DOM_SAN_PEDRO_DE_MACORIS_GUAYACANES,Guayacanes,ADM1_DOM_SAN_PEDRO_DE_MACORIS,CT_DOM
ADM2_DOM_SAN_PEDRO_DE_MACORIS_QUISQUEYA,Quisqueya,ADM1_DOM_SAN_PEDRO_DE_MACORIS,CT_DOM
ADM2_DOM_SAN_PEDRO_DE_MACORIS_RAMON_SANTANA,Ramón Santana,ADM1_DOM_SAN_PEDRO_DE_MACORIS,CT_DOM
ADM2_DOM_SAN_PEDRO_DE_MACORIS_SAN_JOSE_DE_LOS_LLANOS,San José de los Llanos,ADM1_DOM_SAN_PEDRO_DE_MACORIS,CT_DOM
ADM2_DOM_SAN_PEDRO_DE_MACORIS_SAN_PEDRO_DE_MACORIS,San Pedro de Macorís,ADM1_DOM_SAN_PEDRO_DE_MACORIS,CT_DOM
ADM2_DOM_VALVERDE_ESPERANZA,Esperanza,ADM1_DOM_VALVERDE,CT_DOM
ADM2_DOM_VALVERDE_LAGUNA_SALADA,Laguna Salada,ADM1_DOM_VALVERDE,CT_DOM
ADM2_DOM_VALVERDE_SANTA_CRUZ_DE_MAO,Santa Cruz de Mao,ADM1_DOM_VALVERDE,CT_DOM
ADM2_ESP_ANDALUSIA_ALMERIA,Almería,ADM1_ESP_ANDALUSIA,CT_ESP
ADM2_ESP_ANDALUSIA_CADIZ,Cádiz,ADM1_ESP_ANDALUSIA,CT_ESP
ADM2_ESP_ANDALUSIA_CORDOBA,Córdoba,ADM1_ESP_ANDALUSIA,CT_ESP
ADM2_ESP_ANDALUSIA_GRANADA,Granada,ADM1_ESP_ANDALUSIA,CT_ESP
ADM2_ESP_ANDALUSIA_HUELVA,Huelva,ADM1_ESP_ANDALUSIA,CT_ESP
ADM2_ESP_ANDALUSIA_JAEN,Jaén,ADM1_ESP_ANDALUSIA,CT_ESP
ADM2_ESP_ANDALUSIA_MALAGA,Málaga,ADM1_ESP_ANDALUSIA,CT_ESP
ADM2_ESP_ANDALUSIA_SEVILLE,Seville,ADM1_ESP_ANDALUSIA,CT_ESP
ADM2_ESP_BASQUE_COUNTRY_BISCAY,Biscay,ADM1_ESP_BASQUE_COUNTRY,CT_ESP
ADM2_ESP_BASQUE_COUNTRY_GIPUZKOA,Gipuzkoa,ADM1_ESP_BASQUE_COUNTRY,CT_ESP
ADM2_ESP_BASQUE_COUNTRY_ALAVA,Álava,ADM1_ESP_BASQUE_COUNTRY,CT_ESP
ADM2_ESP_CANARY_ISLANDS_LAS_PALMAS,Las Palmas,ADM1_ESP_CANARY_ISLANDS,CT_ESP
ADM2_ESP_CANARY_ISLANDS_SANTA_CRUZ_DE_TENERIFE,Santa Cruz de Tenerife,ADM1_ESP_CANARY_ISLANDS,CT_ESP
ADM2_ESP_CATALONIA_BARCELONA,Barcelona,ADM1_ESP_CATALONIA,CT_ESP
ADM2_ESP_CATALONIA_GIRONA,Girona,ADM1_ESP_CATALONIA,CT_ESP
ADM2_ESP_CATALONIA_LLEIDA,Lleida,ADM1_ESP_CATALONIA,CT_ESP
ADM2_ESP_CATALONIA_TARRAGONA,Tarragona,ADM1_ESP_CATALONIA,CT_ESP
ADM2_ESP_COMMUNITY_OF_MADRID_MADRID,Madrid,ADM1_ESP_COMMUNITY_OF_MADRID,CT_ESP
ADM2_ESP_VALENCIAN_COMMUNITY_ALICANTE,Alicante,ADM1_ESP_VALENCIAN_COMMUNITY,CT_ESP
ADM2_ESP_VALENCIAN_COMMUNITY_CASTELLON,Castellón,ADM1_ESP_VALENCIAN_COMMUNITY,CT_ESP
ADM2_ESP_VALENCIAN_COMMUNITY_VALENCIA,Valencia,ADM1_ESP_VALENCIAN_COMMUNITY,CT_ESP
ADM2_GAB_ESTUAIRE_KOMO,Komo,ADM1_GAB_ESTUAIRE,CT_GAB
ADM2_GAB_ESTUAIRE_KOMO_MONDAH,Komo-Mondah,ADM1_GAB_ESTUAIRE,CT_GAB
ADM2_GAB_ESTUAIRE_KOMO_OCEAN,Komo-Océan,ADM1_GAB_ESTUAIRE,CT_GAB
ADM2_GAB_ESTUAIRE_LIBREVILLE,Libreville,ADM1_GAB_ESTUAIRE,CT_GAB
ADM2_GAB_ESTUAIRE_NOYA,Noya,ADM1_GAB_ESTUAIRE,CT_GAB
ADM2_GAB_HAUT_OGOOUE_BAYI_BRIKOLO,Bayi-Brikolo,ADM1_GAB_HAUT_OGOOUE,CT_GAB
ADM2_GAB_HAUT_OGOOUE_DJOUE,Djoue,ADM1_GAB_HAUT_OGOOUE,CT_GAB
ADM2_GAB_HAUT_OGOOUE_DJOUOURI_AGUILLI,Djououri-Aguilli,ADM1_GAB_HAUT_OGOOUE,CT_GAB
ADM2_GAB_HAUT_OGOOUE_LEBOUMBI_LEYOU,Leboumbi-Leyou,ADM1_GAB_HAUT_OGOOUE,CT_GAB
ADM2_GAB_HAUT_OGOOUE_LEKOKO,Lekoko,ADM1_GAB_HAUT_OGOOUE,CT_GAB
ADM2_GAB_HAUT_OGOOUE_LEKONI_LEKORI,Lekoni-Lekori,ADM1_GAB_HAUT_OGOOUE,CT_GAB
ADM2_GAB_HAUT_OGOOUE_LEKABI_LEWOLO,Lékabi-Léwolo,ADM1_GAB_HAUT_OGOOUE,CT_GAB
ADM2_GAB_HAUT_OGOOUE_MPASSA,Mpassa,ADM1_GAB_HAUT_OGOOUE,CT_GAB
ADM2_GAB_HAUT_OGOOUE_OGOOUE_LETILI,Ogooué-Létili,ADM1_GAB_HAUT_OGOOUE,CT_GAB
ADM2_GAB_HAUT_OGOOUE_PLATEAUX,Plateaux,ADM1_GAB_HAUT_OGOOUE,CT_GAB
ADM2_GAB_HAUT_OGOOUE_SEBE_BRIKOLO,Sebe-Brikolo,ADM1_GAB_HAUT_OGOOUE,CT_GAB
ADM2_GAB_MOYEN_OGOOUE_ABANGA_BIGNE,Abanga-Bigne,ADM1_GAB_MOYEN_OGOOUE,CT_GAB
ADM2_GAB_MOYEN_OGOOUE_OGOOUE_ET_DES_LACS,Ogooué et des Lacs,ADM1_GAB_MOYEN_OGOOUE,CT_GAB
ADM2_GAB_NGOUNIE_BOUMI_LOUETSI,Boumi-Louetsi,ADM1_GAB_NGOUNIE,CT_GAB
ADM2_GAB_NGOUNIE_DOLA,Dola,ADM1_GAB_NGOUNIE,CT_GAB
ADM2_GAB_NGOUNIE_DOUYA_ONOY,Douya-Onoy,ADM1_GAB_NGOUNIE,CT_GAB
ADM2_GAB_NGOUNIE_LOUETSI_BIBAKA,Louetsi-Bibaka,ADM1_GAB_NGOUNIE,CT_GAB
ADM2_GAB_NGOUNIE_LOUETSI_WANO,Louetsi-Wano,ADM1_GAB_NGOUNIE,CT_GAB
ADM2_GAB_NGOUNIE_MOUGALABA,Mougalaba,ADM1_GAB_NGOUNIE,CT_GAB
ADM2_GAB_NGOUNIE_NDOLOU,Ndolou,ADM1_GAB_NGOUNIE,CT_GAB
ADM2_GAB_NGOUNIE_OGOULOU,Ogoulou,ADM1_GAB_NGOUNIE,CT_GAB
ADM2_GAB_NGOUNIE_TSAMBA_MAGOTSI,Tsamba-Magotsi,ADM1_GAB_NGOUNIE,CT_GAB
ADM2_GAB_NYANGA_BASSE_BANIO,Basse-Banio,ADM1_GAB_NYANGA,CT_GAB
ADM2_GAB_NYANGA_DOUIGNI,Douigni,ADM1_GAB_NYANGA,CT_GAB
ADM2_GAB_NYANGA_DOUTSILA,Doutsila,ADM1_GAB_NYANGA,CT_GAB
ADM2_GAB_NYANGA_HAUTE_BANIO,Haute-Banio,ADM1_GAB_NYANGA,CT_GAB
ADM2_GAB_NYANGA_MONGO,Mongo,ADM1_GAB_NYANGA,CT_GAB
ADM2_GAB_NYANGA_MOUGOUTSI,Mougoutsi,ADM1_GAB_NYANGA,CT_GAB
ADM2_GAB_OGOOUE_IVINDO_IVINDO,Ivindo,ADM1_GAB_OGOOUE_IVINDO,CT_GAB
ADM2_GAB_OGOOUE_IVINDO_LOPE,Lopé,ADM1_GAB_OGOOUE_IVINDO,CT_GAB
ADM2_GAB_OGOOUE_IVINDO_MVOUNG,Mvoung,ADM1_GAB_OGOOUE_IVINDO,CT_GAB
ADM2_GAB_OGOOUE_IVINDO_ZADIE,Zadié,ADM1_GAB_OGOOUE_IVINDO,CT_GAB
ADM2_GAB_OGOOUE_LOLO_LOLO_BOUENGUIDI,Lolo-Bouenguidi,ADM1_GAB_OGOOUE_LOLO,CT_GAB
ADM2_GAB_OGOOUE_LOLO_LOMBO_BOUENGUIDI,Lombo-Bouenguidi,ADM1_GAB_OGOOUE_LOLO,CT_GAB
ADM2_GAB_OGOOUE_LOLO_MOULOUNDOU,Mouloundou,ADM1_GAB_OGOOUE_LOLO,CT_GAB
ADM2_GAB_OGOOUE_LOLO_OFFOUE_ONOYE,Offoué-Onoye,ADM1_GAB_OGOOUE_LOLO,CT_GAB
ADM2_GAB_OGOOUE_MARITIME_BENDJE,Bendjé,ADM1_GAB_OGOOUE_MARITIME,CT_GAB
ADM2_GAB_OGOOUE_MARITIME_ETIMBOUE,Etimboué,ADM1_GAB_OGOOUE_MARITIME,CT_GAB
ADM2_GAB_OGOOUE_MARITIME_NDOUGOU,Ndougou,ADM1_GAB_OGOOUE_MARITIME,CT_GAB
ADM2_GAB_WOLEU_NTEM_HAUT_KOMO,Haut-Komo,ADM1_GAB_WOLEU_NTEM,CT_GAB
ADM2_GAB_WOLEU_NTEM_HAUT_NTEM,Haut-Ntem,ADM1_GAB_WOLEU_NTEM,CT_GAB
ADM2_GAB_WOLEU_NTEM_NTEM,Ntem,ADM1_GAB_WOLEU_NTEM,CT_GAB
ADM2_GAB_WOLEU_NTEM_OKANO,Okano,ADM1_GAB_WOLEU_NTEM,CT_GAB
ADM2_GAB_WOLEU_NTEM_WOLEU,Woleu,ADM1_GAB_WOLEU_NTEM,CT_GAB
ADM2_GBR_ENGLAND_BERKSHIRE,Berkshire,ADM1_GBR_ENGLAND,CT_GBR
ADM2_GBR_ENGLAND_ESSEX,Essex,ADM1_GBR_ENGLAND,CT_GBR
ADM2_GBR_ENGLAND_GREATER_LONDON,Greater London,ADM1_GBR_ENGLAND,CT_GBR
ADM2_GBR_ENGLAND_GREATER_MANCHESTER,Greater Manchester,ADM1_GBR_ENGLAND,CT_GBR
ADM2_GBR_ENGLAND_HAMPSHIRE,Hampshire,ADM1_GBR_ENGLAND,CT_GBR
ADM2_GBR_ENGLAND_KENT,Kent,ADM1_GBR_ENGLAND,CT_GBR
ADM2_GBR_ENGLAND_LEICESTERSHIRE,Leicestershire,ADM1_GBR_ENGLAND,CT_GBR
ADM2_GBR_ENGLAND_MERSEYSIDE,Merseyside,ADM1_GBR_ENGLAND,CT_GBR
ADM2_GBR_ENGLAND_WEST_MIDLANDS,West Midlands,ADM1_GBR_ENGLAND,CT_GBR
ADM2_GBR_ENGLAND_WEST_YORKSHIRE,West Yorkshire,ADM1_GBR_ENGLAND,CT_GBR
ADM2_GBR_SCOTLAND_ABERDEEN_CITY,Aberdeen City,ADM1_GBR_SCOTLAND,CT_GBR
ADM2_GBR_SCOTLAND_CITY_OF_EDINBURGH,City of Edinburgh,ADM1_GBR_SCOTLAND,CT_GBR
ADM2_GBR_SCOTLAND_DUNDEE_CITY,Dundee City,ADM1_GBR_SCOTLAND,CT_GBR
ADM2_GBR_SCOTLAND_FIFE,Fife,ADM1_GBR_SCOTLAND,CT_GBR
ADM2_GBR_SCOTLAND_GLASGOW_CITY,Glasgow City,ADM1_GBR_SCOTLAND,CT_GBR
ADM2_GBR_WALES_CARDIFF,Cardiff,ADM1_GBR_WALES,CT_GBR
ADM2_GBR_WALES_NEWPORT,Newport,ADM1_GBR_WALES,CT_GBR
ADM2_GBR_WALES_SWANSEA,Swansea,ADM1_GBR_WALES,CT_GBR
ADM2_GBR_WALES_WREXHAM,Wrexham,ADM1_GBR_WALES,CT_GBR
ADM2_GHA_ASUNAFO_NORTH,Asunafo North,ADM1_GHA_AHAFO,CT_GHA
ADM2_GHA_ASUNAFO_SOUTH,Asunafo South,ADM1_GHA_AHAFO,CT_GHA
ADM2_GHA_ASUTIFI_NORTH,Asutifi North,ADM1_GHA_AHAFO,CT_GHA
ADM2_GHA_ASUTIFI_SOUTH,Asutifi South,ADM1_GHA_AHAFO,CT_GHA
ADM2_GHA_TANO_NORTH,Tano North,ADM1_GHA_AHAFO,CT_GHA
ADM2_GHA_TANO_SOUTH,Tano South,ADM1_GHA_AHAFO,CT_GHA
ADM2_GHA_ADANSI_ASOKWA,Adansi Asokwa,ADM1_GHA_ASHANTI,CT_GHA
ADM2_GHA_ADANSI_NORTH,Adansi North,ADM1_GHA_ASHANTI,CT_GHA
ADM2_GHA_ADANSI_SOUTH,Adansi South,ADM1_GHA_ASHANTI,CT_GHA
ADM2_GHA_AFIGYA_KWABRE_NORTH,Afigya-Kwabre North,ADM1_GHA_ASHANTI,CT_GHA
ADM2_GHA_AFIGYA_KWABRE_SOUTH,Afigya-Kwabre South,ADM1_GHA_ASHANTI,CT_GHA
ADM2_GHA_AHAFO_ANO_NORTH,Ahafo-Ano North,ADM1_GHA_ASHANTI,CT_GHA
ADM2_GHA_AHAFO_ANO_SOUTH_EAST,Ahafo-Ano South East,ADM1_GHA_ASHANTI,CT_GHA
ADM2_GHA_AHAFO_ANO_SOUTH_WEST,Ahafo-Ano South West,ADM1_GHA_ASHANTI,CT_GHA
ADM2_GHA_AKROFUOM,Akrofuom,ADM1_GHA_ASHANTI,CT_GHA
ADM2_GHA_AMANSIE_CENTRAL,Amansie Central,ADM1_GHA_ASHANTI,CT_GHA
ADM2_GHA_AMANSIE_SOUTH,Amansie South,ADM1_GHA_ASHANTI,CT_GHA
ADM2_GHA_AMANSIE_WEST,Amansie West,ADM1_GHA_ASHANTI,CT_GHA
ADM2_GHA_ASANTE_AKIM_CENTRAL,Asante-Akim Central,ADM1_GHA_ASHANTI,CT_GHA
ADM2_GHA_ASANTE_AKIM_NORTH,Asante-Akim North,ADM1_GHA_ASHANTI,CT_GHA
ADM2_GHA_ASANTE_AKIM_SOUTH,Asante-Akim South,ADM1_GHA_ASHANTI,CT_GHA
ADM2_GHA_ASOKORE_MAMPONG,Asokore-Mampong,ADM1_GHA_ASHANTI,CT_GHA
ADM2_GHA_ASOKWA,Asokwa,ADM1_GHA_ASHANTI,CT_GHA
ADM2_GHA_ATWIMA_KWANWOMA,Atwima-Kwanwoma,ADM1_GHA_ASHANTI,CT_GHA
ADM2_GHA_ATWIMA_MPONUA,Atwima-Mponua,ADM1_GHA_ASHANTI,CT_GHA
ADM2_GHA_ATWIMA_NWABIAGYA,Atwima-Nwabiagya,ADM1_GHA_ASHANTI,CT_GHA
ADM2_GHA_ATWIMA_NWABIAGYA_NORTH,Atwima-Nwabiagya North,ADM1_GHA_ASHANTI,CT_GHA
ADM2_GHA_BEKWAI,Bekwai,ADM1_GHA_ASHANTI,CT_GHA
ADM2_GHA_BOSOME_FREHO,Bosome Freho,ADM1_GHA_ASHANTI,CT_GHA
ADM2_GHA_BOSOMTWE,Bosomtwe,ADM1_GHA_ASHANTI,CT_GHA
ADM2_GHA_EJISU,Ejisu,ADM1_GHA_ASHANTI,CT_GHA
ADM2_GHA_EJURA_SEKYEDUMASE,Ejura/Sekyedumase,ADM1_GHA_ASHANTI,CT_GHA
ADM2_GHA_JUABEN,Juaben,ADM1_GHA_ASHANTI,CT_GHA
ADM2_GHA_KUMASI,Kumasi,ADM1_GHA_ASHANTI,CT_GHA
ADM2_GHA_KWABRE_EAST,Kwabre East,ADM1_GHA_ASHANTI,CT_GHA
ADM2_GHA_KWADASO,Kwadaso,ADM1_GHA_ASHANTI,CT_GHA
ADM2_GHA_MAMPONG,Mampong,ADM1_GHA_ASHANTI,CT_GHA
ADM2_GHA_OBUASI,Obuasi,ADM1_GHA_ASHANTI,CT_GHA
ADM2_GHA_OBUASI_EAST,Obuasi East,ADM1_GHA_ASHANTI,CT_GHA
ADM2_GHA_OFFINSO,Offinso,ADM1_GHA_ASHANTI,CT_GHA
ADM2_GHA_OFFINSO_NORTH,Offinso North,ADM1_GHA_ASHANTI,CT_GHA
ADM2_GHA_OFORIKROM,Oforikrom,ADM1_GHA_ASHANTI,CT_GHA
ADM2_GHA_OLD_TAFO,Old Tafo,ADM1_GHA_ASHANTI,CT_GHA
ADM2_GHA_SEKYERE_AFRAM_PLAINS,Sekyere Afram Plains,ADM1_GHA_ASHANTI,CT_GHA
ADM2_GHA_SEKYERE_CENTRAL,Sekyere Central,ADM1_GHA_ASHANTI,CT_GHA
ADM2_GHA_SEKYERE_EAST,Sekyere East,ADM1_GHA_ASHANTI,CT_GHA
ADM2_GHA_SEKYERE_KUMAWU,Sekyere Kumawu,ADM1_GHA_ASHANTI,CT_GHA
ADM2_GHA_SEKYERE_SOUTH,Sekyere South,ADM1_GHA_ASHANTI,CT_GHA
ADM2_GHA_SUAME,Suame,ADM1_GHA_ASHANTI,CT_GHA
ADM2_GHA_BANDA,Banda,ADM1_GHA_BONO,CT_GHA
ADM2_GHA_BEREKUM_EAST,Berekum East,ADM1_GHA_BONO,CT_GHA
ADM2_GHA_BEREKUM_WEST,Berekum West,ADM1_GHA_BONO,CT_GHA
ADM2_GHA_DORMAA_CENTRAL,Dormaa Central,ADM1_GHA_BONO,CT_GHA
ADM2_GHA_DORMAA_EAST,Dormaa East,ADM1_GHA_BONO,CT_GHA
ADM2_GHA_DORMAA_WEST,Dormaa West,ADM1_GHA_BONO,CT_GHA
ADM2_GHA_JAMAN_NORTH,Jaman North,ADM1_GHA_BONO,CT_GHA
ADM2_GHA_JAMAN_SOUTH,Jaman South,ADM1_GHA_BONO,CT_GHA
ADM2_GHA_SUNYANI,Sunyani,ADM1_GHA_BONO,CT_GHA
ADM2_GHA_SUNYANI_WEST,Sunyani West,ADM1_GHA_BONO,CT_GHA
ADM2_GHA_TAIN,Tain,ADM1_GHA_BONO,CT_GHA
ADM2_GHA_WENCHI,Wenchi,ADM1_GHA_BONO,CT_GHA
ADM2_GHA_ATEBUBU_AMANTIN,Atebubu-Amantin,ADM1_GHA_BONO_EAST,CT_GHA
ADM2_GHA_KINTAMPO_NORTH,Kintampo North,ADM1_GHA_BONO_EAST,CT_GHA
ADM2_GHA_KINTAMPO_SOUTH,Kintampo South,ADM1_GHA_BONO_EAST,CT_GHA
ADM2_GHA_NKORANZA_NORTH,Nkoranza North,ADM1_GHA_BONO_EAST,CT_GHA
ADM2_GHA_NKORANZA_SOUTH,Nkoranza South,ADM1_GHA_BONO_EAST,CT_GHA
ADM2_GHA_PRU_EAST,Pru East,ADM1_GHA_BONO_EAST,CT_GHA
ADM2_GHA_PRU_WEST,Pru West,ADM1_GHA_BONO_EAST,CT_GHA
ADM2_GHA_SENE_EAST,Sene East,ADM1_GHA_BONO_EAST,CT_GHA
ADM2_GHA_SENE_WEST,Sene West,ADM1_GHA_BONO_EAST,CT_GHA
ADM2_GHA_TECHIMAN,Techiman,ADM1_GHA_BONO_EAST,CT_GHA
ADM2_GHA_TECHIMAN_NORTH,Techiman North,ADM1_GHA_BONO_EAST,CT_GHA
ADM2_GHA_ABURA_ASEBU_KWAMANKESE,Abura/Asebu/Kwamankese,ADM1_GHA_CENTRAL,CT_GHA
ADM2_GHA_AGONA_EAST,Agona East,ADM1_GHA_CENTRAL,CT_GHA
ADM2_GHA_AGONA_WEST_MUNICIPAL,Agona West Municipal,ADM1_GHA_CENTRAL,CT_GHA
ADM2_GHA_AJUMAKO_ENYAN_ESSIAM,Ajumako/Enyan/Essiam,ADM1_GHA_CENTRAL,CT_GHA
ADM2_GHA_ASIKUMA_ODOBEN_BRAKWA,Asikuma Odoben Brakwa,ADM1_GHA_CENTRAL,CT_GHA
ADM2_GHA_ASSIN_CENTRAL,Assin Central,ADM1_GHA_CENTRAL,CT_GHA
ADM2_GHA_ASSIN_NORTH,Assin North,ADM1_GHA_CENTRAL,CT_GHA
ADM2_GHA_ASSIN_SOUTH,Assin South,ADM1_GHA_CENTRAL,CT_GHA
ADM2_GHA_AWUTU_SENYA_EAST,Awutu Senya East,ADM1_GHA_CENTRAL,CT_GHA
ADM2_GHA_AWUTU_SENYA_WEST,Awutu Senya West,ADM1_GHA_CENTRAL,CT_GHA
ADM2_GHA_CAPE_COAST,Cape Coast,ADM1_GHA_CENTRAL,CT_GHA
ADM2_GHA_EFFUTU,Effutu,ADM1_GHA_CENTRAL,CT_GHA
ADM2_GHA_EKUMFI,Ekumfi,ADM1_GHA_CENTRAL,CT_GHA
ADM2_GHA_GOMOA_CENTRAL,Gomoa Central,ADM1_GHA_CENTRAL,CT_GHA
ADM2_GHA_GOMOA_EAST,Gomoa East,ADM1_GHA_CENTRAL,CT_GHA
ADM2_GHA_GOMOA_WEST,Gomoa West,ADM1_GHA_CENTRAL,CT_GHA
ADM2_GHA_KOMENDA_EDINA_EGUAFO_ABIREM,Komenda/Edina/Eguafo/Abirem,ADM1_GHA_CENTRAL,CT_GHA
ADM2_GHA_MFANTSIMAN,Mfantsiman,ADM1_GHA_CENTRAL,CT_GHA
ADM2_GHA_TWIFO_ATTI_MORKWA,Twifo Atti Morkwa,ADM1_GHA_CENTRAL,CT_GHA
ADM2_GHA_TWIFO_HEMANG_LOWER_DENKYIRA,Twifo/Hemang/Lower Denkyira,ADM1_GHA_CENTRAL,CT_GHA
ADM2_GHA_UPPER_DENKYIRA_EAST,Upper Denkyira East,ADM1_GHA_CENTRAL,CT_GHA
ADM2_GHA_UPPER_DENKYIRA_WEST,Upper Denkyira West,ADM1_GHA_CENTRAL,CT_GHA
ADM2_GHA_ABUAKWA_NORTH,Abuakwa North,ADM1_GHA_EASTERN,CT_GHA
ADM2_GHA_ABUAKWA_SOUTH,Abuakwa South,ADM1_GHA_EASTERN,CT_GHA
ADM2_GHA_ACHIASE,Achiase,ADM1_GHA_EASTERN,CT_GHA
ADM2_GHA_AKUAPIM_NORTH,Akuapim North,ADM1_GHA_EASTERN,CT_GHA
ADM2_GHA_AKUAPIM_SOUTH,Akuapim South,ADM1_GHA_EASTERN,CT_GHA
ADM2_GHA_AKYEMANSA,Akyemansa,ADM1_GHA_EASTERN,CT_GHA
ADM2_GHA_ASENE_MANSO_AKROSO,Asene Manso Akroso,ADM1_GHA_EASTERN,CT_GHA
ADM2_GHA_ASUOGYAMAN,Asuogyaman,ADM1_GHA_EASTERN,CT_GHA
ADM2_GHA_ATIWA_EAST,Atiwa East,ADM1_GHA_EASTERN,CT_GHA
ADM2_GHA_ATIWA_WEST,Atiwa West,ADM1_GHA_EASTERN,CT_GHA
ADM2_GHA_AYENSUANO,Ayensuano,ADM1_GHA_EASTERN,CT_GHA
ADM2_GHA_BIRIM_CENTRAL,Birim Central,ADM1_GHA_EASTERN,CT_GHA
ADM2_GHA_BIRIM_NORTH,Birim North,ADM1_GHA_EASTERN,CT_GHA
ADM2_GHA_BIRIM_SOUTH,Birim South,ADM1_GHA_EASTERN,CT_GHA
ADM2_GHA_DENKYEMBOUR,Denkyembour,ADM1_GHA_EASTERN,CT_GHA
ADM2_GHA_FANTEAKWA_NORTH,Fanteakwa North,ADM1_GHA_EASTERN,CT_GHA
ADM2_GHA_FANTEAKWA_SOUTH,Fanteakwa South,ADM1_GHA_EASTERN,CT_GHA
ADM2_GHA_KWAEBIBIREM,Kwaebibirem,ADM1_GHA_EASTERN,CT_GHA
ADM2_GHA_KWAHU_AFRAM_PLAINS_NORTH,Kwahu Afram Plains North,ADM1_GHA_EASTERN,CT_GHA
ADM2_GHA_KWAHU_AFRAM_PLAINS_SOUTH,Kwahu Afram Plains South,ADM1_GHA_EASTERN,CT_GHA
ADM2_GHA_KWAHU_EAST,Kwahu East,ADM1_GHA_EASTERN,CT_GHA
ADM2_GHA_KWAHU_SOUTH,Kwahu South,ADM1_GHA_EASTERN,CT_GHA
ADM2_GHA_KWAHU_WEST,Kwahu West,ADM1_GHA_EASTERN,CT_GHA
ADM2_GHA_LOWER_MANYA_KROBO,Lower Manya Krobo,ADM1_GHA_EASTERN,CT_GHA
ADM2_GHA_NEW_JUABEN_NORTH,New Juaben North,ADM1_GHA_EASTERN,CT_GHA
ADM2_GHA_NEW_JUABEN_SOUTH,New Juaben South,ADM1_GHA_EASTERN,CT_GHA
ADM2_GHA_NSAWAM_ADOAGYIRE,Nsawam Adoagyire,ADM1_GHA_EASTERN,CT_GHA
ADM2_GHA_OKERE,Okere,ADM1_GHA_EASTERN,CT_GHA
ADM2_GHA_SUHUM,Suhum,ADM1_GHA_EASTERN,CT_GHA
ADM2_GHA_UPPER_MANYA_KROBO,Upper Manya Krobo,ADM1_GHA_EASTERN,CT_GHA
ADM2_GHA_UPPER_WEST_AKIM,Upper West Akim,ADM1_GHA_EASTERN,CT_GHA
ADM2_GHA_WEST_AKIM,West Akim,ADM1_GHA_EASTERN,CT_GHA
ADM2_GHA_YILO_KROBO,Yilo-Krobo,ADM1_GHA_EASTERN,CT_GHA
ADM2_GHA_ABLEKUMA_CENTRAL,Ablekuma Central,ADM1_GHA_GREATER_ACCRA,CT_GHA
ADM2_GHA_ABLEKUMA_NORTH,Ablekuma North,ADM1_GHA_GREATER_ACCRA,CT_GHA
ADM2_GHA_ABLEKUMA_WEST,Ablekuma West,ADM1_GHA_GREATER_ACCRA,CT_GHA
ADM2_GHA_ACCRA,Accra,ADM1_GHA_GREATER_ACCRA,CT_GHA
ADM2_GHA_ADA_EAST,Ada East,ADM1_GHA_GREATER_ACCRA,CT_GHA
ADM2_GHA_ADA_WEST,Ada West,ADM1_GHA_GREATER_ACCRA,CT_GHA
ADM2_GHA_ADENTA,Adenta,ADM1_GHA_GREATER_ACCRA,CT_GHA
ADM2_GHA_ASHAIMAN,Ashaiman,ADM1_GHA_GREATER_ACCRA,CT_GHA
ADM2_GHA_AYAWASO_CENTRAL,Ayawaso Central,ADM1_GHA_GREATER_ACCRA,CT_GHA
ADM2_GHA_AYAWASO_EAST,Ayawaso East,ADM1_GHA_GREATER_ACCRA,CT_GHA
ADM2_GHA_AYAWASO_NORTH,Ayawaso North,ADM1_GHA_GREATER_ACCRA,CT_GHA
ADM2_GHA_AYAWASO_WEST,Ayawaso West,ADM1_GHA_GREATER_ACCRA,CT_GHA
ADM2_GHA_GA_CENTRAL,Ga Central,ADM1_GHA_GREATER_ACCRA,CT_GHA
ADM2_GHA_GA_EAST,Ga East,ADM1_GHA_GREATER_ACCRA,CT_GHA
ADM2_GHA_GA_NORTH,Ga North,ADM1_GHA_GREATER_ACCRA,CT_GHA
ADM2_GHA_GA_SOUTH,Ga South,ADM1_GHA_GREATER_ACCRA,CT_GHA
ADM2_GHA_GA_WEST,Ga West,ADM1_GHA_GREATER_ACCRA,CT_GHA
ADM2_GHA_KORLE_KLOTTEY,Korle-Klottey,ADM1_GHA_GREATER_ACCRA,CT_GHA
ADM2_GHA_KPONE_KATAMANSO,Kpone-Katamanso,ADM1_GHA_GREATER_ACCRA,CT_GHA
ADM2_GHA_KROWOR,Krowor,ADM1_GHA_GREATER_ACCRA,CT_GHA
ADM2_GHA_LA_DADE_KOTOPON,La-Dade-Kotopon,ADM1_GHA_GREATER_ACCRA,CT_GHA
ADM2_GHA_LA_NKWANTANANG_MADINA,La-Nkwantanang-Madina,ADM1_GHA_GREATER_ACCRA,CT_GHA
ADM2_GHA_LEDZOKUKU,Ledzokuku,ADM1_GHA_GREATER_ACCRA,CT_GHA
ADM2_GHA_NINGO_PRAMPRAM,Ningo-Prampram,ADM1_GHA_GREATER_ACCRA,CT_GHA
ADM2_GHA_OKAIKWEI_NORTH,Okaikwei North,ADM1_GHA_GREATER_ACCRA,CT_GHA
ADM2_GHA_SHAI_OSUDOKU,Shai-Osudoku,ADM1_GHA_GREATER_ACCRA,CT_GHA
ADM2_GHA_TEMA_METROPOLITAN,Tema Metropolitan,ADM1_GHA_GREATER_ACCRA,CT_GHA
ADM2_GHA_TEMA_WEST,Tema West,ADM1_GHA_GREATER_ACCRA,CT_GHA
ADM2_GHA_WEIJA_GBAWE,Weija Gbawe,ADM1_GHA_GREATER_ACCRA,CT_GHA
ADM2_GHA_GUSHEGU_MUNICIPAL,Gushegu Municipal,ADM1_GHA_NORTHERN,CT_GHA
ADM2_GHA_KARAGA,Karaga,ADM1_GHA_NORTHERN,CT_GHA
ADM2_GHA_KPANDAI,Kpandai,ADM1_GHA_NORTHERN,CT_GHA
ADM2_GHA_KUMBUNGU,Kumbungu,ADM1_GHA_NORTHERN,CT_GHA
ADM2_GHA_MION,Mion,ADM1_GHA_NORTHERN,CT_GHA
ADM2_GHA_NANTON,Nanton,ADM1_GHA_NORTHERN,CT_GHA
ADM2_GHA_NANUMBA_NORTH_MUNICIPAL,Nanumba North Municipal,ADM1_GHA_NORTHERN,CT_GHA
ADM2_GHA_NANUMBA_SOUTH,Nanumba South,ADM1_GHA_NORTHERN,CT_GHA
ADM2_GHA_SABOBA,Saboba,ADM1_GHA_NORTHERN,CT_GHA
ADM2_GHA_SAGNARIGU_MUNICIPAL,Sagnarigu Municipal,ADM1_GHA_NORTHERN,CT_GHA
ADM2_GHA_SAVELUGU_MUNICIPAL,Savelugu Municipal,ADM1_GHA_NORTHERN,CT_GHA
ADM2_GHA_TAMALE_METROPOLITAN,Tamale Metropolitan,ADM1_GHA_NORTHERN,CT_GHA
ADM2_GHA_TATALE_SANGULI,Tatale Sanguli,ADM1_GHA_NORTHERN,CT_GHA
ADM2_GHA_TOLON,Tolon,ADM1_GHA_NORTHERN,CT_GHA
ADM2_GHA_YENDI_MUNICIPAL,Yendi Municipal,ADM1_GHA_NORTHERN,CT_GHA
ADM2_GHA_ZABZUGU,Zabzugu,ADM1_GHA_NORTHERN,CT_GHA
ADM2_GHA_BUNKPURUGU_NYANKPANDURI,Bunkpurugu Nyankpanduri,ADM1_GHA_NORTH_EAST,CT_GHA
ADM2_GHA_CHEREPONI,Chereponi,ADM1_GHA_NORTH_EAST,CT_GHA
ADM2_GHA_EAST_MAMPRUSI,East Mamprusi,ADM1_GHA_NORTH_EAST,CT_GHA
ADM2_GHA_MAMPRUGU_MOAGDURI,Mamprugu Moagduri,ADM1_GHA_NORTH_EAST,CT_GHA
ADM2_GHA_WEST_MAMPRUSI,West Mamprusi,ADM1_GHA_NORTH_EAST,CT_GHA
ADM2_GHA_YUNYOO_NASUAN,Yunyoo-Nasuan,ADM1_GHA_NORTH_EAST,CT_GHA
ADM2_GHA_BIAKOYE,Biakoye,ADM1_GHA_OTI,CT_GHA
ADM2_GHA_GUAN,Guan,ADM1_GHA_OTI,CT_GHA
ADM2_GHA_JASIKAN,Jasikan,ADM1_GHA_OTI,CT_GHA
ADM2_GHA_KADJEBI,Kadjebi,ADM1_GHA_OTI,CT_GHA
ADM2_GHA_KRACHI_EAST,Krachi East,ADM1_GHA_OTI,CT_GHA
ADM2_GHA_KRACHI_NCHUMURU,Krachi Nchumuru,ADM1_GHA_OTI,CT_GHA
ADM2_GHA_KRACHI_WEST,Krachi West,ADM1_GHA_OTI,CT_GHA
ADM2_GHA_NKWANTA_NORTH,Nkwanta North,ADM1_GHA_OTI,CT_GHA
ADM2_GHA_NKWANTA_SOUTH,Nkwanta South,ADM1_GHA_OTI,CT_GHA
ADM2_GHA_BOLE,Bole,ADM1_GHA_SAVANNAH,CT_GHA
ADM2_GHA_CENTRAL_GONJA,Central Gonja,ADM1_GHA_SAVANNAH,CT_GHA
ADM2_GHA_EAST_GONJA_MUNICIPAL,East Gonja Municipal,ADM1_GHA_SAVANNAH,CT_GHA
ADM2_GHA_NORTH_EAST_GONJA,North East Gonja,ADM1_GHA_SAVANNAH,CT_GHA
ADM2_GHA_NORTH_GONJA,North Gonja,ADM1_GHA_SAVANNAH,CT_GHA
ADM2_GHA_SAWLA_TUNA_KALBA,Sawla-Tuna-Kalba,ADM1_GHA_SAVANNAH,CT_GHA
ADM2_GHA_WEST_GONJA,West Gonja,ADM1_GHA_SAVANNAH,CT_GHA
ADM2_GHA_BAWKU_MUNICIPAL,Bawku Municipal,ADM1_GHA_UPPER_EAST,CT_GHA
ADM2_GHA_BAWKU_WEST,Bawku West,ADM1_GHA_UPPER_EAST,CT_GHA
ADM2_GHA_BINDURI,Binduri,ADM1_GHA_UPPER_EAST,CT_GHA
ADM2_GHA_BOLGATANGA_EAST,Bolgatanga East,ADM1_GHA_UPPER_EAST,CT_GHA
ADM2_GHA_BOLGATANGA_MUNICIPAL,Bolgatanga Municipal,ADM1_GHA_UPPER_EAST,CT_GHA
ADM2_GHA_BONGO,Bongo,ADM1_GHA_UPPER_EAST,CT_GHA
ADM2_GHA_BUILSA_NORTH_MUNICIPAL,Builsa North Municipal,ADM1_GHA_UPPER_EAST,CT_GHA
ADM2_GHA_BUILSA_SOUTH,Builsa South,ADM1_GHA_UPPER_EAST,CT_GHA
ADM2_GHA_GARU,Garu,ADM1_GHA_UPPER_EAST,CT_GHA
ADM2_GHA_KASSENA_NANKANA_MUNICIPAL,Kassena-Nankana Municipal,ADM1_GHA_UPPER_EAST,CT_GHA
ADM2_GHA_KASSENA_NANKANA_WEST,Kassena-Nankana West,ADM1_GHA_UPPER_EAST,CT_GHA
ADM2_GHA_NABDAM,Nabdam,ADM1_GHA_UPPER_EAST,CT_GHA
ADM2_GHA_PUSIGA,Pusiga,ADM1_GHA_UPPER_EAST,CT_GHA
ADM2_GHA_TALENSI,Talensi,ADM1_GHA_UPPER_EAST,CT_GHA
ADM2_GHA_TEMPANE,Tempane,ADM1_GHA_UPPER_EAST,CT_GHA
ADM2_GHA_DAFFIAMA_BUSSIE_ISSA,Daffiama Bussie Issa,ADM1_GHA_UPPER_WEST,CT_GHA
ADM2_GHA_JIRAPA_MUNICIPAL,Jirapa Municipal,ADM1_GHA_UPPER_WEST,CT_GHA
ADM2_GHA_LAMBUSSIE_KARNI,Lambussie Karni,ADM1_GHA_UPPER_WEST,CT_GHA
ADM2_GHA_LAWRA_MUNICIPAL,Lawra Municipal,ADM1_GHA_UPPER_WEST,CT_GHA
ADM2_GHA_NADOWLI_KALEO,Nadowli-Kaleo,ADM1_GHA_UPPER_WEST,CT_GHA
ADM2_GHA_NANDOM_MUNICIPAL,Nandom Municipal,ADM1_GHA_UPPER_WEST,CT_GHA
ADM2_GHA_SISSALA_EAST_MUNICIPAL,Sissala East Municipal,ADM1_GHA_UPPER_WEST,CT_GHA
ADM2_GHA_SISSALA_WEST,Sissala West,ADM1_GHA_UPPER_WEST,CT_GHA
ADM2_GHA_WA_EAST,Wa East,ADM1_GHA_UPPER_WEST,CT_GHA
ADM2_GHA_WA_MUNICIPAL,Wa Municipal,ADM1_GHA_UPPER_WEST,CT_GHA
ADM2_GHA_WA_WEST,Wa West,ADM1_GHA_UPPER_WEST,CT_GHA
ADM2_GHA_ADAKLU_DISTRICT,Adaklu District,ADM1_GHA_VOLTA,CT_GHA
ADM2_GHA_AFADZATO_SOUTH,Afadzato South,ADM1_GHA_VOLTA,CT_GHA
ADM2_GHA_AGOTIME_ZIOPE,Agotime Ziope,ADM1_GHA_VOLTA,CT_GHA
ADM2_GHA_AKATSI_NORTH,Akatsi North,ADM1_GHA_VOLTA,CT_GHA
ADM2_GHA_AKATSI_SOUTH,Akatsi South,ADM1_GHA_VOLTA,CT_GHA
ADM2_GHA_ANLOGA,Anloga,ADM1_GHA_VOLTA,CT_GHA
ADM2_GHA_CENTRAL_TONGU,Central Tongu,ADM1_GHA_VOLTA,CT_GHA
ADM2_GHA_HO_MUNICIPAL,Ho Municipal,ADM1_GHA_VOLTA,CT_GHA
ADM2_GHA_HO_WEST,Ho West,ADM1_GHA_VOLTA,CT_GHA
ADM2_GHA_HOHOE_MUNICIPAL,Hohoe Municipal,ADM1_GHA_VOLTA,CT_GHA
ADM2_GHA_KETA_MUNICIPAL,Keta Municipal,ADM1_GHA_VOLTA,CT_GHA
ADM2_GHA_KETU_NORTH_MUNICIPAL,Ketu North Municipal,ADM1_GHA_VOLTA,CT_GHA
ADM2_GHA_KETU_SOUTH_MUNICIPAL,Ketu South Municipal,ADM1_GHA_VOLTA,CT_GHA
ADM2_GHA_KPANDO_MUNICIPAL,Kpando Municipal,ADM1_GHA_VOLTA,CT_GHA
ADM2_GHA_NORTH_DAYI,North Dayi,ADM1_GHA_VOLTA,CT_GHA
ADM2_GHA_NORTH_TONGU,North Tongu,ADM1_GHA_VOLTA,CT_GHA
ADM2_GHA_SOUTH_DAYI,South Dayi,ADM1_GHA_VOLTA,CT_GHA
ADM2_GHA_SOUTH_TONGU,South Tongu,ADM1_GHA_VOLTA,CT_GHA
ADM2_GHA_AHANTA_WEST,Ahanta West,ADM1_GHA_WESTERN,CT_GHA
ADM2_GHA_AMENFI_CENTRAL,Amenfi Central,ADM1_GHA_WESTERN,CT_GHA
ADM2_GHA_AMENFI_WEST,Amenfi West,ADM1_GHA_WESTERN,CT_GHA
ADM2_GHA_EFFIA_KWESIMINTSIM_MUNICIPAL,Effia Kwesimintsim Municipal,ADM1_GHA_WESTERN,CT_GHA
ADM2_GHA_ELLEMBELLE,Ellembelle,ADM1_GHA_WESTERN,CT_GHA
ADM2_GHA_JOMORO,Jomoro,ADM1_GHA_WESTERN,CT_GHA
ADM2_GHA_MPOHOR,Mpohor,ADM1_GHA_WESTERN,CT_GHA
ADM2_GHA_NZEMA_EAST_MUNICIPAL,Nzema East Municipal,ADM1_GHA_WESTERN,CT_GHA
ADM2_GHA_PRESTEA_HUNI_VALLEY_MUNICIPAL,Prestea-Huni Valley Municipal,ADM1_GHA_WESTERN,CT_GHA
ADM2_GHA_SEKONDI_TAKORADI_METROPOLITAN,Sekondi Takoradi Metropolitan,ADM1_GHA_WESTERN,CT_GHA
ADM2_GHA_SHAMA,Shama,ADM1_GHA_WESTERN,CT_GHA
ADM2_GHA_TARKWA_NSUAEM_MUNICIPAL,Tarkwa-Nsuaem Municipal,ADM1_GHA_WESTERN,CT_GHA
ADM2_GHA_WASSA_AMENFI_EAST,Wassa Amenfi East,ADM1_GHA_WESTERN,CT_GHA
ADM2_GHA_WASSA_EAST,Wassa East,ADM1_GHA_WESTERN,CT_GHA
ADM2_GHA_AOWIN,Aowin,ADM1_GHA_WESTERN_NORTH,CT_GHA
ADM2_GHA_BIA_EAST,Bia East,ADM1_GHA_WESTERN_NORTH,CT_GHA
ADM2_GHA_BIA_WEST,Bia West,ADM1_GHA_WESTERN_NORTH,CT_GHA
ADM2_GHA_BIBIANI_ANHWIASO_BEKWAI,Bibiani Anhwiaso Bekwai,ADM1_GHA_WESTERN_NORTH,CT_GHA
ADM2_GHA_BODI,Bodi,ADM1_GHA_WESTERN_NORTH,CT_GHA
ADM2_GHA_JUABOSO,Juaboso,ADM1_GHA_WESTERN_NORTH,CT_GHA
ADM2_GHA_SEFWI_AKONTOMBRA,Sefwi Akontombra,ADM1_GHA_WESTERN_NORTH,CT_GHA
ADM2_GHA_SEFWI_WIAWSO,Sefwi-Wiawso,ADM1_GHA_WESTERN_NORTH,CT_GHA
ADM2_GHA_SUAMAN,Suaman,ADM1_GHA_WESTERN_NORTH,CT_GHA
ADM2_GNQ_ANNOBON_SAN_ANTONIO_DE_PALE,San Antonio de Palé,ADM1_GNQ_ANNOBON,CT_GNQ
ADM2_GNQ_BIOKO_NORTE_BANEY,Baney,ADM1_GNQ_BIOKO_NORTE,CT_GNQ
ADM2_GNQ_BIOKO_NORTE_MALABO,Malabo,ADM1_GNQ_BIOKO_NORTE,CT_GNQ
ADM2_GNQ_BIOKO_SUR_LUBA,Luba,ADM1_GNQ_BIOKO_SUR,CT_GNQ
ADM2_GNQ_BIOKO_SUR_RIABA,Riaba,ADM1_GNQ_BIOKO_SUR,CT_GNQ
ADM2_GNQ_CENTRO_SUR_AKURENAM,Akurenam,ADM1_GNQ_CENTRO_SUR,CT_GNQ
ADM2_GNQ_CENTRO_SUR_EVINAYONG,Evinayong,ADM1_GNQ_CENTRO_SUR,CT_GNQ
ADM2_GNQ_CENTRO_SUR_NIEFANG,Niefang,ADM1_GNQ_CENTRO_SUR,CT_GNQ
ADM2_GNQ_DJIBLOHO_DJIBLOHO,Djibloho,ADM1_GNQ_DJIBLOHO,CT_GNQ
ADM2_GNQ_KIE_NTEM_EBEBIYIN,Ebebiyín,ADM1_GNQ_KIE_NTEM,CT_GNQ
ADM2_GNQ_KIE_NTEM_MICOMESENG,Micomeseng,ADM1_GNQ_KIE_NTEM,CT_GNQ
ADM2_GNQ_KIE_NTEM_NSOK_NSOMO,Nsok-Nsomo,ADM1_GNQ_KIE_NTEM,CT_GNQ
ADM2_GNQ_LITORAL_BATA,Bata,ADM1_GNQ_LITORAL,CT_GNQ
ADM2_GNQ_LITORAL_COGO,Cogo,ADM1_GNQ_LITORAL,CT_GNQ
ADM2_GNQ_LITORAL_MBINI,Mbini,ADM1_GNQ_LITORAL,CT_GNQ
ADM2_GNQ_WELE_NZAS_ACONIBE,Aconibe,ADM1_GNQ_WELE_NZAS,CT_GNQ
ADM2_GNQ_WELE_NZAS_ANISOK,Añisok,ADM1_GNQ_WELE_NZAS,CT_GNQ
ADM2_GNQ_WELE_NZAS_MONGOMO,Mongomo,ADM1_GNQ_WELE_NZAS,CT_GNQ
ADM2_GNQ_WELE_NZAS_NSORK,Nsork,ADM1_GNQ_WELE_NZAS,CT_GNQ
ADM2_GUY_MABARUMA_KUMAKA_HOSORORO,Mabaruma/Kumaka/Hosororo,ADM1_GUY_BARIMA_WAINI,CT_GUY
ADM2_GUY_RIDGE_ARAKAKA,Ridge/Arakaka,ADM1_GUY_BARIMA_WAINI,CT_GUY
ADM2_GUY_BARTICA_NDC,Bartica NDC,ADM1_GUY_CUYUNI_MAZARUNI,CT_GUY
ADM2_GUY_BETERVERWAGTING_TRIUMPH,Beterverwagting/Triumph,ADM1_GUY_DEMERARA_MAHAICA,CT_GUY
ADM2_GUY_BETTER_HOPE_LBI,Better Hope/LBI,ADM1_GUY_DEMERARA_MAHAICA,CT_GUY
ADM2_GUY_BUXTON_FOULIS,Buxton/Foulis,ADM1_GUY_DEMERARA_MAHAICA,CT_GUY
ADM2_GUY_CALEDONIA_GOOD_SUCCESS,Caledonia/Good Success,ADM1_GUY_DEMERARA_MAHAICA,CT_GUY
ADM2_GUY_CANE_GROVE,Cane Grove,ADM1_GUY_DEMERARA_MAHAICA,CT_GUY
ADM2_GUY_ENMORE_HOPE,Enmore/Hope,ADM1_GUY_DEMERARA_MAHAICA,CT_GUY
ADM2_GUY_GOLDEN_GROVE_DIAMOND_PLACE,Golden Grove/Diamond Place,ADM1_GUY_DEMERARA_MAHAICA,CT_GUY
ADM2_GUY_HASLINGTON_GROVE,Haslington/Grove,ADM1_GUY_DEMERARA_MAHAICA,CT_GUY
ADM2_GUY_INDUSTRY_PLAISANCE,Industry/Plaisance,ADM1_GUY_DEMERARA_MAHAICA,CT_GUY
ADM2_GUY_LAMAHA_YARROWKABRA,Lamaha/Yarrowkabra,ADM1_GUY_DEMERARA_MAHAICA,CT_GUY
ADM2_GUY_LITTLE_DIAMOND_HERSTELLING,Little Diamond/Herstelling,ADM1_GUY_DEMERARA_MAHAICA,CT_GUY
ADM2_GUY_MOCHA_ARCADIA,Mocha/Arcadia,ADM1_GUY_DEMERARA_MAHAICA,CT_GUY
ADM2_GUY_MON_REPOS_LA_RECONNAISSANCE,Mon Repos/La Reconnaissance,ADM1_GUY_DEMERARA_MAHAICA,CT_GUY
ADM2_GUY_RAMSBURG_ECCLES,Ramsburg/Eccles,ADM1_GUY_DEMERARA_MAHAICA,CT_GUY
ADM2_GUY_SOESDYKE_HUIST_COVERDEN,Soesdyke/Huis't Coverden,ADM1_GUY_DEMERARA_MAHAICA,CT_GUY
ADM2_GUY_UNITY_VEREENIGING,Unity/Vereeniging,ADM1_GUY_DEMERARA_MAHAICA,CT_GUY
ADM2_GUY_BLACK_BUSH_POLDER,Black Bush Polder,ADM1_GUY_EAST_BERBICE_CORENTYNE,CT_GUY
ADM2_GUY_BLOOMFIELD_WHIM,Bloomfield/Whim,ADM1_GUY_EAST_BERBICE_CORENTYNE,CT_GUY
ADM2_GUY_BUSH_LOT_ADVENTURE,Bush Lot/Adventure,ADM1_GUY_EAST_BERBICE_CORENTYNE,CT_GUY
ADM2_GUY_CANEFIELD_ENTERPRISE,Canefield/Enterprise,ADM1_GUY_EAST_BERBICE_CORENTYNE,CT_GUY
ADM2_GUY_CRABWOOD_CREEK_MOLSEN_CREEK,Crabwood Creek/Molsen Creek,ADM1_GUY_EAST_BERBICE_CORENTYNE,CT_GUY
ADM2_GUY_ENFIELD_NEW_DOE_PARK,Enfield/New Doe Park,ADM1_GUY_EAST_BERBICE_CORENTYNE,CT_GUY
ADM2_GUY_GIBRALTAR_FYRISH,Gibraltar/Fyrish,ADM1_GUY_EAST_BERBICE_CORENTYNE,CT_GUY
ADM2_GUY_GOOD_HOPE_NO51,Good Hope/No.51,ADM1_GUY_EAST_BERBICE_CORENTYNE,CT_GUY
ADM2_GUY_KILCOY_HAMPSHIRE,Kilcoy/Hampshire,ADM1_GUY_EAST_BERBICE_CORENTYNE,CT_GUY
ADM2_GUY_KINTYRE_NO37,Kintyre/No.37,ADM1_GUY_EAST_BERBICE_CORENTYNE,CT_GUY
ADM2_GUY_LANCASTER_HOGSTYE,Lancaster/Hogstye,ADM1_GUY_EAST_BERBICE_CORENTYNE,CT_GUY
ADM2_GUY_MACEDONIA_JOPPA,Macedonia/Joppa,ADM1_GUY_EAST_BERBICE_CORENTYNE,CT_GUY
ADM2_GUY_MAIDA_TARLOGIE,Maida/Tarlogie,ADM1_GUY_EAST_BERBICE_CORENTYNE,CT_GUY
ADM2_GUY_NO_52_NO_74,No. 52/No. 74,ADM1_GUY_EAST_BERBICE_CORENTYNE,CT_GUY
ADM2_GUY_ORDINANCE_FORT_LANDS,Ordinance/Fort Lands,ADM1_GUY_EAST_BERBICE_CORENTYNE,CT_GUY
ADM2_GUY_PORT_MOURANT_JOHN,Port Mourant/John,ADM1_GUY_EAST_BERBICE_CORENTYNE,CT_GUY
ADM2_GUY_BEST_KLEIN_POUDEROYEN,Best/Klein/Pouderoyen,ADM1_GUY_ESSEQUIBO_ISLANDS_WEST_DEMERARA,CT_GUY
ADM2_GUY_CANALS_POLDER,Canal's Polder,ADM1_GUY_ESSEQUIBO_ISLANDS_WEST_DEMERARA,CT_GUY
ADM2_GUY_GREENWICH_PARK_VERGENOEGEN,Greenwich Park/Vergenoegen,ADM1_GUY_ESSEQUIBO_ISLANDS_WEST_DEMERARA,CT_GUY
ADM2_GUY_HAGUE_BLANKENBURG,Hague/Blankenburg,ADM1_GUY_ESSEQUIBO_ISLANDS_WEST_DEMERARA,CT_GUY
ADM2_GUY_HYDRONIE_GOOD_HOPE,Hydronie/Good Hope,ADM1_GUY_ESSEQUIBO_ISLANDS_WEST_DEMERARA,CT_GUY
ADM2_GUY_LA_GRANGE_NIMES,La Grange/Nimes,ADM1_GUY_ESSEQUIBO_ISLANDS_WEST_DEMERARA,CT_GUY
ADM2_GUY_LA_JALOUSIE_NOUVELLE_FLANDERS,La Jalousie/Nouvelle Flanders,ADM1_GUY_ESSEQUIBO_ISLANDS_WEST_DEMERARA,CT_GUY
ADM2_GUY_LEGUAN,Leguan,ADM1_GUY_ESSEQUIBO_ISLANDS_WEST_DEMERARA,CT_GUY
ADM2_GUY_MALGRE_TOUT_MEER_ZORGEN,Malgre Tout/Meer Zorgen,ADM1_GUY_ESSEQUIBO_ISLANDS_WEST_DEMERARA,CT_GUY
ADM2_GUY_MORA_PARIKA,Mora/Parika,ADM1_GUY_ESSEQUIBO_ISLANDS_WEST_DEMERARA,CT_GUY
ADM2_GUY_STEWARTVILLE_CORNELIA_IDA,Stewartville/Cornelia Ida,ADM1_GUY_ESSEQUIBO_ISLANDS_WEST_DEMERARA,CT_GUY
ADM2_GUY_TOEVLUGT_PATENTIA,Toevlugt/Patentia,ADM1_GUY_ESSEQUIBO_ISLANDS_WEST_DEMERARA,CT_GUY
ADM2_GUY_TUSCHEN_UITVLUGT,Tuschen/Uitvlugt,ADM1_GUY_ESSEQUIBO_ISLANDS_WEST_DEMERARA,CT_GUY
ADM2_GUY_WAKENAAM,Wakenaam,ADM1_GUY_ESSEQUIBO_ISLANDS_WEST_DEMERARA,CT_GUY
ADM2_GUY_BATH_WOODLEY_PARK,Bath/Woodley Park,ADM1_GUY_MAHAICA_BERBICE,CT_GUY
ADM2_GUY_BLAIRMONT_GELDERLAND,Blairmont/Gelderland,ADM1_GUY_MAHAICA_BERBICE,CT_GUY
ADM2_GUY_HAMLET_CHANCE,Hamlet/Chance,ADM1_GUY_MAHAICA_BERBICE,CT_GUY
ADM2_GUY_MAHAICONY_ABARY,Mahaicony/Abary,ADM1_GUY_MAHAICA_BERBICE,CT_GUY
ADM2_GUY_PROFIT_RISING_SUN,Profit/Rising Sun,ADM1_GUY_MAHAICA_BERBICE,CT_GUY
ADM2_GUY_SEAFIELD_TEMPE,Seafield/Tempe,ADM1_GUY_MAHAICA_BERBICE,CT_GUY
ADM2_GUY_UNION_NAARSTIGHEID,Union/Naarstigheid,ADM1_GUY_MAHAICA_BERBICE,CT_GUY
ADM2_GUY_WOODLANDS_BEL_AIR,Woodlands/Bel Air,ADM1_GUY_MAHAICA_BERBICE,CT_GUY
ADM2_GUY_WOODLANDS_FARM,Woodlands/Farm,ADM1_GUY_MAHAICA_BERBICE,CT_GUY
ADM2_GUY_ZEELUGT_ROSIGNOL,Zeelugt/Rosignol,ADM1_GUY_MAHAICA_BERBICE,CT_GUY
ADM2_GUY_ABERDEEN_ZORG_EN_VLYGT,Aberdeen/Zorg-en-Vlygt,ADM1_GUY_POMEROON_SUPENAAM,CT_GUY
ADM2_GUY_ANNANDALE_RIVERSTOWN,Annandale/Riverstown,ADM1_GUY_POMEROON_SUPENAAM,CT_GUY
ADM2_GUY_CHARITY_URASARA,Charity/Urasara,ADM1_GUY_POMEROON_SUPENAAM,CT_GUY
ADM2_GUY_EVERGREEN_PARADISE,Evergreen/Paradise,ADM1_GUY_POMEROON_SUPENAAM,CT_GUY
ADM2_GUY_GOOD_HOPE_POMONA,Good Hope/Pomona,ADM1_GUY_POMEROON_SUPENAAM,CT_GUY
ADM2_GUY_KWAKWANI_NDC,Kwakwani NDC,ADM1_GUY_UPPER_DEMERARA_BERBICE,CT_GUY
ADM2_HTI_ARTIBONITE_DESSALINES,Dessalines,ADM1_HTI_ARTIBONITE,CT_HTI
ADM2_HTI_ARTIBONITE_GONAIVES,Gonaïves,ADM1_HTI_ARTIBONITE,CT_HTI
ADM2_HTI_ARTIBONITE_GROS_MORNE,Gros-Morne,ADM1_HTI_ARTIBONITE,CT_HTI
ADM2_HTI_ARTIBONITE_MARMELADE,Marmelade,ADM1_HTI_ARTIBONITE,CT_HTI
ADM2_HTI_ARTIBONITE_SAINT_MARC,Saint-Marc,ADM1_HTI_ARTIBONITE,CT_HTI
ADM2_HTI_CENTRE_CERCA_LA_SOURCE,Cerca-la-Source,ADM1_HTI_CENTRE,CT_HTI
ADM2_HTI_CENTRE_HINCHE,Hinche,ADM1_HTI_CENTRE,CT_HTI
ADM2_HTI_CENTRE_LASCAHOBAS,Lascahobas,ADM1_HTI_CENTRE,CT_HTI
ADM2_HTI_CENTRE_MIREBALAIS,Mirebalais,ADM1_HTI_CENTRE,CT_HTI
ADM2_HTI_GRANDANSE_ANSE_DHAINAULT,Anse d'Hainault,ADM1_HTI_GRANDANSE,CT_HTI
ADM2_HTI_GRANDANSE_CORAIL,Corail,ADM1_HTI_GRANDANSE,CT_HTI
ADM2_HTI_GRANDANSE_JEREMIE,Jérémie,ADM1_HTI_GRANDANSE,CT_HTI
ADM2_HTI_NIPPES_ANSE_A_VEAU,Anse-à-Veau,ADM1_HTI_NIPPES,CT_HTI
ADM2_HTI_NIPPES_BARADERES,Baradères,ADM1_HTI_NIPPES,CT_HTI
ADM2_HTI_NIPPES_MIRAGOANE,Miragoâne,ADM1_HTI_NIPPES,CT_HTI
ADM2_HTI_NORD_ACUL_DU_NORD,Acul-du-Nord,ADM1_HTI_NORD,CT_HTI
ADM2_HTI_NORD_BORGNE,Borgne,ADM1_HTI_NORD,CT_HTI
ADM2_HTI_NORD_CAP_HAITIEN,Cap-Haïtien,ADM1_HTI_NORD,CT_HTI
ADM2_HTI_NORD_GRANDE_RIVIERE_DU_NORD,Grande-Rivière-du-Nord,ADM1_HTI_NORD,CT_HTI
ADM2_HTI_NORD_LIMBE,Limbé,ADM1_HTI_NORD,CT_HTI
ADM2_HTI_NORD_PLAISANCE,Plaisance,ADM1_HTI_NORD,CT_HTI
ADM2_HTI_NORD_SAINT_RAPHAEL,Saint-Raphaël,ADM1_HTI_NORD,CT_HTI
ADM2_HTI_NORD_EST_FORT_LIBERTE,Fort-Liberté,ADM1_HTI_NORD_EST,CT_HTI
ADM2_HTI_NORD_EST_OUANAMINTHE,Ouanaminthe,ADM1_HTI_NORD_EST,CT_HTI
ADM2_HTI_NORD_EST_TROU_DU_NORD,Trou-du-Nord,ADM1_HTI_NORD_EST,CT_HTI
ADM2_HTI_NORD_EST_VALLIERES,Vallières,ADM1_HTI_NORD_EST,CT_HTI
ADM2_HTI_NORD_OUEST_MOLE_SAINT_NICOLAS,Môle-Saint-Nicolas,ADM1_HTI_NORD_OUEST,CT_HTI
ADM2_HTI_NORD_OUEST_PORT_DE_PAIX,Port-de-Paix,ADM1_HTI_NORD_OUEST,CT_HTI
ADM2_HTI_NORD_OUEST_SAINT_LOUIS_DU_NORD,Saint-Louis-du-Nord,ADM1_HTI_NORD_OUEST,CT_HTI
ADM2_HTI_OUEST_ARCAHAIE,Arcahaie,ADM1_HTI_OUEST,CT_HTI
ADM2_HTI_OUEST_CROIX_DES_BOUQUETS,Croix-des-Bouquets,ADM1_HTI_OUEST,CT_HTI
ADM2_HTI_OUEST_GONAVE,Gonâve,ADM1_HTI_OUEST,CT_HTI
ADM2_HTI_OUEST_LEOGANE,Léogâne,ADM1_HTI_OUEST,CT_HTI
ADM2_HTI_OUEST_PORT_AU_PRINCE,Port-au-Prince,ADM1_HTI_OUEST,CT_HTI
ADM2_HTI_SUD_AQUIN,Aquin,ADM1_HTI_SUD,CT_HTI
ADM2_HTI_SUD_CHARDONNIERES,Chardonnières,ADM1_HTI_SUD,CT_HTI
ADM2_HTI_SUD_COTEAUX,Côteaux,ADM1_HTI_SUD,CT_HTI
ADM2_HTI_SUD_LES_CAYES,Les Cayes,ADM1_HTI_SUD,CT_HTI
ADM2_HTI_SUD_PORT_SALUT,Port-Salut,ADM1_HTI_SUD,CT_HTI
ADM2_HTI_SUD_EST_BAINET,Bainet,ADM1_HTI_SUD_EST,CT_HTI
ADM2_HTI_SUD_EST_BELLE_ANSE,Belle-Anse,ADM1_HTI_SUD_EST,CT_HTI
ADM2_HTI_SUD_EST_JACMEL,Jacmel,ADM1_HTI_SUD_EST,CT_HTI
ADM2_LBR_BOMI_DEWOIN,Dewoin,ADM1_LBR_BOMI,CT_LBR
ADM2_LBR_BOMI_KLAY,Klay,ADM1_LBR_BOMI,CT_LBR
ADM2_LBR_BOMI_SENJEH,Senjeh,ADM1_LBR_BOMI,CT_LBR
ADM2_LBR_BOMI_SUEHN_MECCA,Suehn Mecca,ADM1_LBR_BOMI,CT_LBR
ADM2_LBR_BONG_BOINSEN,Boinsen,ADM1_LBR_BONG,CT_LBR
ADM2_LBR_BONG_FUAMAH,Fuamah,ADM1_LBR_BONG,CT_LBR
ADM2_LBR_BONG_JORQUELLEH,Jorquelleh,ADM1_LBR_BONG,CT_LBR
ADM2_LBR_BONG_KOKOYAH,Kokoyah,ADM1_LBR_BONG,CT_LBR
ADM2_LBR_BONG_KPAAI,Kpaai,ADM1_LBR_BONG,CT_LBR
ADM2_LBR_BONG_PANTA,Panta,ADM1_LBR_BONG,CT_LBR
ADM2_LBR_BONG_SALALA,Salala,ADM1_LBR_BONG,CT_LBR
ADM2_LBR_BONG_SANOYEAH,Sanoyeah,ADM1_LBR_BONG,CT_LBR
ADM2_LBR_BONG_SUAKOKO,Suakoko,ADM1_LBR_BONG,CT_LBR
ADM2_LBR_BONG_TUKPAHBLEE,Tukpahblee,ADM1_LBR_BONG,CT_LBR
ADM2_LBR_BONG_YEALLEQUELLEH,Yeallequelleh,ADM1_LBR_BONG,CT_LBR
ADM2_LBR_BONG_ZOTA,Zota,ADM1_LBR_BONG,CT_LBR
ADM2_LBR_GBARPOLU_BELLEH,Belleh,ADM1_LBR_GBARPOLU,CT_LBR
ADM2_LBR_GBARPOLU_BOKOMU,Bokomu,ADM1_LBR_GBARPOLU,CT_LBR
ADM2_LBR_GBARPOLU_BOPOLU,Bopolu,ADM1_LBR_GBARPOLU,CT_LBR
ADM2_LBR_GBARPOLU_GBARMA,Gbarma,ADM1_LBR_GBARPOLU,CT_LBR
ADM2_LBR_GBARPOLU_GOUNWOLAILA,Gounwolaila,ADM1_LBR_GBARPOLU,CT_LBR
ADM2_LBR_GBARPOLU_KONGBA,Kongba,ADM1_LBR_GBARPOLU,CT_LBR
ADM2_LBR_GRAND_BASSA_COMMONWEALTH,Commonwealth,ADM1_LBR_GRAND_BASSA,CT_LBR
ADM2_LBR_GRAND_BASSA_DISTRICT_1,District #1,ADM1_LBR_GRAND_BASSA,CT_LBR
ADM2_LBR_GRAND_BASSA_DISTRICT_2,District #2,ADM1_LBR_GRAND_BASSA,CT_LBR
ADM2_LBR_GRAND_BASSA_DISTRICT_3,District #3,ADM1_LBR_GRAND_BASSA,CT_LBR
ADM2_LBR_GRAND_BASSA_DISTRICT_4,District #4,ADM1_LBR_GRAND_BASSA,CT_LBR
ADM2_LBR_GRAND_BASSA_NEEKREEN,Neekreen,ADM1_LBR_GRAND_BASSA,CT_LBR
ADM2_LBR_GRAND_BASSA_OWENSGROVE,Owensgrove,ADM1_LBR_GRAND_BASSA,CT_LBR
ADM2_LBR_GRAND_BASSA_ST_JOHN_RIVER,St. John River,ADM1_LBR_GRAND_BASSA,CT_LBR
ADM2_LBR_GRAND_CAPE_MOUNT_COMMONWEALTH,Commonwealth,ADM1_LBR_GRAND_CAPE_MOUNT,CT_LBR
ADM2_LBR_GRAND_CAPE_MOUNT_GARWULA,Garwula,ADM1_LBR_GRAND_CAPE_MOUNT,CT_LBR
ADM2_LBR_GRAND_CAPE_MOUNT_GOLA_KONNEH,Gola Konneh,ADM1_LBR_GRAND_CAPE_MOUNT,CT_LBR
ADM2_LBR_GRAND_CAPE_MOUNT_PORKPA,Porkpa,ADM1_LBR_GRAND_CAPE_MOUNT,CT_LBR
ADM2_LBR_GRAND_CAPE_MOUNT_TEWOR,Tewor,ADM1_LBR_GRAND_CAPE_MOUNT,CT_LBR
ADM2_LBR_GRAND_GEDEH_BHAI,B'hai,ADM1_LBR_GRAND_GEDEH,CT_LBR
ADM2_LBR_GRAND_GEDEH_CAVALA,Cavala,ADM1_LBR_GRAND_GEDEH,CT_LBR
ADM2_LBR_GRAND_GEDEH_GBAO,Gbao,ADM1_LBR_GRAND_GEDEH,CT_LBR
ADM2_LBR_GRAND_GEDEH_GBOE_PLOE,Gboe-Ploe,ADM1_LBR_GRAND_GEDEH,CT_LBR
ADM2_LBR_GRAND_GEDEH_GLIO_TWARBO,Glio-Twarbo,ADM1_LBR_GRAND_GEDEH,CT_LBR
ADM2_LBR_GRAND_GEDEH_KONOBO,Konobo,ADM1_LBR_GRAND_GEDEH,CT_LBR
ADM2_LBR_GRAND_GEDEH_PUTU,Putu,ADM1_LBR_GRAND_GEDEH,CT_LBR
ADM2_LBR_GRAND_GEDEH_TCHIEN,Tchien,ADM1_LBR_GRAND_GEDEH,CT_LBR
ADM2_LBR_GRAND_KRU_BLEEBO,Bleebo,ADM1_LBR_GRAND_KRU,CT_LBR
ADM2_LBR_GRAND_KRU_BOLLOH,Bolloh,ADM1_LBR_GRAND_KRU,CT_LBR
ADM2_LBR_GRAND_KRU_BUAH,Buah,ADM1_LBR_GRAND_KRU,CT_LBR
ADM2_LBR_GRAND_KRU_DORBOR,Dorbor,ADM1_LBR_GRAND_KRU,CT_LBR
ADM2_LBR_GRAND_KRU_DWEH,Dweh,ADM1_LBR_GRAND_KRU,CT_LBR
ADM2_LBR_GRAND_KRU_FELO_JEKWI,Felo-Jekwi,ADM1_LBR_GRAND_KRU,CT_LBR
ADM2_LBR_GRAND_KRU_FENETOE,Fenetoe,ADM1_LBR_GRAND_KRU,CT_LBR
ADM2_LBR_GRAND_KRU_FORPOH,Forpoh,ADM1_LBR_GRAND_KRU,CT_LBR
ADM2_LBR_GRAND_KRU_GARRAWAY,Garraway,ADM1_LBR_GRAND_KRU,CT_LBR
ADM2_LBR_GRAND_KRU_GEE,Gee,ADM1_LBR_GRAND_KRU,CT_LBR
ADM2_LBR_GRAND_KRU_GRAND_CESS_WEDABO,Grand Cess Wedabo,ADM1_LBR_GRAND_KRU,CT_LBR
ADM2_LBR_GRAND_KRU_KPI,Kpi,ADM1_LBR_GRAND_KRU,CT_LBR
ADM2_LBR_GRAND_KRU_LOWER_JLOH,Lower Jloh,ADM1_LBR_GRAND_KRU,CT_LBR
ADM2_LBR_GRAND_KRU_NROKWIA_WESLDOW,Nrokwia-Wesldow,ADM1_LBR_GRAND_KRU,CT_LBR
ADM2_LBR_GRAND_KRU_PENICESS,Penicess,ADM1_LBR_GRAND_KRU,CT_LBR
ADM2_LBR_GRAND_KRU_TRENBO,Trenbo,ADM1_LBR_GRAND_KRU,CT_LBR
ADM2_LBR_GRAND_KRU_UPPER_JLOH,Upper Jloh,ADM1_LBR_GRAND_KRU,CT_LBR
ADM2_LBR_GRAND_KRU_WLOGBA,Wlogba,ADM1_LBR_GRAND_KRU,CT_LBR
ADM2_LBR_LOFA_FOYA,Foya,ADM1_LBR_LOFA,CT_LBR
ADM2_LBR_LOFA_KOLAHUN,Kolahun,ADM1_LBR_LOFA,CT_LBR
ADM2_LBR_LOFA_QUARDU_GBONI,Quardu Gboni,ADM1_LBR_LOFA,CT_LBR
ADM2_LBR_LOFA_SALAYEA,Salayea,ADM1_LBR_LOFA,CT_LBR
ADM2_LBR_LOFA_VAHUN,Vahun,ADM1_LBR_LOFA,CT_LBR
ADM2_LBR_LOFA_VOINJAMA,Voinjama,ADM1_LBR_LOFA,CT_LBR
ADM2_LBR_LOFA_ZORZOR,Zorzor,ADM1_LBR_LOFA,CT_LBR
ADM2_LBR_MARGIBI_FIRESTONE,Firestone,ADM1_LBR_MARGIBI,CT_LBR
ADM2_LBR_MARGIBI_GIBI,Gibi,ADM1_LBR_MARGIBI,CT_LBR
ADM2_LBR_MARGIBI_KAKATA,Kakata,ADM1_LBR_MARGIBI,CT_LBR
ADM2_LBR_MARGIBI_MAMBAH_KABA,Mambah Kaba,ADM1_LBR_MARGIBI,CT_LBR
ADM2_LBR_MARYLAND_GWELEKPOKEN,Gwelekpoken,ADM1_LBR_MARYLAND,CT_LBR
ADM2_LBR_MARYLAND_HARPER,Harper,ADM1_LBR_MARYLAND,CT_LBR
ADM2_LBR_MARYLAND_KARLUWAY_DISTRICT_1,Karluway District #1,ADM1_LBR_MARYLAND,CT_LBR
ADM2_LBR_MARYLAND_KARLUWAY_DISTRICT_2,Karluway District #2,ADM1_LBR_MARYLAND,CT_LBR
ADM2_LBR_MARYLAND_NYORKEN,Nyorken,ADM1_LBR_MARYLAND,CT_LBR
ADM2_LBR_MARYLAND_PLEEBO_SODOKEN,Pleebo/Sodoken,ADM1_LBR_MARYLAND,CT_LBR
ADM2_LBR_MARYLAND_WHOJAH,Whojah,ADM1_LBR_MARYLAND,CT_LBR
ADM2_LBR_MONTSERRADO_CAREYSBURG,Careysburg,ADM1_LBR_MONTSERRADO,CT_LBR
ADM2_LBR_MONTSERRADO_COMMONWEALTH,Commonwealth,ADM1_LBR_MONTSERRADO,CT_LBR
ADM2_LBR_MONTSERRADO_GREATER_MONROVIA,Greater Monrovia,ADM1_LBR_MONTSERRADO,CT_LBR
ADM2_LBR_MONTSERRADO_ST_PAUL_RIVER,St. Paul River,ADM1_LBR_MONTSERRADO,CT_LBR
ADM2_LBR_MONTSERRADO_TODEE,Todee,ADM1_LBR_MONTSERRADO,CT_LBR
ADM2_LBR_NIMBA_BOE_AND_QUILLA,Boe & Quilla,ADM1_LBR_NIMBA,CT_LBR
ADM2_LBR_NIMBA_BUU_YAO,Buu-Yao,ADM1_LBR_NIMBA,CT_LBR
ADM2_LBR_NIMBA_DOE,Doe,ADM1_LBR_NIMBA,CT_LBR
ADM2_LBR_NIMBA_GARR_BAIN,Garr-Bain,ADM1_LBR_NIMBA,CT_LBR
ADM2_LBR_NIMBA_GBEHLAY_GEH,Gbehlay-Geh,ADM1_LBR_NIMBA,CT_LBR
ADM2_LBR_NIMBA_GBI_AND_DORU,Gbi & Doru,ADM1_LBR_NIMBA,CT_LBR
ADM2_LBR_NIMBA_GBOR,Gbor,ADM1_LBR_NIMBA,CT_LBR
ADM2_LBR_NIMBA_KPARBLEE,Kparblee,ADM1_LBR_NIMBA,CT_LBR
ADM2_LBR_NIMBA_LEEWEHPEA_MAHN,Leewehpea-Mahn,ADM1_LBR_NIMBA,CT_LBR
ADM2_LBR_NIMBA_MEINPEA_MAHN,Meinpea-Mahn,ADM1_LBR_NIMBA,CT_LBR
ADM2_LBR_NIMBA_SANNIQUELLIE_MAHN,Sanniquellie-Mahn,ADM1_LBR_NIMBA,CT_LBR
ADM2_LBR_NIMBA_TWAN_RIVER,Twan River,ADM1_LBR_NIMBA,CT_LBR
ADM2_LBR_NIMBA_WEE_GBEHY_MAHN,Wee-Gbehy-Mahn,ADM1_LBR_NIMBA,CT_LBR
ADM2_LBR_NIMBA_YARMEIN,Yarmein,ADM1_LBR_NIMBA,CT_LBR
ADM2_LBR_NIMBA_YARPEA_MAHN,Yarpea-Mahn,ADM1_LBR_NIMBA,CT_LBR
ADM2_LBR_NIMBA_YARWEIN_MEHNSONNOH,Yarwein Mehnsonnoh,ADM1_LBR_NIMBA,CT_LBR
ADM2_LBR_NIMBA_ZOE_GBAO,Zoe-Gbao,ADM1_LBR_NIMBA,CT_LBR
ADM2_LBR_RIVER_CESS_BEAWOR,Beawor,ADM1_LBR_RIVER_CESS,CT_LBR
ADM2_LBR_RIVER_CESS_CENTRAL_RIVER_CESS,Central River Cess,ADM1_LBR_RIVER_CESS,CT_LBR
ADM2_LBR_RIVER_CESS_DOEDAIN,Doedain,ADM1_LBR_RIVER_CESS,CT_LBR
ADM2_LBR_RIVER_CESS_FEN_RIVER,Fen River,ADM1_LBR_RIVER_CESS,CT_LBR
ADM2_LBR_RIVER_CESS_JO_RIVER,Jo River,ADM1_LBR_RIVER_CESS,CT_LBR
ADM2_LBR_RIVER_CESS_NORWEIN,Norwein,ADM1_LBR_RIVER_CESS,CT_LBR
ADM2_LBR_RIVER_CESS_SAM_GBALOR,Sam Gbalor,ADM1_LBR_RIVER_CESS,CT_LBR
ADM2_LBR_RIVER_CESS_ZARFLAHN,Zarflahn,ADM1_LBR_RIVER_CESS,CT_LBR
ADM2_LBR_RIVER_GEE_CHEDEPO,Chedepo,ADM1_LBR_RIVER_GEE,CT_LBR
ADM2_LBR_RIVER_GEE_GBEAPO,Gbeapo,ADM1_LBR_RIVER_GEE,CT_LBR
ADM2_LBR_RIVER_GEE_GLARO,Glaro,ADM1_LBR_RIVER_GEE,CT_LBR
ADM2_LBR_RIVER_GEE_KARFORH,Karforh,ADM1_LBR_RIVER_GEE,CT_LBR
ADM2_LBR_RIVER_GEE_NANEE,Nanee,ADM1_LBR_RIVER_GEE,CT_LBR
ADM2_LBR_RIVER_GEE_NYENAWLIKEN,Nyenawliken,ADM1_LBR_RIVER_GEE,CT_LBR
ADM2_LBR_RIVER_GEE_NYENEBO,Nyenebo,ADM1_LBR_RIVER_GEE,CT_LBR
ADM2_LBR_RIVER_GEE_POTUPO,Potupo,ADM1_LBR_RIVER_GEE,CT_LBR
ADM2_LBR_RIVER_GEE_SARBO,Sarbo,ADM1_LBR_RIVER_GEE,CT_LBR
ADM2_LBR_RIVER_GEE_TUOBO,Tuobo,ADM1_LBR_RIVER_GEE,CT_LBR
ADM2_LBR_SINOE_BODAE,Bodae,ADM1_LBR_SINOE,CT_LBR
ADM2_LBR_SINOE_BOKON,Bokon,ADM1_LBR_SINOE,CT_LBR
ADM2_LBR_SINOE_BUTAW,Butaw,ADM1_LBR_SINOE,CT_LBR
ADM2_LBR_SINOE_DUGBE_RIVER,Dugbe River,ADM1_LBR_SINOE,CT_LBR
ADM2_LBR_SINOE_GREENVILLE,Greenville,ADM1_LBR_SINOE,CT_LBR
ADM2_LBR_SINOE_JAEDAE,Jaedae,ADM1_LBR_SINOE,CT_LBR
ADM2_LBR_SINOE_JAEDEPO,Jaedepo,ADM1_LBR_SINOE,CT_LBR
ADM2_LBR_SINOE_JUARZON,Juarzon,ADM1_LBR_SINOE,CT_LBR
ADM2_LBR_SINOE_KPAYAN,Kpayan,ADM1_LBR_SINOE,CT_LBR
ADM2_LBR_SINOE_KULU_SHAW_BOE,Kulu Shaw Boe,ADM1_LBR_SINOE,CT_LBR
ADM2_LBR_SINOE_PLAHN_NYARN,Plahn Nyarn,ADM1_LBR_SINOE,CT_LBR
ADM2_LBR_SINOE_PYNES_TOWN,Pynes Town,ADM1_LBR_SINOE,CT_LBR
ADM2_LBR_SINOE_SANQUIN_DISTRICT_1,Sanquin District #1,ADM1_LBR_SINOE,CT_LBR
ADM2_LBR_SINOE_SANQUIN_DISTRICT_2,Sanquin District #2,ADM1_LBR_SINOE,CT_LBR
ADM2_LBR_SINOE_SANQUIN_DISTRICT_3,Sanquin District #3,ADM1_LBR_SINOE,CT_LBR
ADM2_LBR_SINOE_SEEKON,Seekon,ADM1_LBR_SINOE,CT_LBR
ADM2_LBR_SINOE_WEDJAH,Wedjah,ADM1_LBR_SINOE,CT_LBR
ADM2_PRT_AVEIRO_AVEIRO,Aveiro,ADM1_PRT_AVEIRO,CT_PRT
ADM2_PRT_AZORES_ANGRA_DO_HEROISMO,Angra do Heroísmo,ADM1_PRT_AZORES,CT_PRT
ADM2_PRT_AZORES_HORTA,Horta,ADM1_PRT_AZORES,CT_PRT
ADM2_PRT_AZORES_PONTA_DELGADA,Ponta Delgada,ADM1_PRT_AZORES,CT_PRT
ADM2_PRT_BRAGA_BRAGA,Braga,ADM1_PRT_BRAGA,CT_PRT
ADM2_PRT_BRAGA_GUIMARAES,Guimarães,ADM1_PRT_BRAGA,CT_PRT
ADM2_PRT_COIMBRA_COIMBRA,Coimbra,ADM1_PRT_COIMBRA,CT_PRT
ADM2_PRT_FARO_FARO,Faro,ADM1_PRT_FARO,CT_PRT
ADM2_PRT_FARO_LOULE,Loulé,ADM1_PRT_FARO,CT_PRT
ADM2_PRT_LISBON_ALMADA,Almada,ADM1_PRT_LISBON,CT_PRT
ADM2_PRT_LISBON_AMADORA,Amadora,ADM1_PRT_LISBON,CT_PRT
ADM2_PRT_LISBON_CASCAIS,Cascais,ADM1_PRT_LISBON,CT_PRT
ADM2_PRT_LISBON_LISBON,Lisbon,ADM1_PRT_LISBON,CT_PRT
ADM2_PRT_LISBON_LOURES,Loures,ADM1_PRT_LISBON,CT_PRT
ADM2_PRT_LISBON_ODIVELAS,Odivelas,ADM1_PRT_LISBON,CT_PRT
ADM2_PRT_LISBON_OEIRAS,Oeiras,ADM1_PRT_LISBON,CT_PRT
ADM2_PRT_LISBON_SINTRA,Sintra,ADM1_PRT_LISBON,CT_PRT
ADM2_PRT_MADEIRA_FUNCHAL,Funchal,ADM1_PRT_MADEIRA,CT_PRT
ADM2_PRT_MADEIRA_SANTA_CRUZ,Santa Cruz,ADM1_PRT_MADEIRA,CT_PRT
ADM2_PRT_PORTO_MATOSINHOS,Matosinhos,ADM1_PRT_PORTO,CT_PRT
ADM2_PRT_PORTO_PORTO,Porto,ADM1_PRT_PORTO,CT_PRT
ADM2_PRT_PORTO_VILA_NOVA_DE_GAIA,Vila Nova de Gaia,ADM1_PRT_PORTO,CT_PRT
ADM2_PRT_SETUBAL_SEIXAL,Seixal,ADM1_PRT_SETUBAL,CT_PRT
ADM2_PRT_SETUBAL_SETUBAL,Setúbal,ADM1_PRT_SETUBAL,CT_PRT
ADM2_SLE_KAILAHUN,Kailahun District,ADM1_SLE_EASTERN_PROVINCE,CT_SLE
ADM2_SLE_KENEMA,Kenema District,ADM1_SLE_EASTERN_PROVINCE,CT_SLE
ADM2_SLE_KONO,Kono District,ADM1_SLE_EASTERN_PROVINCE,CT_SLE
ADM2_SLE_BOMBALI,Bombali District,ADM1_SLE_NORTHERN_PROVINCE,CT_SLE
ADM2_SLE_FALABA,Falaba District,ADM1_SLE_NORTHERN_PROVINCE,CT_SLE
ADM2_SLE_KOINADUGU,Koinadugu District,ADM1_SLE_NORTHERN_PROVINCE,CT_SLE
ADM2_SLE_TONKOLILI,Tonkolili District,ADM1_SLE_NORTHERN_PROVINCE,CT_SLE
ADM2_SLE_KAMBIA,Kambia District,ADM1_SLE_NORTH_WESTERN_PROVINCE,CT_SLE
ADM2_SLE_KARENE,Karene District,ADM1_SLE_NORTH_WESTERN_PROVINCE,CT_SLE
ADM2_SLE_PORT_LOKO,Port Loko District,ADM1_SLE_NORTH_WESTERN_PROVINCE,CT_SLE
ADM2_SLE_BO,Bo District,ADM1_SLE_SOUTHERN_PROVINCE,CT_SLE
ADM2_SLE_BONTHE,Bonthe District,ADM1_SLE_SOUTHERN_PROVINCE,CT_SLE
ADM2_SLE_MOYAMBA,Moyamba District,ADM1_SLE_SOUTHERN_PROVINCE,CT_SLE
ADM2_SLE_PUJEHUN,Pujehun District,ADM1_SLE_SOUTHERN_PROVINCE,CT_SLE
ADM2_SLE_WESTERN_AREA_RURAL,Western Area Rural District,ADM1_SLE_WESTERN_AREA,CT_SLE
ADM2_SLE_WESTERN_AREA_URBAN,Western Area Urban District,ADM1_SLE_WESTERN_AREA,CT_SLE
ADM2_TGO_BLITTA,Blitta,ADM1_TGO_CENTRALE,CT_TGO
ADM2_TGO_MO,Mô,ADM1_TGO_CENTRALE,CT_TGO
ADM2_TGO_SOTOUBOUA,Sotouboua,ADM1_TGO_CENTRALE,CT_TGO
ADM2_TGO_TCHAMBA,Tchamba,ADM1_TGO_CENTRALE,CT_TGO
ADM2_TGO_TCHAOUDJO,Tchaoudjo,ADM1_TGO_CENTRALE,CT_TGO
ADM2_TGO_ASSOLI,Assoli,ADM1_TGO_KARA,CT_TGO
ADM2_TGO_BASSAR,Bassar,ADM1_TGO_KARA,CT_TGO
ADM2_TGO_BIMAH,Bimah,ADM1_TGO_KARA,CT_TGO
ADM2_TGO_DANKPEN,Dankpen,ADM1_TGO_KARA,CT_TGO
ADM2_TGO_DOUFELGOU,Doufelgou,ADM1_TGO_KARA,CT_TGO
ADM2_TGO_KOZAH,Kozah,ADM1_TGO_KARA,CT_TGO
ADM2_TGO_KERAN,Kéran,ADM1_TGO_KARA,CT_TGO
ADM2_TGO_AGOE_NYIVE,Agoè-Nyivé,ADM1_TGO_MARITIME,CT_TGO
ADM2_TGO_AVE,Avé,ADM1_TGO_MARITIME,CT_TGO
ADM2_TGO_BAS_MONO,Bas-Mono,ADM1_TGO_MARITIME,CT_TGO
ADM2_TGO_GOLFE,Golfe,ADM1_TGO_MARITIME,CT_TGO
ADM2_TGO_LACS,Lacs,ADM1_TGO_MARITIME,CT_TGO
ADM2_TGO_VO,Vo,ADM1_TGO_MARITIME,CT_TGO
ADM2_TGO_YOTO,Yoto,ADM1_TGO_MARITIME,CT_TGO
ADM2_TGO_ZIO,Zio,ADM1_TGO_MARITIME,CT_TGO
ADM2_TGO_AGOU,Agou,ADM1_TGO_PLATEAUX,CT_TGO
ADM2_TGO_AKEBOU,Akébou,ADM1_TGO_PLATEAUX,CT_TGO
ADM2_TGO_AMOU,Amou,ADM1_TGO_PLATEAUX,CT_TGO
ADM2_TGO_ANIE,Anié,ADM1_TGO_PLATEAUX,CT_TGO
ADM2_TGO_DANYI,Danyi,ADM1_TGO_PLATEAUX,CT_TGO
ADM2_TGO_EST_MONO,Est-Mono,ADM1_TGO_PLATEAUX,CT_TGO
ADM2_TGO_HAHO,Haho,ADM1_TGO_PLATEAUX,CT_TGO
ADM2_TGO_KLOTO,Kloto,ADM1_TGO_PLATEAUX,CT_TGO
ADM2_TGO_KPELE,Kpélé,ADM1_TGO_PLATEAUX,CT_TGO
ADM2_TGO_MOYEN_MONO,Moyen-Mono,ADM1_TGO_PLATEAUX,CT_TGO
ADM2_TGO_OGOU,Ogou,ADM1_TGO_PLATEAUX,CT_TGO
ADM2_TGO_WAWA,Wawa,ADM1_TGO_PLATEAUX,CT_TGO
ADM2_TGO_CINKASSE,Cinkassé,ADM1_TGO_SAVANES,CT_TGO
ADM2_TGO_KPENDJAL,Kpendjal,ADM1_TGO_SAVANES,CT_TGO
ADM2_TGO_KPENDJAL_OUEST,Kpendjal-Ouest,ADM1_TGO_SAVANES,CT_TGO
ADM2_TGO_OTI,Oti,ADM1_TGO_SAVANES,CT_TGO
ADM2_TGO_OTI_SUD,Oti-Sud,ADM1_TGO_SAVANES,CT_TGO
ADM2_TGO_TANDJOUARE,Tandjouaré,ADM1_TGO_SAVANES,CT_TGO
ADM2_TGO_TONE,Tône,ADM1_TGO_SAVANES,CT_TGO
ADM2_TTO_TOBAGO_BELLE_GARDEN_GLAMORGAN,Belle Garden/Glamorgan,ADM1_TTO_TOBAGO,CT_TTO
ADM2_TTO_TOBAGO_BETHEL_NEW_GRANGE,Bethel/New Grange,ADM1_TTO_TOBAGO,CT_TTO
ADM2_TTO_TOBAGO_BETHESDA_LES_COTEAUX,Bethesda/Les Coteaux,ADM1_TTO_TOBAGO,CT_TTO
ADM2_TTO_TOBAGO_BON_ACCORD_CROWN_POINT,Bon Accord/Crown Point,ADM1_TTO_TOBAGO,CT_TTO
ADM2_TTO_TOBAGO_BUCCOO_MT_PLEASANT,Buccoo/Mt. Pleasant,ADM1_TTO_TOBAGO,CT_TTO
ADM2_TTO_TOBAGO_DARREL_SPRING_WHIM,Darrel Spring/Whim,ADM1_TTO_TOBAGO,CT_TTO
ADM2_TTO_TOBAGO_LAMBEAU_LOWLANDS,Lambeau/Lowlands,ADM1_TTO_TOBAGO,CT_TTO
ADM2_TTO_TOBAGO_MASON_HALL_NORTH_MORIAH,Mason Hall North/Moriah,ADM1_TTO_TOBAGO,CT_TTO
ADM2_TTO_TOBAGO_MASON_HALL_SOUTH_BAGATELLE,Mason Hall South/Bagatelle,ADM1_TTO_TOBAGO,CT_TTO
ADM2_TTO_TOBAGO_MT_ST_GEORGE_GOODWOOD,Mt. St. George/Goodwood,ADM1_TTO_TOBAGO,CT_TTO
ADM2_TTO_TOBAGO_PARLATUVIER_LANSE_FOURMI_SPEYSIDE,Parlatuvier/L’Anse Fourmi/Speyside,ADM1_TTO_TOBAGO,CT_TTO
ADM2_TTO_TOBAGO_PLYMOUTH_BLACK_ROCK,Plymouth/Black Rock,ADM1_TTO_TOBAGO,CT_TTO
ADM2_TTO_TOBAGO_ROXBOROUGH_ARGYLE,Roxborough/Argyle,ADM1_TTO_TOBAGO,CT_TTO
ADM2_TTO_TOBAGO_SCARBOROUGH_MT_GRACE,Scarborough/Mt. Grace,ADM1_TTO_TOBAGO,CT_TTO
ADM2_TTO_TOBAGO_SIGNAL_HILL_PATIENCE_HILL,Signal Hill/Patience Hill,ADM1_TTO_TOBAGO,CT_TTO
ADM2_USA_ALABAMA_JEFFERSON,Jefferson,ADM1_USA_ALABAMA,CT_USA
ADM2_USA_ALABAMA_MADISON,Madison,ADM1_USA_ALABAMA,CT_USA
ADM2_USA_ALABAMA_MOBILE,Mobile,ADM1_USA_ALABAMA,CT_USA
ADM2_USA_ALABAMA_MONTGOMERY,Montgomery,ADM1_USA_ALABAMA,CT_USA
ADM2_USA_DELAWARE_KENT,Kent,ADM1_USA_DELAWARE,CT_USA
ADM2_USA_DELAWARE_NEW_CASTLE,New Castle,ADM1_USA_DELAWARE,CT_USA
ADM2_USA_DELAWARE_SUSSEX,Sussex,ADM1_USA_DELAWARE,CT_USA
ADM2_USA_DISTRICT_OF_COLUMBIA_DISTRICT_OF_COLUMBIA,District of Columbia,ADM1_USA_DISTRICT_OF_COLUMBIA,CT_USA
ADM2_USA_FLORIDA_BROWARD,Broward,ADM1_USA_FLORIDA,CT_USA
ADM2_USA_FLORIDA_DUVAL,Duval,ADM1_USA_FLORIDA,CT_USA
ADM2_USA_FLORIDA_HILLSBOROUGH,Hillsborough,ADM1_USA_FLORIDA,CT_USA
ADM2_USA_FLORIDA_MIAMI_DADE,Miami-Dade,ADM1_USA_FLORIDA,CT_USA
ADM2_USA_FLORIDA_ORANGE,Orange,ADM1_USA_FLORIDA,CT_USA
ADM2_USA_FLORIDA_PALM_BEACH,Palm Beach,ADM1_USA_FLORIDA,CT_USA
ADM2_USA_GEORGIA_CLAYTON,Clayton,ADM1_USA_GEORGIA,CT_USA
ADM2_USA_GEORGIA_COBB,Cobb,ADM1_USA_GEORGIA,CT_USA
ADM2_USA_GEORGIA_DEKALB,DeKalb,ADM1_USA_GEORGIA,CT_USA
ADM2_USA_GEORGIA_FULTON,Fulton,ADM1_USA_GEORGIA,CT_USA
ADM2_USA_GEORGIA_GWINNETT,Gwinnett,ADM1_USA_GEORGIA,CT_USA
ADM2_USA_LOUISIANA_CADDO,Caddo,ADM1_USA_LOUISIANA,CT_USA
ADM2_USA_LOUISIANA_EAST_BATON_ROUGE,East Baton Rouge,ADM1_USA_LOUISIANA,CT_USA
ADM2_USA_LOUISIANA_JEFFERSON,Jefferson,ADM1_USA_LOUISIANA,CT_USA
ADM2_USA_LOUISIANA_ORLEANS,Orleans,ADM1_USA_LOUISIANA,CT_USA
ADM2_USA_MARYLAND_BALTIMORE,Baltimore,ADM1_USA_MARYLAND,CT_USA
ADM2_USA_MARYLAND_BALTIMORE_CITY,Baltimore City,ADM1_USA_MARYLAND,CT_USA
ADM2_USA_MARYLAND_HOWARD,Howard,ADM1_USA_MARYLAND,CT_USA
ADM2_USA_MARYLAND_MONTGOMERY,Montgomery,ADM1_USA_MARYLAND,CT_USA
ADM2_USA_MARYLAND_PRINCE_GEORGE_S,Prince George's,ADM1_USA_MARYLAND,CT_USA
ADM2_USA_MASSACHUSETTS_ESSEX,Essex,ADM1_USA_MASSACHUSETTS,CT_USA
ADM2_USA_MASSACHUSETTS_MIDDLESEX,Middlesex,ADM1_USA_MASSACHUSETTS,CT_USA
ADM2_USA_MASSACHUSETTS_NORFOLK,Norfolk,ADM1_USA_MASSACHUSETTS,CT_USA
ADM2_USA_MASSACHUSETTS_SUFFOLK,Suffolk,ADM1_USA_MASSACHUSETTS,CT_USA
ADM2_USA_MASSACHUSETTS_WORCESTER,Worcester,ADM1_USA_MASSACHUSETTS,CT_USA
ADM2_USA_MISSISSIPPI_DESOTO,DeSoto,ADM1_USA_MISSISSIPPI,CT_USA
ADM2_USA_MISSISSIPPI_HARRISON,Harrison,ADM1_USA_MISSISSIPPI,CT_USA
ADM2_USA_MISSISSIPPI_HINDS,Hinds,ADM1_USA_MISSISSIPPI,CT_USA
ADM2_USA_MISSISSIPPI_JACKSON,Jackson,ADM1_USA_MISSISSIPPI,CT_USA
ADM2_USA_NEW_JERSEY_ESSEX,Essex,ADM1_USA_NEW_JERSEY,CT_USA
ADM2_USA_NEW_JERSEY_HUDSON,Hudson,ADM1_USA_NEW_JERSEY,CT_USA
ADM2_USA_NEW_JERSEY_MERCER,Mercer,ADM1_USA_NEW_JERSEY,CT_USA
ADM2_USA_NEW_JERSEY_MIDDLESEX,Middlesex,ADM1_USA_NEW_JERSEY,CT_USA
ADM2_USA_NEW_JERSEY_UNION,Union,ADM1_USA_NEW_JERSEY,CT_USA
ADM2_USA_NEW_YORK_BRONX,Bronx,ADM1_USA_NEW_YORK,CT_USA
ADM2_USA_NEW_YORK_ERIE,Erie,ADM1_USA_NEW_YORK,CT_USA
ADM2_USA_NEW_YORK_KINGS,Kings,ADM1_USA_NEW_YORK,CT_USA
ADM2_USA_NEW_YORK_MONROE,Monroe,ADM1_USA_NEW_YORK,CT_USA
ADM2_USA_NEW_YORK_NASSAU,Nassau,ADM1_USA_NEW_YORK,CT_USA
ADM2_USA_NEW_YORK_NEW_YORK,New York,ADM1_USA_NEW_YORK,CT_USA
ADM2_USA_NEW_YORK_QUEENS,Queens,ADM1_USA_NEW_YORK,CT_USA
ADM2_USA_NEW_YORK_RICHMOND,Richmond,ADM1_USA_NEW_YORK,CT_USA
ADM2_USA_NEW_YORK_SUFFOLK,Suffolk,ADM1_USA_NEW_YORK,CT_USA
ADM2_USA_NEW_YORK_WESTCHESTER,Westchester,ADM1_USA_NEW_YORK,CT_USA
ADM2_USA_NORTH_CAROLINA_CUMBERLAND,Cumberland,ADM1_USA_NORTH_CAROLINA,CT_USA
ADM2_USA_NORTH_CAROLINA_DURHAM,Durham,ADM1_USA_NORTH_CAROLINA,CT_USA
ADM2_USA_NORTH_CAROLINA_GUILFORD,Guilford,ADM1_USA_NORTH_CAROLINA,CT_USA
ADM2_USA_NORTH_CAROLINA_MECKLENBURG,Mecklenburg,ADM1_USA_NORTH_CAROLINA,CT_USA
ADM2_USA_NORTH_CAROLINA_WAKE,Wake,ADM1_USA_NORTH_CAROLINA,CT_USA
ADM2_USA_PENNSYLVANIA_ALLEGHENY,Allegheny,ADM1_USA_PENNSYLVANIA,CT_USA
ADM2_USA_PENNSYLVANIA_BUCKS,Bucks,ADM1_USA_PENNSYLVANIA,CT_USA
ADM2_USA_PENNSYLVANIA_DAUPHIN,Dauphin,ADM1_USA_PENNSYLVANIA,CT_USA
ADM2_USA_PENNSYLVANIA_DELAWARE,Delaware,ADM1_USA_PENNSYLVANIA,CT_USA
ADM2_USA_PENNSYLVANIA_MONTGOMERY,Montgomery,ADM1_USA_PENNSYLVANIA,CT_USA
ADM2_USA_PENNSYLVANIA_PHILADELPHIA,Philadelphia,ADM1_USA_PENNSYLVANIA,CT_USA
ADM2_USA_SOUTH_CAROLINA_CHARLESTON,Charleston,ADM1_USA_SOUTH_CAROLINA,CT_USA
ADM2_USA_SOUTH_CAROLINA_GREENVILLE,Greenville,ADM1_USA_SOUTH_CAROLINA,CT_USA
ADM2_USA_SOUTH_CAROLINA_HORRY,Horry,ADM1_USA_SOUTH_CAROLINA,CT_USA
ADM2_USA_SOUTH_CAROLINA_RICHLAND,Richland,ADM1_USA_SOUTH_CAROLINA,CT_USA
ADM2_USA_TEXAS_BEXAR,Bexar,ADM1_USA_TEXAS,CT_USA
ADM2_USA_TEXAS_COLLIN,Collin,ADM1_USA_TEXAS,CT_USA
ADM2_USA_TEXAS_DALLAS,Dallas,ADM1_USA_TEXAS,CT_USA
ADM2_USA_TEXAS_FORT_BEND,Fort Bend,ADM1_USA_TEXAS,CT_USA
ADM2_USA_TEXAS_HARRIS,Harris,ADM1_USA_TEXAS,CT_USA
ADM2_USA_TEXAS_TARRANT,Tarrant,ADM1_USA_TEXAS,CT_USA
ADM2_USA_TEXAS_TRAVIS,Travis,ADM1_USA_TEXAS,CT_USA
ADM2_USA_VIRGINIA_ALEXANDRIA_CITY,Alexandria city,ADM1_USA_VIRGINIA,CT_USA
ADM2_USA_VIRGINIA_ARLINGTON,Arlington,ADM1_USA_VIRGINIA,CT_USA
ADM2_USA_VIRGINIA_FAIRFAX,Fairfax,ADM1_USA_VIRGINIA,CT_USA
ADM2_USA_VIRGINIA_HENRICO,Henrico,ADM1_USA_VIRGINIA,CT_USA
ADM2_USA_VIRGINIA_LOUDOUN,Loudoun,ADM1_USA_VIRGINIA,CT_USA
ADM2_USA_VIRGINIA_PRINCE_WILLIAM,Prince William,ADM1_USA_VIRGINIA,CT_USA
