country_id,country_name,admin_level_1_id,admin_level_1_name,admin_level_2_id,admin_level_2_name,admin_level_3_count
CT_GHA,Ghana,ADM1_GHA_AHAFO,Ahafo,ADM2_GHA_ASUNAFO_NORTH,Asunafo North,1
CT_GHA,Ghana,ADM1_GHA_AHAFO,Ahafo,ADM2_GHA_ASUNAFO_SOUTH,Asunafo South,1
CT_GHA,Ghana,ADM1_GHA_AHAFO,Ahafo,ADM2_GHA_ASUTIFI_NORTH,Asutifi North,1
CT_GHA,Ghana,ADM1_GHA_AHAFO,Ahafo,ADM2_GHA_ASUTIFI_SOUTH,Asutifi South,1
CT_GHA,Ghana,ADM1_GHA_AHAFO,Ahafo,ADM2_GHA_TANO_NORTH,Tano North,1
CT_GHA,Ghana,ADM1_GHA_AHAFO,Ahafo,ADM2_GHA_TANO_SOUTH,Tano South,1
CT_GHA,Ghana,ADM1_GHA_ASHANTI,Ashanti,ADM2_GHA_ADANSI_ASOKWA,Adansi Asokwa,1
CT_GHA,Ghana,ADM1_GHA_ASHANTI,Ashanti,ADM2_GHA_ADANSI_NORTH,Adansi North,1
CT_GHA,Ghana,ADM1_GHA_ASHANTI,Ashanti,ADM2_GHA_ADANSI_SOUTH,Adansi South,1
CT_GHA,Ghana,ADM1_GHA_ASHANTI,Ashanti,ADM2_GHA_AFIGYA_KWABRE_NORTH,Afigya-Kwabre North,1
CT_GHA,Ghana,ADM1_GHA_ASHANTI,Ashanti,ADM2_GHA_AFIGYA_KWABRE_SOUTH,Afigya-Kwabre South,1
CT_GHA,Ghana,ADM1_GHA_ASHANTI,Ashanti,ADM2_GHA_AHAFO_ANO_NORTH,Ahafo-Ano North,1
CT_GHA,Ghana,ADM1_GHA_ASHANTI,Ashanti,ADM2_GHA_AHAFO_ANO_SOUTH_EAST,Ahafo-Ano South East,1
CT_GHA,Ghana,ADM1_GHA_ASHANTI,Ashanti,ADM2_GHA_AHAFO_ANO_SOUTH_WEST,Ahafo-Ano South West,1
CT_GHA,Ghana,ADM1_GHA_ASHANTI,Ashanti,ADM2_GHA_AKROFUOM,Akrofuom,1
CT_GHA,Ghana,ADM1_GHA_ASHANTI,Ashanti,ADM2_GHA_AMANSIE_CENTRAL,Amansie Central,1
CT_GHA,Ghana,ADM1_GHA_ASHANTI,Ashanti,ADM2_GHA_AMANSIE_SOUTH,Amansie South,1
CT_GHA,Ghana,ADM1_GHA_ASHANTI,Ashanti,ADM2_GHA_AMANSIE_WEST,Amansie West,1
CT_GHA,Ghana,ADM1_GHA_ASHANTI,Ashanti,ADM2_GHA_ASANTE_AKIM_CENTRAL,Asante-Akim Central,1
CT_GHA,Ghana,ADM1_GHA_ASHANTI,Ashanti,ADM2_GHA_ASANTE_AKIM_NORTH,Asante-Akim North,1
CT_GHA,Ghana,ADM1_GHA_ASHANTI,Ashanti,ADM2_GHA_ASANTE_AKIM_SOUTH,Asante-Akim South,1
CT_GHA,Ghana,ADM1_GHA_ASHANTI,Ashanti,ADM2_GHA_ASOKORE_MAMPONG,Asokore-Mampong,1
CT_GHA,Ghana,ADM1_GHA_ASHANTI,Ashanti,ADM2_GHA_ASOKWA,Asokwa,1
CT_GHA,Ghana,ADM1_GHA_ASHANTI,Ashanti,ADM2_GHA_ATWIMA_KWANWOMA,Atwima-Kwanwoma,1
CT_GHA,Ghana,ADM1_GHA_ASHANTI,Ashanti,ADM2_GHA_ATWIMA_MPONUA,Atwima-Mponua,1
CT_GHA,Ghana,ADM1_GHA_ASHANTI,Ashanti,ADM2_GHA_ATWIMA_NWABIAGYA,Atwima-Nwabiagya,1
CT_GHA,Ghana,ADM1_GHA_ASHANTI,Ashanti,ADM2_GHA_ATWIMA_NWABIAGYA_NORTH,Atwima-Nwabiagya North,1
CT_GHA,Ghana,ADM1_GHA_ASHANTI,Ashanti,ADM2_GHA_BEKWAI,Bekwai,1
CT_GHA,Ghana,ADM1_GHA_ASHANTI,Ashanti,ADM2_GHA_BOSOME_FREHO,Bosome Freho,1
CT_GHA,Ghana,ADM1_GHA_ASHANTI,Ashanti,ADM2_GHA_BOSOMTWE,Bosomtwe,1
CT_GHA,Ghana,ADM1_GHA_ASHANTI,Ashanti,ADM2_GHA_EJISU,Ejisu,1
CT_GHA,Ghana,ADM1_GHA_ASHANTI,Ashanti,ADM2_GHA_EJURA_SEKYEDUMASE,Ejura/Sekyedumase,1
CT_GHA,Ghana,ADM1_GHA_ASHANTI,Ashanti,ADM2_GHA_JUABEN,Juaben,1
CT_GHA,Ghana,ADM1_GHA_ASHANTI,Ashanti,ADM2_GHA_KUMASI,Kumasi,1
CT_GHA,Ghana,ADM1_GHA_ASHANTI,Ashanti,ADM2_GHA_KWABRE_EAST,Kwabre East,1
CT_GHA,Ghana,ADM1_GHA_ASHANTI,Ashanti,ADM2_GHA_KWADASO,Kwadaso,1
CT_GHA,Ghana,ADM1_GHA_ASHANTI,Ashanti,ADM2_GHA_MAMPONG,Mampong,1
CT_GHA,Ghana,ADM1_GHA_ASHANTI,Ashanti,ADM2_GHA_OBUASI,Obuasi,1
CT_GHA,Ghana,ADM1_GHA_ASHANTI,Ashanti,ADM2_GHA_OBUASI_EAST,Obuasi East,1
CT_GHA,Ghana,ADM1_GHA_ASHANTI,Ashanti,ADM2_GHA_OFFINSO,Offinso,1
CT_GHA,Ghana,ADM1_GHA_ASHANTI,Ashanti,ADM2_GHA_OFFINSO_NORTH,Offinso North,1
CT_GHA,Ghana,ADM1_GHA_ASHANTI,Ashanti,ADM2_GHA_OFORIKROM,Oforikrom,1
CT_GHA,Ghana,ADM1_GHA_ASHANTI,Ashanti,ADM2_GHA_OLD_TAFO,Old Tafo,1
CT_GHA,Ghana,ADM1_GHA_ASHANTI,Ashanti,ADM2_GHA_SEKYERE_AFRAM_PLAINS,Sekyere Afram Plains,1
CT_GHA,Ghana,ADM1_GHA_ASHANTI,Ashanti,ADM2_GHA_SEKYERE_CENTRAL,Sekyere Central,1
CT_GHA,Ghana,ADM1_GHA_ASHANTI,Ashanti,ADM2_GHA_SEKYERE_EAST,Sekyere East,1
CT_GHA,Ghana,ADM1_GHA_ASHANTI,Ashanti,ADM2_GHA_SEKYERE_KUMAWU,Sekyere Kumawu,1
CT_GHA,Ghana,ADM1_GHA_ASHANTI,Ashanti,ADM2_GHA_SEKYERE_SOUTH,Sekyere South,1
CT_GHA,Ghana,ADM1_GHA_ASHANTI,Ashanti,ADM2_GHA_SUAME,Suame,1
CT_GHA,Ghana,ADM1_GHA_BONO,Bono,ADM2_GHA_BANDA,Banda,1
CT_GHA,Ghana,ADM1_GHA_BONO,Bono,ADM2_GHA_BEREKUM_EAST,Berekum East,1
CT_GHA,Ghana,ADM1_GHA_BONO,Bono,ADM2_GHA_BEREKUM_WEST,Berekum West,1
CT_GHA,Ghana,ADM1_GHA_BONO,Bono,ADM2_GHA_DORMAA_CENTRAL,Dormaa Central,1
CT_GHA,Ghana,ADM1_GHA_BONO,Bono,ADM2_GHA_DORMAA_EAST,Dormaa East,1
CT_GHA,Ghana,ADM1_GHA_BONO,Bono,ADM2_GHA_DORMAA_WEST,Dormaa West,1
CT_GHA,Ghana,ADM1_GHA_BONO,Bono,ADM2_GHA_JAMAN_NORTH,Jaman North,1
CT_GHA,Ghana,ADM1_GHA_BONO,Bono,ADM2_GHA_JAMAN_SOUTH,Jaman South,1
CT_GHA,Ghana,ADM1_GHA_BONO,Bono,ADM2_GHA_SUNYANI,Sunyani,1
CT_GHA,Ghana,ADM1_GHA_BONO,Bono,ADM2_GHA_SUNYANI_WEST,Sunyani West,1
CT_GHA,Ghana,ADM1_GHA_BONO,Bono,ADM2_GHA_TAIN,Tain,1
CT_GHA,Ghana,ADM1_GHA_BONO,Bono,ADM2_GHA_WENCHI,Wenchi,1
CT_GHA,Ghana,ADM1_GHA_BONO_EAST,Bono East,ADM2_GHA_ATEBUBU_AMANTIN,Atebubu-Amantin,1
CT_GHA,Ghana,ADM1_GHA_BONO_EAST,Bono East,ADM2_GHA_KINTAMPO_NORTH,Kintampo North,1
CT_GHA,Ghana,ADM1_GHA_BONO_EAST,Bono East,ADM2_GHA_KINTAMPO_SOUTH,Kintampo South,1
CT_GHA,Ghana,ADM1_GHA_BONO_EAST,Bono East,ADM2_GHA_NKORANZA_NORTH,Nkoranza North,1
CT_GHA,Ghana,ADM1_GHA_BONO_EAST,Bono East,ADM2_GHA_NKORANZA_SOUTH,Nkoranza South,1
CT_GHA,Ghana,ADM1_GHA_BONO_EAST,Bono East,ADM2_GHA_PRU_EAST,Pru East,1
CT_GHA,Ghana,ADM1_GHA_BONO_EAST,Bono East,ADM2_GHA_PRU_WEST,Pru West,1
CT_GHA,Ghana,ADM1_GHA_BONO_EAST,Bono East,ADM2_GHA_SENE_EAST,Sene East,1
CT_GHA,Ghana,ADM1_GHA_BONO_EAST,Bono East,ADM2_GHA_SENE_WEST,Sene West,1
CT_GHA,Ghana,ADM1_GHA_BONO_EAST,Bono East,ADM2_GHA_TECHIMAN,Techiman,1
CT_GHA,Ghana,ADM1_GHA_BONO_EAST,Bono East,ADM2_GHA_TECHIMAN_NORTH,Techiman North,1
CT_GHA,Ghana,ADM1_GHA_CENTRAL,Central,ADM2_GHA_ABURA_ASEBU_KWAMANKESE,Abura/Asebu/Kwamankese,1
CT_GHA,Ghana,ADM1_GHA_CENTRAL,Central,ADM2_GHA_AGONA_EAST,Agona East,1
CT_GHA,Ghana,ADM1_GHA_CENTRAL,Central,ADM2_GHA_AGONA_WEST_MUNICIPAL,Agona West Municipal,1
CT_GHA,Ghana,ADM1_GHA_CENTRAL,Central,ADM2_GHA_AJUMAKO_ENYAN_ESSIAM,Ajumako/Enyan/Essiam,1
CT_GHA,Ghana,ADM1_GHA_CENTRAL,Central,ADM2_GHA_ASIKUMA_ODOBEN_BRAKWA,Asikuma Odoben Brakwa,1
CT_GHA,Ghana,ADM1_GHA_CENTRAL,Central,ADM2_GHA_ASSIN_CENTRAL,Assin Central,1
CT_GHA,Ghana,ADM1_GHA_CENTRAL,Central,ADM2_GHA_ASSIN_NORTH,Assin North,1
CT_GHA,Ghana,ADM1_GHA_CENTRAL,Central,ADM2_GHA_ASSIN_SOUTH,Assin South,1
CT_GHA,Ghana,ADM1_GHA_CENTRAL,Central,ADM2_GHA_AWUTU_SENYA_EAST,Awutu Senya East,1
CT_GHA,Ghana,ADM1_GHA_CENTRAL,Central,ADM2_GHA_AWUTU_SENYA_WEST,Awutu Senya West,1
CT_GHA,Ghana,ADM1_GHA_CENTRAL,Central,ADM2_GHA_CAPE_COAST,Cape Coast,1
CT_GHA,Ghana,ADM1_GHA_CENTRAL,Central,ADM2_GHA_EFFUTU,Effutu,1
CT_GHA,Ghana,ADM1_GHA_CENTRAL,Central,ADM2_GHA_EKUMFI,Ekumfi,1
CT_GHA,Ghana,ADM1_GHA_CENTRAL,Central,ADM2_GHA_GOMOA_CENTRAL,Gomoa Central,1
CT_GHA,Ghana,ADM1_GHA_CENTRAL,Central,ADM2_GHA_GOMOA_EAST,Gomoa East,1
CT_GHA,Ghana,ADM1_GHA_CENTRAL,Central,ADM2_GHA_GOMOA_WEST,Gomoa West,1
CT_GHA,Ghana,ADM1_GHA_CENTRAL,Central,ADM2_GHA_KOMENDA_EDINA_EGUAFO_ABIREM,Komenda/Edina/Eguafo/Abirem,1
CT_GHA,Ghana,ADM1_GHA_CENTRAL,Central,ADM2_GHA_MFANTSIMAN,Mfantsiman,1
CT_GHA,Ghana,ADM1_GHA_CENTRAL,Central,ADM2_GHA_TWIFO_ATTI_MORKWA,Twifo Atti Morkwa,1
CT_GHA,Ghana,ADM1_GHA_CENTRAL,Central,ADM2_GHA_TWIFO_HEMANG_LOWER_DENKYIRA,Twifo/Hemang/Lower Denkyira,1
CT_GHA,Ghana,ADM1_GHA_CENTRAL,Central,ADM2_GHA_UPPER_DENKYIRA_EAST,Upper Denkyira East,1
CT_GHA,Ghana,ADM1_GHA_CENTRAL,Central,ADM2_GHA_UPPER_DENKYIRA_WEST,Upper Denkyira West,1
CT_GHA,Ghana,ADM1_GHA_EASTERN,Eastern,ADM2_GHA_ABUAKWA_NORTH,Abuakwa North,1
CT_GHA,Ghana,ADM1_GHA_EASTERN,Eastern,ADM2_GHA_ABUAKWA_SOUTH,Abuakwa South,1
CT_GHA,Ghana,ADM1_GHA_EASTERN,Eastern,ADM2_GHA_ACHIASE,Achiase,1
CT_GHA,Ghana,ADM1_GHA_EASTERN,Eastern,ADM2_GHA_AKUAPIM_NORTH,Akuapim North,1
CT_GHA,Ghana,ADM1_GHA_EASTERN,Eastern,ADM2_GHA_AKUAPIM_SOUTH,Akuapim South,1
CT_GHA,Ghana,ADM1_GHA_EASTERN,Eastern,ADM2_GHA_AKYEMANSA,Akyemansa,1
CT_GHA,Ghana,ADM1_GHA_EASTERN,Eastern,ADM2_GHA_ASENE_MANSO_AKROSO,Asene Manso Akroso,1
CT_GHA,Ghana,ADM1_GHA_EASTERN,Eastern,ADM2_GHA_ASUOGYAMAN,Asuogyaman,1
CT_GHA,Ghana,ADM1_GHA_EASTERN,Eastern,ADM2_GHA_ATIWA_EAST,Atiwa East,1
CT_GHA,Ghana,ADM1_GHA_EASTERN,Eastern,ADM2_GHA_ATIWA_WEST,Atiwa West,1
CT_GHA,Ghana,ADM1_GHA_EASTERN,Eastern,ADM2_GHA_AYENSUANO,Ayensuano,1
CT_GHA,Ghana,ADM1_GHA_EASTERN,Eastern,ADM2_GHA_BIRIM_CENTRAL,Birim Central,1
CT_GHA,Ghana,ADM1_GHA_EASTERN,Eastern,ADM2_GHA_BIRIM_NORTH,Birim North,1
CT_GHA,Ghana,ADM1_GHA_EASTERN,Eastern,ADM2_GHA_BIRIM_SOUTH,Birim South,1
CT_GHA,Ghana,ADM1_GHA_EASTERN,Eastern,ADM2_GHA_DENKYEMBOUR,Denkyembour,1
CT_GHA,Ghana,ADM1_GHA_EASTERN,Eastern,ADM2_GHA_FANTEAKWA_NORTH,Fanteakwa North,1
CT_GHA,Ghana,ADM1_GHA_EASTERN,Eastern,ADM2_GHA_FANTEAKWA_SOUTH,Fanteakwa South,1
CT_GHA,Ghana,ADM1_GHA_EASTERN,Eastern,ADM2_GHA_KWAEBIBIREM,Kwaebibirem,1
CT_GHA,Ghana,ADM1_GHA_EASTERN,Eastern,ADM2_GHA_KWAHU_AFRAM_PLAINS_NORTH,Kwahu Afram Plains North,1
CT_GHA,Ghana,ADM1_GHA_EASTERN,Eastern,ADM2_GHA_KWAHU_AFRAM_PLAINS_SOUTH,Kwahu Afram Plains South,1
CT_GHA,Ghana,ADM1_GHA_EASTERN,Eastern,ADM2_GHA_KWAHU_EAST,Kwahu East,1
CT_GHA,Ghana,ADM1_GHA_EASTERN,Eastern,ADM2_GHA_KWAHU_SOUTH,Kwahu South,1
CT_GHA,Ghana,ADM1_GHA_EASTERN,Eastern,ADM2_GHA_KWAHU_WEST,Kwahu West,1
CT_GHA,Ghana,ADM1_GHA_EASTERN,Eastern,ADM2_GHA_LOWER_MANYA_KROBO,Lower Manya Krobo,1
CT_GHA,Ghana,ADM1_GHA_EASTERN,Eastern,ADM2_GHA_NEW_JUABEN_NORTH,New Juaben North,1
CT_GHA,Ghana,ADM1_GHA_EASTERN,Eastern,ADM2_GHA_NEW_JUABEN_SOUTH,New Juaben South,1
CT_GHA,Ghana,ADM1_GHA_EASTERN,Eastern,ADM2_GHA_NSAWAM_ADOAGYIRE,Nsawam Adoagyire,1
CT_GHA,Ghana,ADM1_GHA_EASTERN,Eastern,ADM2_GHA_OKERE,Okere,1
CT_GHA,Ghana,ADM1_GHA_EASTERN,Eastern,ADM2_GHA_SUHUM,Suhum,1
CT_GHA,Ghana,ADM1_GHA_EASTERN,Eastern,ADM2_GHA_UPPER_MANYA_KROBO,Upper Manya Krobo,1
CT_GHA,Ghana,ADM1_GHA_EASTERN,Eastern,ADM2_GHA_UPPER_WEST_AKIM,Upper West Akim,1
CT_GHA,Ghana,ADM1_GHA_EASTERN,Eastern,ADM2_GHA_WEST_AKIM,West Akim,1
CT_GHA,Ghana,ADM1_GHA_EASTERN,Eastern,ADM2_GHA_YILO_KROBO,Yilo-Krobo,1
CT_GHA,Ghana,ADM1_GHA_GREATER_ACCRA,Greater Accra,ADM2_GHA_ABLEKUMA_CENTRAL,Ablekuma Central,1
CT_GHA,Ghana,ADM1_GHA_GREATER_ACCRA,Greater Accra,ADM2_GHA_ABLEKUMA_NORTH,Ablekuma North,1
CT_GHA,Ghana,ADM1_GHA_GREATER_ACCRA,Greater Accra,ADM2_GHA_ABLEKUMA_WEST,Ablekuma West,1
CT_GHA,Ghana,ADM1_GHA_GREATER_ACCRA,Greater Accra,ADM2_GHA_ACCRA,Accra,1
CT_GHA,Ghana,ADM1_GHA_GREATER_ACCRA,Greater Accra,ADM2_GHA_ADA_EAST,Ada East,1
CT_GHA,Ghana,ADM1_GHA_GREATER_ACCRA,Greater Accra,ADM2_GHA_ADA_WEST,Ada West,1
CT_GHA,Ghana,ADM1_GHA_GREATER_ACCRA,Greater Accra,ADM2_GHA_ADENTA,Adenta,1
CT_GHA,Ghana,ADM1_GHA_GREATER_ACCRA,Greater Accra,ADM2_GHA_ASHAIMAN,Ashaiman,1
CT_GHA,Ghana,ADM1_GHA_GREATER_ACCRA,Greater Accra,ADM2_GHA_AYAWASO_CENTRAL,Ayawaso Central,1
CT_GHA,Ghana,ADM1_GHA_GREATER_ACCRA,Greater Accra,ADM2_GHA_AYAWASO_EAST,Ayawaso East,1
CT_GHA,Ghana,ADM1_GHA_GREATER_ACCRA,Greater Accra,ADM2_GHA_AYAWASO_NORTH,Ayawaso North,1
CT_GHA,Ghana,ADM1_GHA_GREATER_ACCRA,Greater Accra,ADM2_GHA_AYAWASO_WEST,Ayawaso West,1
CT_GHA,Ghana,ADM1_GHA_GREATER_ACCRA,Greater Accra,ADM2_GHA_GA_CENTRAL,Ga Central,1
CT_GHA,Ghana,ADM1_GHA_GREATER_ACCRA,Greater Accra,ADM2_GHA_GA_EAST,Ga East,1
CT_GHA,Ghana,ADM1_GHA_GREATER_ACCRA,Greater Accra,ADM2_GHA_GA_NORTH,Ga North,1
CT_GHA,Ghana,ADM1_GHA_GREATER_ACCRA,Greater Accra,ADM2_GHA_GA_SOUTH,Ga South,1
CT_GHA,Ghana,ADM1_GHA_GREATER_ACCRA,Greater Accra,ADM2_GHA_GA_WEST,Ga West,1
CT_GHA,Ghana,ADM1_GHA_GREATER_ACCRA,Greater Accra,ADM2_GHA_KORLE_KLOTTEY,Korle-Klottey,1
CT_GHA,Ghana,ADM1_GHA_GREATER_ACCRA,Greater Accra,ADM2_GHA_KPONE_KATAMANSO,Kpone-Katamanso,1
CT_GHA,Ghana,ADM1_GHA_GREATER_ACCRA,Greater Accra,ADM2_GHA_KROWOR,Krowor,1
CT_GHA,Ghana,ADM1_GHA_GREATER_ACCRA,Greater Accra,ADM2_GHA_LA_DADE_KOTOPON,La-Dade-Kotopon,1
CT_GHA,Ghana,ADM1_GHA_GREATER_ACCRA,Greater Accra,ADM2_GHA_LA_NKWANTANANG_MADINA,La-Nkwantanang-Madina,1
CT_GHA,Ghana,ADM1_GHA_GREATER_ACCRA,Greater Accra,ADM2_GHA_LEDZOKUKU,Ledzokuku,1
CT_GHA,Ghana,ADM1_GHA_GREATER_ACCRA,Greater Accra,ADM2_GHA_NINGO_PRAMPRAM,Ningo-Prampram,1
CT_GHA,Ghana,ADM1_GHA_GREATER_ACCRA,Greater Accra,ADM2_GHA_OKAIKWEI_NORTH,Okaikwei North,1
CT_GHA,Ghana,ADM1_GHA_GREATER_ACCRA,Greater Accra,ADM2_GHA_SHAI_OSUDOKU,Shai-Osudoku,1
CT_GHA,Ghana,ADM1_GHA_GREATER_ACCRA,Greater Accra,ADM2_GHA_TEMA_METROPOLITAN,Tema Metropolitan,1
CT_GHA,Ghana,ADM1_GHA_GREATER_ACCRA,Greater Accra,ADM2_GHA_TEMA_WEST,Tema West,1
CT_GHA,Ghana,ADM1_GHA_GREATER_ACCRA,Greater Accra,ADM2_GHA_WEIJA_GBAWE,Weija Gbawe,1
CT_GHA,Ghana,ADM1_GHA_NORTHERN,Northern,ADM2_GHA_GUSHEGU_MUNICIPAL,Gushegu Municipal,1
CT_GHA,Ghana,ADM1_GHA_NORTHERN,Northern,ADM2_GHA_KARAGA,Karaga,1
CT_GHA,Ghana,ADM1_GHA_NORTHERN,Northern,ADM2_GHA_KPANDAI,Kpandai,1
CT_GHA,Ghana,ADM1_GHA_NORTHERN,Northern,ADM2_GHA_KUMBUNGU,Kumbungu,1
CT_GHA,Ghana,ADM1_GHA_NORTHERN,Northern,ADM2_GHA_MION,Mion,1
CT_GHA,Ghana,ADM1_GHA_NORTHERN,Northern,ADM2_GHA_NANTON,Nanton,1
CT_GHA,Ghana,ADM1_GHA_NORTHERN,Northern,ADM2_GHA_NANUMBA_NORTH_MUNICIPAL,Nanumba North Municipal,1
CT_GHA,Ghana,ADM1_GHA_NORTHERN,Northern,ADM2_GHA_NANUMBA_SOUTH,Nanumba South,1
CT_GHA,Ghana,ADM1_GHA_NORTHERN,Northern,ADM2_GHA_SABOBA,Saboba,1
CT_GHA,Ghana,ADM1_GHA_NORTHERN,Northern,ADM2_GHA_SAGNARIGU_MUNICIPAL,Sagnarigu Municipal,1
CT_GHA,Ghana,ADM1_GHA_NORTHERN,Northern,ADM2_GHA_SAVELUGU_MUNICIPAL,Savelugu Municipal,1
CT_GHA,Ghana,ADM1_GHA_NORTHERN,Northern,ADM2_GHA_TAMALE_METROPOLITAN,Tamale Metropolitan,1
CT_GHA,Ghana,ADM1_GHA_NORTHERN,Northern,ADM2_GHA_TATALE_SANGULI,Tatale Sanguli,1
CT_GHA,Ghana,ADM1_GHA_NORTHERN,Northern,ADM2_GHA_TOLON,Tolon,1
CT_GHA,Ghana,ADM1_GHA_NORTHERN,Northern,ADM2_GHA_YENDI_MUNICIPAL,Yendi Municipal,1
CT_GHA,Ghana,ADM1_GHA_NORTHERN,Northern,ADM2_GHA_ZABZUGU,Zabzugu,1
CT_GHA,Ghana,ADM1_GHA_NORTH_EAST,North East,ADM2_GHA_BUNKPURUGU_NYANKPANDURI,Bunkpurugu Nyankpanduri,1
CT_GHA,Ghana,ADM1_GHA_NORTH_EAST,North East,ADM2_GHA_CHEREPONI,Chereponi,1
CT_GHA,Ghana,ADM1_GHA_NORTH_EAST,North East,ADM2_GHA_EAST_MAMPRUSI,East Mamprusi,1
CT_GHA,Ghana,ADM1_GHA_NORTH_EAST,North East,ADM2_GHA_MAMPRUGU_MOAGDURI,Mamprugu Moagduri,1
CT_GHA,Ghana,ADM1_GHA_NORTH_EAST,North East,ADM2_GHA_WEST_MAMPRUSI,West Mamprusi,1
CT_GHA,Ghana,ADM1_GHA_NORTH_EAST,North East,ADM2_GHA_YUNYOO_NASUAN,Yunyoo-Nasuan,1
CT_GHA,Ghana,ADM1_GHA_OTI,Oti,ADM2_GHA_BIAKOYE,Biakoye,1
CT_GHA,Ghana,ADM1_GHA_OTI,Oti,ADM2_GHA_GUAN,Guan,1
CT_GHA,Ghana,ADM1_GHA_OTI,Oti,ADM2_GHA_JASIKAN,Jasikan,1
CT_GHA,Ghana,ADM1_GHA_OTI,Oti,ADM2_GHA_KADJEBI,Kadjebi,1
CT_GHA,Ghana,ADM1_GHA_OTI,Oti,ADM2_GHA_KRACHI_EAST,Krachi East,1
CT_GHA,Ghana,ADM1_GHA_OTI,Oti,ADM2_GHA_KRACHI_NCHUMURU,Krachi Nchumuru,1
CT_GHA,Ghana,ADM1_GHA_OTI,Oti,ADM2_GHA_KRACHI_WEST,Krachi West,1
CT_GHA,Ghana,ADM1_GHA_OTI,Oti,ADM2_GHA_NKWANTA_NORTH,Nkwanta North,1
CT_GHA,Ghana,ADM1_GHA_OTI,Oti,ADM2_GHA_NKWANTA_SOUTH,Nkwanta South,1
CT_GHA,Ghana,ADM1_GHA_SAVANNAH,Savannah,ADM2_GHA_BOLE,Bole,1
CT_GHA,Ghana,ADM1_GHA_SAVANNAH,Savannah,ADM2_GHA_CENTRAL_GONJA,Central Gonja,1
CT_GHA,Ghana,ADM1_GHA_SAVANNAH,Savannah,ADM2_GHA_EAST_GONJA_MUNICIPAL,East Gonja Municipal,1
CT_GHA,Ghana,ADM1_GHA_SAVANNAH,Savannah,ADM2_GHA_NORTH_EAST_GONJA,North East Gonja,1
CT_GHA,Ghana,ADM1_GHA_SAVANNAH,Savannah,ADM2_GHA_NORTH_GONJA,North Gonja,1
CT_GHA,Ghana,ADM1_GHA_SAVANNAH,Savannah,ADM2_GHA_SAWLA_TUNA_KALBA,Sawla-Tuna-Kalba,1
CT_GHA,Ghana,ADM1_GHA_SAVANNAH,Savannah,ADM2_GHA_WEST_GONJA,West Gonja,1
CT_GHA,Ghana,ADM1_GHA_UPPER_EAST,Upper East,ADM2_GHA_BAWKU_MUNICIPAL,Bawku Municipal,1
CT_GHA,Ghana,ADM1_GHA_UPPER_EAST,Upper East,ADM2_GHA_BAWKU_WEST,Bawku West,1
CT_GHA,Ghana,ADM1_GHA_UPPER_EAST,Upper East,ADM2_GHA_BINDURI,Binduri,1
CT_GHA,Ghana,ADM1_GHA_UPPER_EAST,Upper East,ADM2_GHA_BOLGATANGA_EAST,Bolgatanga East,1
CT_GHA,Ghana,ADM1_GHA_UPPER_EAST,Upper East,ADM2_GHA_BOLGATANGA_MUNICIPAL,Bolgatanga Municipal,1
CT_GHA,Ghana,ADM1_GHA_UPPER_EAST,Upper East,ADM2_GHA_BONGO,Bongo,1
CT_GHA,Ghana,ADM1_GHA_UPPER_EAST,Upper East,ADM2_GHA_BUILSA_NORTH_MUNICIPAL,Builsa North Municipal,1
CT_GHA,Ghana,ADM1_GHA_UPPER_EAST,Upper East,ADM2_GHA_BUILSA_SOUTH,Builsa South,1
CT_GHA,Ghana,ADM1_GHA_UPPER_EAST,Upper East,ADM2_GHA_GARU,Garu,1
CT_GHA,Ghana,ADM1_GHA_UPPER_EAST,Upper East,ADM2_GHA_KASSENA_NANKANA_MUNICIPAL,Kassena-Nankana Municipal,1
CT_GHA,Ghana,ADM1_GHA_UPPER_EAST,Upper East,ADM2_GHA_KASSENA_NANKANA_WEST,Kassena-Nankana West,1
CT_GHA,Ghana,ADM1_GHA_UPPER_EAST,Upper East,ADM2_GHA_NABDAM,Nabdam,1
CT_GHA,Ghana,ADM1_GHA_UPPER_EAST,Upper East,ADM2_GHA_PUSIGA,Pusiga,1
CT_GHA,Ghana,ADM1_GHA_UPPER_EAST,Upper East,ADM2_GHA_TALENSI,Talensi,1
CT_GHA,Ghana,ADM1_GHA_UPPER_EAST,Upper East,ADM2_GHA_TEMPANE,Tempane,1
CT_GHA,Ghana,ADM1_GHA_UPPER_WEST,Upper West,ADM2_GHA_DAFFIAMA_BUSSIE_ISSA,Daffiama Bussie Issa,1
CT_GHA,Ghana,ADM1_GHA_UPPER_WEST,Upper West,ADM2_GHA_JIRAPA_MUNICIPAL,Jirapa Municipal,1
CT_GHA,Ghana,ADM1_GHA_UPPER_WEST,Upper West,ADM2_GHA_LAMBUSSIE_KARNI,Lambussie Karni,1
CT_GHA,Ghana,ADM1_GHA_UPPER_WEST,Upper West,ADM2_GHA_LAWRA_MUNICIPAL,Lawra Municipal,1
CT_GHA,Ghana,ADM1_GHA_UPPER_WEST,Upper West,ADM2_GHA_NADOWLI_KALEO,Nadowli-Kaleo,1
CT_GHA,Ghana,ADM1_GHA_UPPER_WEST,Upper West,ADM2_GHA_NANDOM_MUNICIPAL,Nandom Municipal,1
CT_GHA,Ghana,ADM1_GHA_UPPER_WEST,Upper West,ADM2_GHA_SISSALA_EAST_MUNICIPAL,Sissala East Municipal,1
CT_GHA,Ghana,ADM1_GHA_UPPER_WEST,Upper West,ADM2_GHA_SISSALA_WEST,Sissala West,1
CT_GHA,Ghana,ADM1_GHA_UPPER_WEST,Upper West,ADM2_GHA_WA_EAST,Wa East,1
CT_GHA,Ghana,ADM1_GHA_UPPER_WEST,Upper West,ADM2_GHA_WA_MUNICIPAL,Wa Municipal,1
CT_GHA,Ghana,ADM1_GHA_UPPER_WEST,Upper West,ADM2_GHA_WA_WEST,Wa West,1
CT_GHA,Ghana,ADM1_GHA_VOLTA,Volta,ADM2_GHA_ADAKLU_DISTRICT,Adaklu District,1
CT_GHA,Ghana,ADM1_GHA_VOLTA,Volta,ADM2_GHA_AFADZATO_SOUTH,Afadzato South,1
CT_GHA,Ghana,ADM1_GHA_VOLTA,Volta,ADM2_GHA_AGOTIME_ZIOPE,Agotime Ziope,1
CT_GHA,Ghana,ADM1_GHA_VOLTA,Volta,ADM2_GHA_AKATSI_NORTH,Akatsi North,1
CT_GHA,Ghana,ADM1_GHA_VOLTA,Volta,ADM2_GHA_AKATSI_SOUTH,Akatsi South,1
CT_GHA,Ghana,ADM1_GHA_VOLTA,Volta,ADM2_GHA_ANLOGA,Anloga,1
CT_GHA,Ghana,ADM1_GHA_VOLTA,Volta,ADM2_GHA_CENTRAL_TONGU,Central Tongu,1
CT_GHA,Ghana,ADM1_GHA_VOLTA,Volta,ADM2_GHA_HO_MUNICIPAL,Ho Municipal,1
CT_GHA,Ghana,ADM1_GHA_VOLTA,Volta,ADM2_GHA_HO_WEST,Ho West,1
CT_GHA,Ghana,ADM1_GHA_VOLTA,Volta,ADM2_GHA_HOHOE_MUNICIPAL,Hohoe Municipal,1
CT_GHA,Ghana,ADM1_GHA_VOLTA,Volta,ADM2_GHA_KETA_MUNICIPAL,Keta Municipal,1
CT_GHA,Ghana,ADM1_GHA_VOLTA,Volta,ADM2_GHA_KETU_NORTH_MUNICIPAL,Ketu North Municipal,1
CT_GHA,Ghana,ADM1_GHA_VOLTA,Volta,ADM2_GHA_KETU_SOUTH_MUNICIPAL,Ketu South Municipal,1
CT_GHA,Ghana,ADM1_GHA_VOLTA,Volta,ADM2_GHA_KPANDO_MUNICIPAL,Kpando Municipal,1
CT_GHA,Ghana,ADM1_GHA_VOLTA,Volta,ADM2_GHA_NORTH_DAYI,North Dayi,1
CT_GHA,Ghana,ADM1_GHA_VOLTA,Volta,ADM2_GHA_NORTH_TONGU,North Tongu,1
CT_GHA,Ghana,ADM1_GHA_VOLTA,Volta,ADM2_GHA_SOUTH_DAYI,South Dayi,1
CT_GHA,Ghana,ADM1_GHA_VOLTA,Volta,ADM2_GHA_SOUTH_TONGU,South Tongu,1
CT_GHA,Ghana,ADM1_GHA_WESTERN,Western,ADM2_GHA_AHANTA_WEST,Ahanta West,1
CT_GHA,Ghana,ADM1_GHA_WESTERN,Western,ADM2_GHA_AMENFI_CENTRAL,Amenfi Central,1
CT_GHA,Ghana,ADM1_GHA_WESTERN,Western,ADM2_GHA_AMENFI_WEST,Amenfi West,1
CT_GHA,Ghana,ADM1_GHA_WESTERN,Western,ADM2_GHA_EFFIA_KWESIMINTSIM_MUNICIPAL,Effia Kwesimintsim Municipal,1
CT_GHA,Ghana,ADM1_GHA_WESTERN,Western,ADM2_GHA_ELLEMBELLE,Ellembelle,1
CT_GHA,Ghana,ADM1_GHA_WESTERN,Western,ADM2_GHA_JOMORO,Jomoro,1
CT_GHA,Ghana,ADM1_GHA_WESTERN,Western,ADM2_GHA_MPOHOR,Mpohor,1
CT_GHA,Ghana,ADM1_GHA_WESTERN,Western,ADM2_GHA_NZEMA_EAST_MUNICIPAL,Nzema East Municipal,1
CT_GHA,Ghana,ADM1_GHA_WESTERN,Western,ADM2_GHA_PRESTEA_HUNI_VALLEY_MUNICIPAL,Prestea-Huni Valley Municipal,1
CT_GHA,Ghana,ADM1_GHA_WESTERN,Western,ADM2_GHA_SEKONDI_TAKORADI_METROPOLITAN,Sekondi Takoradi Metropolitan,1
CT_GHA,Ghana,ADM1_GHA_WESTERN,Western,ADM2_GHA_SHAMA,Shama,1
CT_GHA,Ghana,ADM1_GHA_WESTERN,Western,ADM2_GHA_TARKWA_NSUAEM_MUNICIPAL,Tarkwa-Nsuaem Municipal,1
CT_GHA,Ghana,ADM1_GHA_WESTERN,Western,ADM2_GHA_WASSA_AMENFI_EAST,Wassa Amenfi East,1
CT_GHA,Ghana,ADM1_GHA_WESTERN,Western,ADM2_GHA_WASSA_EAST,Wassa East,1
CT_GHA,Ghana,ADM1_GHA_WESTERN_NORTH,Western North,ADM2_GHA_AOWIN,Aowin,1
CT_GHA,Ghana,ADM1_GHA_WESTERN_NORTH,Western North,ADM2_GHA_BIA_EAST,Bia East,1
CT_GHA,Ghana,ADM1_GHA_WESTERN_NORTH,Western North,ADM2_GHA_BIA_WEST,Bia West,1
CT_GHA,Ghana,ADM1_GHA_WESTERN_NORTH,Western North,ADM2_GHA_BIBIANI_ANHWIASO_BEKWAI,Bibiani Anhwiaso Bekwai,1
CT_GHA,Ghana,ADM1_GHA_WESTERN_NORTH,Western North,ADM2_GHA_BODI,Bodi,1
CT_GHA,Ghana,ADM1_GHA_WESTERN_NORTH,Western North,ADM2_GHA_JUABOSO,Juaboso,1
CT_GHA,Ghana,ADM1_GHA_WESTERN_NORTH,Western North,ADM2_GHA_SEFWI_AKONTOMBRA,Sefwi Akontombra,1
CT_GHA,Ghana,ADM1_GHA_WESTERN_NORTH,Western North,ADM2_GHA_SEFWI_WIAWSO,Sefwi-Wiawso,1
CT_GHA,Ghana,ADM1_GHA_WESTERN_NORTH,Western North,ADM2_GHA_SUAMAN,Suaman,1
