second_level_admin_division_id,second_level_admin_division_name,country_id,first_level_admin_division_id,division_type
SLAD_AZ_BAB,Babək,CTR_AZE,FLAD_AZ_NX,Rayon
SLAD_AZ_CUL,Culfa,CTR_AZE,FLAD_AZ_NX,Rayon
SLAD_AZ_KAN,Kǝngǝrli,CTR_AZE,FLAD_AZ_NX,Rayon
SLAD_AZ_NV,Naxçıvan,CTR_AZE,FLAD_AZ_NX,Municipality
SLAD_AZ_ORD,Ordubad,CTR_AZE,FLAD_AZ_NX,Rayon
SLAD_AZ_SAD,Sədərək,CTR_AZE,FLAD_AZ_NX,Rayon
SLAD_AZ_SAH,Şahbuz,CTR_AZE,FLAD_AZ_NX,Rayon
SLAD_AZ_SAR,Şərur,CTR_AZE,FLAD_AZ_NX,Rayon
SLAD_BD_01,Bandarban,CTR_BGD,FLAD_BD_B,District
SLAD_BD_02,Barguna,CTR_BGD,FLAD_BD_A,District
SLAD_BD_03,Bogura,CTR_BGD,FLAD_BD_E,District
SLAD_BD_04,Brahmanbaria,CTR_BGD,FLAD_BD_B,District
SLAD_BD_05,Bagerhat,CTR_BGD,FLAD_BD_D,District
SLAD_BD_06,Barishal,CTR_BGD,FLAD_BD_A,District
SLAD_BD_07,Bhola,CTR_BGD,FLAD_BD_A,District
SLAD_BD_08,Cumilla,CTR_BGD,FLAD_BD_B,District
SLAD_BD_09,Chandpur,CTR_BGD,FLAD_BD_B,District
SLAD_BD_10,Chattogram,CTR_BGD,FLAD_BD_B,District
SLAD_BD_11,Cox's Bazar,CTR_BGD,FLAD_BD_B,District
SLAD_BD_12,Chuadanga,CTR_BGD,FLAD_BD_D,District
SLAD_BD_13,Dhaka,CTR_BGD,FLAD_BD_C,District
SLAD_BD_14,Dinajpur,CTR_BGD,FLAD_BD_F,District
SLAD_BD_15,Faridpur,CTR_BGD,FLAD_BD_C,District
SLAD_BD_16,Feni,CTR_BGD,FLAD_BD_B,District
SLAD_BD_17,Gopalganj,CTR_BGD,FLAD_BD_C,District
SLAD_BD_18,Gazipur,CTR_BGD,FLAD_BD_C,District
SLAD_BD_19,Gaibandha,CTR_BGD,FLAD_BD_F,District
SLAD_BD_20,Habiganj,CTR_BGD,FLAD_BD_G,District
SLAD_BD_21,Jamalpur,CTR_BGD,FLAD_BD_H,District
SLAD_BD_22,Jashore,CTR_BGD,FLAD_BD_D,District
SLAD_BD_23,Jhenaidah,CTR_BGD,FLAD_BD_D,District
SLAD_BD_24,Joypurhat,CTR_BGD,FLAD_BD_E,District
SLAD_BD_25,Jhalakathi,CTR_BGD,FLAD_BD_A,District
SLAD_BD_26,Kishoreganj,CTR_BGD,FLAD_BD_C,District
SLAD_BD_27,Khulna,CTR_BGD,FLAD_BD_D,District
SLAD_BD_28,Kurigram,CTR_BGD,FLAD_BD_F,District
SLAD_BD_29,Khagrachhari,CTR_BGD,FLAD_BD_B,District
SLAD_BD_30,Kushtia,CTR_BGD,FLAD_BD_D,District
SLAD_BD_31,Lakshmipur,CTR_BGD,FLAD_BD_B,District
SLAD_BD_32,Lalmonirhat,CTR_BGD,FLAD_BD_F,District
SLAD_BD_33,Manikganj,CTR_BGD,FLAD_BD_C,District
SLAD_BD_34,Mymensingh,CTR_BGD,FLAD_BD_H,District
SLAD_BD_35,Munshiganj,CTR_BGD,FLAD_BD_C,District
SLAD_BD_36,Madaripur,CTR_BGD,FLAD_BD_C,District
SLAD_BD_37,Magura,CTR_BGD,FLAD_BD_D,District
SLAD_BD_38,Moulvibazar,CTR_BGD,FLAD_BD_G,District
SLAD_BD_39,Meherpur,CTR_BGD,FLAD_BD_D,District
SLAD_BD_40,Narayanganj,CTR_BGD,FLAD_BD_C,District
SLAD_BD_41,Netrakona,CTR_BGD,FLAD_BD_H,District
SLAD_BD_42,Narsingdi,CTR_BGD,FLAD_BD_C,District
SLAD_BD_43,Narail,CTR_BGD,FLAD_BD_D,District
SLAD_BD_44,Natore,CTR_BGD,FLAD_BD_E,District
SLAD_BD_45,Chapai Nawabganj,CTR_BGD,FLAD_BD_E,District
SLAD_BD_46,Nilphamari,CTR_BGD,FLAD_BD_F,District
SLAD_BD_47,Noakhali,CTR_BGD,FLAD_BD_B,District
SLAD_BD_48,Naogaon,CTR_BGD,FLAD_BD_E,District
SLAD_BD_49,Pabna,CTR_BGD,FLAD_BD_E,District
SLAD_BD_50,Pirojpur,CTR_BGD,FLAD_BD_A,District
SLAD_BD_51,Patuakhali,CTR_BGD,FLAD_BD_A,District
SLAD_BD_52,Panchagarh,CTR_BGD,FLAD_BD_F,District
SLAD_BD_53,Rajbari,CTR_BGD,FLAD_BD_C,District
SLAD_BD_54,Rajshahi,CTR_BGD,FLAD_BD_E,District
SLAD_BD_55,Rangpur,CTR_BGD,FLAD_BD_F,District
SLAD_BD_56,Rangamati,CTR_BGD,FLAD_BD_B,District
SLAD_BD_57,Sherpur,CTR_BGD,FLAD_BD_H,District
SLAD_BD_58,Satkhira,CTR_BGD,FLAD_BD_D,District
SLAD_BD_59,Sirajganj,CTR_BGD,FLAD_BD_E,District
SLAD_BD_60,Sylhet,CTR_BGD,FLAD_BD_G,District
SLAD_BD_61,Sunamganj,CTR_BGD,FLAD_BD_G,District
SLAD_BD_62,Shariatpur,CTR_BGD,FLAD_BD_C,District
SLAD_BD_63,Tangail,CTR_BGD,FLAD_BD_C,District
SLAD_BD_64,Thakurgaon,CTR_BGD,FLAD_BD_F,District
SLAD_BE_VAN,Antwerpen,CTR_BEL,FLAD_BE_VLG,Province
SLAD_BE_VBR,Vlaams-Brabant,CTR_BEL,FLAD_BE_VLG,Province
SLAD_BE_VLI,Limburg,CTR_BEL,FLAD_BE_VLG,Province
SLAD_BE_VOV,Oost-Vlaanderen,CTR_BEL,FLAD_BE_VLG,Province
SLAD_BE_VWV,West-Vlaanderen,CTR_BEL,FLAD_BE_VLG,Province
SLAD_BE_WBR,Brabant wallon,CTR_BEL,FLAD_BE_WAL,Province
SLAD_BE_WHT,Hainaut,CTR_BEL,FLAD_BE_WAL,Province
SLAD_BE_WLG,Liège,CTR_BEL,FLAD_BE_WAL,Province
SLAD_BE_WLX,Luxembourg,CTR_BEL,FLAD_BE_WAL,Province
SLAD_BE_WNA,Namur,CTR_BEL,FLAD_BE_WAL,Province
SLAD_BF_BAL,Balé,CTR_BFA,FLAD_BF_01,Province
SLAD_BF_BAM,Bam,CTR_BFA,FLAD_BF_05,Province
SLAD_BF_BAN,Banwa,CTR_BFA,FLAD_BF_01,Province
SLAD_BF_BAZ,Bazèga,CTR_BFA,FLAD_BF_07,Province
SLAD_BF_BGR,Bougouriba,CTR_BFA,FLAD_BF_13,Province
SLAD_BF_BLG,Boulgou,CTR_BFA,FLAD_BF_04,Province
SLAD_BF_BLK,Boulkiemdé,CTR_BFA,FLAD_BF_06,Province
SLAD_BF_COM,Comoé,CTR_BFA,FLAD_BF_02,Province
SLAD_BF_GAN,Ganzourgou,CTR_BFA,FLAD_BF_11,Province
SLAD_BF_GNA,Gnagna,CTR_BFA,FLAD_BF_08,Province
SLAD_BF_GOU,Gourma,CTR_BFA,FLAD_BF_08,Province
SLAD_BF_HOU,Houet,CTR_BFA,FLAD_BF_09,Province
SLAD_BF_IOB,Ioba,CTR_BFA,FLAD_BF_13,Province
SLAD_BF_KAD,Kadiogo,CTR_BFA,FLAD_BF_03,Province
SLAD_BF_KEN,Kénédougou,CTR_BFA,FLAD_BF_09,Province
SLAD_BF_KMD,Komondjari,CTR_BFA,FLAD_BF_08,Province
SLAD_BF_KMP,Kompienga,CTR_BFA,FLAD_BF_08,Province
SLAD_BF_KOP,Koulpélogo,CTR_BFA,FLAD_BF_04,Province
SLAD_BF_KOS,Kossi,CTR_BFA,FLAD_BF_01,Province
SLAD_BF_KOT,Kouritenga,CTR_BFA,FLAD_BF_04,Province
SLAD_BF_KOW,Kourwéogo,CTR_BFA,FLAD_BF_11,Province
SLAD_BF_LER,Léraba,CTR_BFA,FLAD_BF_02,Province
SLAD_BF_LOR,Loroum,CTR_BFA,FLAD_BF_10,Province
SLAD_BF_MOU,Mouhoun,CTR_BFA,FLAD_BF_01,Province
SLAD_BF_NAM,Namentenga,CTR_BFA,FLAD_BF_05,Province
SLAD_BF_NAO,Nahouri,CTR_BFA,FLAD_BF_07,Province
SLAD_BF_NAY,Nayala,CTR_BFA,FLAD_BF_01,Province
SLAD_BF_NOU,Noumbiel,CTR_BFA,FLAD_BF_13,Province
SLAD_BF_OUB,Oubritenga,CTR_BFA,FLAD_BF_11,Province
SLAD_BF_OUD,Oudalan,CTR_BFA,FLAD_BF_12,Province
SLAD_BF_PAS,Passoré,CTR_BFA,FLAD_BF_10,Province
SLAD_BF_PON,Poni,CTR_BFA,FLAD_BF_13,Province
SLAD_BF_SEN,Séno,CTR_BFA,FLAD_BF_12,Province
SLAD_BF_SIS,Sissili,CTR_BFA,FLAD_BF_06,Province
SLAD_BF_SMT,Sanmatenga,CTR_BFA,FLAD_BF_05,Province
SLAD_BF_SNG,Sanguié,CTR_BFA,FLAD_BF_06,Province
SLAD_BF_SOM,Soum,CTR_BFA,FLAD_BF_12,Province
SLAD_BF_SOR,Sourou,CTR_BFA,FLAD_BF_01,Province
SLAD_BF_TAP,Tapoa,CTR_BFA,FLAD_BF_08,Province
SLAD_BF_TUI,Tuy,CTR_BFA,FLAD_BF_09,Province
SLAD_BF_YAG,Yagha,CTR_BFA,FLAD_BF_12,Province
SLAD_BF_YAT,Yatenga,CTR_BFA,FLAD_BF_10,Province
SLAD_BF_ZIR,Ziro,CTR_BFA,FLAD_BF_06,Province
SLAD_BF_ZON,Zondoma,CTR_BFA,FLAD_BF_10,Province
SLAD_BF_ZOU,Zoundwéogo,CTR_BFA,FLAD_BF_07,Province
SLAD_CV_BR,Brava,CTR_CPV,FLAD_CV_S,Municipality
SLAD_CV_BV,Boa Vista,CTR_CPV,FLAD_CV_B,Municipality
SLAD_CV_CA,Santa Catarina,CTR_CPV,FLAD_CV_S,Municipality
SLAD_CV_CF,Santa Catarina do Fogo,CTR_CPV,FLAD_CV_S,Municipality
SLAD_CV_CR,Santa Cruz,CTR_CPV,FLAD_CV_S,Municipality
SLAD_CV_MA,Maio,CTR_CPV,FLAD_CV_S,Municipality
SLAD_CV_MO,Mosteiros,CTR_CPV,FLAD_CV_S,Municipality
SLAD_CV_PA,Paul,CTR_CPV,FLAD_CV_B,Municipality
SLAD_CV_PN,Porto Novo,CTR_CPV,FLAD_CV_B,Municipality
SLAD_CV_PR,Praia,CTR_CPV,FLAD_CV_S,Municipality
SLAD_CV_RB,Ribeira Brava,CTR_CPV,FLAD_CV_B,Municipality
SLAD_CV_RG,Ribeira Grande,CTR_CPV,FLAD_CV_B,Municipality
SLAD_CV_RS,Ribeira Grande de Santiago,CTR_CPV,FLAD_CV_S,Municipality
SLAD_CV_SD,São Domingos,CTR_CPV,FLAD_CV_S,Municipality
SLAD_CV_SF,São Filipe,CTR_CPV,FLAD_CV_S,Municipality
SLAD_CV_SL,Sal,CTR_CPV,FLAD_CV_B,Municipality
SLAD_CV_SM,São Miguel,CTR_CPV,FLAD_CV_S,Municipality
SLAD_CV_SO,São Lourenço dos Órgãos,CTR_CPV,FLAD_CV_S,Municipality
SLAD_CV_SS,São Salvador do Mundo,CTR_CPV,FLAD_CV_S,Municipality
SLAD_CV_SV,São Vicente,CTR_CPV,FLAD_CV_B,Municipality
SLAD_CV_TA,Tarrafal,CTR_CPV,FLAD_CV_S,Municipality
SLAD_CV_TS,Tarrafal de São Nicolau,CTR_CPV,FLAD_CV_B,Municipality
SLAD_CZ_201,Benešov,CTR_CZE,FLAD_CZ_20,District
SLAD_CZ_202,Beroun,CTR_CZE,FLAD_CZ_20,District
SLAD_CZ_203,Kladno,CTR_CZE,FLAD_CZ_20,District
SLAD_CZ_204,Kolín,CTR_CZE,FLAD_CZ_20,District
SLAD_CZ_205,Kutná Hora,CTR_CZE,FLAD_CZ_20,District
SLAD_CZ_206,Mělník,CTR_CZE,FLAD_CZ_20,District
SLAD_CZ_207,Mladá Boleslav,CTR_CZE,FLAD_CZ_20,District
SLAD_CZ_208,Nymburk,CTR_CZE,FLAD_CZ_20,District
SLAD_CZ_209,Praha-východ,CTR_CZE,FLAD_CZ_20,District
SLAD_CZ_20A,Praha-západ,CTR_CZE,FLAD_CZ_20,District
SLAD_CZ_20B,Příbram,CTR_CZE,FLAD_CZ_20,District
SLAD_CZ_20C,Rakovník,CTR_CZE,FLAD_CZ_20,District
SLAD_CZ_311,České Budějovice,CTR_CZE,FLAD_CZ_31,District
SLAD_CZ_312,Český Krumlov,CTR_CZE,FLAD_CZ_31,District
SLAD_CZ_313,Jindřichův Hradec,CTR_CZE,FLAD_CZ_31,District
SLAD_CZ_314,Písek,CTR_CZE,FLAD_CZ_31,District
SLAD_CZ_315,Prachatice,CTR_CZE,FLAD_CZ_31,District
SLAD_CZ_316,Strakonice,CTR_CZE,FLAD_CZ_31,District
SLAD_CZ_317,Tábor,CTR_CZE,FLAD_CZ_31,District
SLAD_CZ_321,Domažlice,CTR_CZE,FLAD_CZ_32,District
SLAD_CZ_322,Klatovy,CTR_CZE,FLAD_CZ_32,District
SLAD_CZ_323,Plzeň-město,CTR_CZE,FLAD_CZ_32,District
SLAD_CZ_324,Plzeň-jih,CTR_CZE,FLAD_CZ_32,District
SLAD_CZ_325,Plzeň-sever,CTR_CZE,FLAD_CZ_32,District
SLAD_CZ_326,Rokycany,CTR_CZE,FLAD_CZ_32,District
SLAD_CZ_327,Tachov,CTR_CZE,FLAD_CZ_32,District
SLAD_CZ_411,Cheb,CTR_CZE,FLAD_CZ_41,District
SLAD_CZ_412,Karlovy Vary,CTR_CZE,FLAD_CZ_41,District
SLAD_CZ_413,Sokolov,CTR_CZE,FLAD_CZ_41,District
SLAD_CZ_421,Děčín,CTR_CZE,FLAD_CZ_42,District
SLAD_CZ_422,Chomutov,CTR_CZE,FLAD_CZ_42,District
SLAD_CZ_423,Litoměřice,CTR_CZE,FLAD_CZ_42,District
SLAD_CZ_424,Louny,CTR_CZE,FLAD_CZ_42,District
SLAD_CZ_425,Most,CTR_CZE,FLAD_CZ_42,District
SLAD_CZ_426,Teplice,CTR_CZE,FLAD_CZ_42,District
SLAD_CZ_427,Ústí nad Labem,CTR_CZE,FLAD_CZ_42,District
SLAD_CZ_511,Česká Lípa,CTR_CZE,FLAD_CZ_51,District
SLAD_CZ_512,Jablonec nad Nisou,CTR_CZE,FLAD_CZ_51,District
SLAD_CZ_513,Liberec,CTR_CZE,FLAD_CZ_51,District
SLAD_CZ_514,Semily,CTR_CZE,FLAD_CZ_51,District
SLAD_CZ_521,Hradec Králové,CTR_CZE,FLAD_CZ_52,District
SLAD_CZ_522,Jičín,CTR_CZE,FLAD_CZ_52,District
SLAD_CZ_523,Náchod,CTR_CZE,FLAD_CZ_52,District
SLAD_CZ_524,Rychnov nad Kněžnou,CTR_CZE,FLAD_CZ_52,District
SLAD_CZ_525,Trutnov,CTR_CZE,FLAD_CZ_52,District
SLAD_CZ_531,Chrudim,CTR_CZE,FLAD_CZ_53,District
SLAD_CZ_532,Pardubice,CTR_CZE,FLAD_CZ_53,District
SLAD_CZ_533,Svitavy,CTR_CZE,FLAD_CZ_53,District
SLAD_CZ_534,Ústí nad Orlicí,CTR_CZE,FLAD_CZ_53,District
SLAD_CZ_631,Havlíčkův Brod,CTR_CZE,FLAD_CZ_63,District
SLAD_CZ_632,Jihlava,CTR_CZE,FLAD_CZ_63,District
SLAD_CZ_633,Pelhřimov,CTR_CZE,FLAD_CZ_63,District
SLAD_CZ_634,Třebíč,CTR_CZE,FLAD_CZ_63,District
SLAD_CZ_635,Žďár nad Sázavou,CTR_CZE,FLAD_CZ_63,District
SLAD_CZ_641,Blansko,CTR_CZE,FLAD_CZ_64,District
SLAD_CZ_642,Brno-město,CTR_CZE,FLAD_CZ_64,District
SLAD_CZ_643,Brno-venkov,CTR_CZE,FLAD_CZ_64,District
SLAD_CZ_644,Břeclav,CTR_CZE,FLAD_CZ_64,District
SLAD_CZ_645,Hodonín,CTR_CZE,FLAD_CZ_64,District
SLAD_CZ_646,Vyškov,CTR_CZE,FLAD_CZ_64,District
SLAD_CZ_647,Znojmo,CTR_CZE,FLAD_CZ_64,District
SLAD_CZ_711,Jeseník,CTR_CZE,FLAD_CZ_71,District
SLAD_CZ_712,Olomouc,CTR_CZE,FLAD_CZ_71,District
SLAD_CZ_713,Prostějov,CTR_CZE,FLAD_CZ_71,District
SLAD_CZ_714,Přerov,CTR_CZE,FLAD_CZ_71,District
SLAD_CZ_715,Šumperk,CTR_CZE,FLAD_CZ_71,District
SLAD_CZ_721,Kroměříž,CTR_CZE,FLAD_CZ_72,District
SLAD_CZ_722,Uherské Hradiště,CTR_CZE,FLAD_CZ_72,District
SLAD_CZ_723,Vsetín,CTR_CZE,FLAD_CZ_72,District
SLAD_CZ_724,Zlín,CTR_CZE,FLAD_CZ_72,District
SLAD_CZ_801,Bruntál,CTR_CZE,FLAD_CZ_80,District
SLAD_CZ_802,Frýdek-Místek,CTR_CZE,FLAD_CZ_80,District
SLAD_CZ_803,Karviná,CTR_CZE,FLAD_CZ_80,District
SLAD_CZ_804,Nový Jičín,CTR_CZE,FLAD_CZ_80,District
SLAD_CZ_805,Opava,CTR_CZE,FLAD_CZ_80,District
SLAD_CZ_806,Ostrava-město,CTR_CZE,FLAD_CZ_80,District
SLAD_DO_01,Distrito Nacional (Santo Domingo),CTR_DOM,FLAD_DO_40,District
SLAD_DO_02,Azua,CTR_DOM,FLAD_DO_41,Province
SLAD_DO_03,Baoruco,CTR_DOM,FLAD_DO_38,Province
SLAD_DO_04,Barahona,CTR_DOM,FLAD_DO_38,Province
SLAD_DO_05,Dajabón,CTR_DOM,FLAD_DO_34,Province
SLAD_DO_06,Duarte,CTR_DOM,FLAD_DO_33,Province
SLAD_DO_07,Elías Piña,CTR_DOM,FLAD_DO_37,Province
SLAD_DO_08,El Seibo,CTR_DOM,FLAD_DO_42,Province
SLAD_DO_09,Espaillat,CTR_DOM,FLAD_DO_35,Province
SLAD_DO_10,Independencia,CTR_DOM,FLAD_DO_38,Province
SLAD_DO_11,La Altagracia,CTR_DOM,FLAD_DO_42,Province
SLAD_DO_12,La Romana,CTR_DOM,FLAD_DO_42,Province
SLAD_DO_13,La Vega,CTR_DOM,FLAD_DO_36,Province
SLAD_DO_14,María Trinidad Sánchez,CTR_DOM,FLAD_DO_33,Province
SLAD_DO_15,Monte Cristi,CTR_DOM,FLAD_DO_34,Province
SLAD_DO_16,Pedernales,CTR_DOM,FLAD_DO_38,Province
SLAD_DO_17,Peravia,CTR_DOM,FLAD_DO_41,Province
SLAD_DO_18,Puerto Plata,CTR_DOM,FLAD_DO_35,Province
SLAD_DO_19,Hermanas Mirabal,CTR_DOM,FLAD_DO_33,Province
SLAD_DO_20,Samaná,CTR_DOM,FLAD_DO_33,Province
SLAD_DO_21,San Cristóbal,CTR_DOM,FLAD_DO_41,Province
SLAD_DO_22,San Juan,CTR_DOM,FLAD_DO_37,Province
SLAD_DO_23,San Pedro de Macorís,CTR_DOM,FLAD_DO_39,Province
SLAD_DO_24,Sánchez Ramírez,CTR_DOM,FLAD_DO_36,Province
SLAD_DO_25,Santiago,CTR_DOM,FLAD_DO_35,Province
SLAD_DO_26,Santiago Rodríguez,CTR_DOM,FLAD_DO_34,Province
SLAD_DO_27,Valverde,CTR_DOM,FLAD_DO_34,Province
SLAD_DO_28,Monseñor Nouel,CTR_DOM,FLAD_DO_36,Province
SLAD_DO_29,Monte Plata,CTR_DOM,FLAD_DO_39,Province
SLAD_DO_30,Hato Mayor,CTR_DOM,FLAD_DO_39,Province
SLAD_DO_31,San José de Ocoa,CTR_DOM,FLAD_DO_41,Province
SLAD_DO_32,Santo Domingo,CTR_DOM,FLAD_DO_40,Province
SLAD_EE_130,Alutaguse,CTR_EST,FLAD_EE_45,Rural municipality
SLAD_EE_141,Anija,CTR_EST,FLAD_EE_37,Rural municipality
SLAD_EE_142,Antsla,CTR_EST,FLAD_EE_87,Rural municipality
SLAD_EE_171,Elva,CTR_EST,FLAD_EE_79,Rural municipality
SLAD_EE_184,Haapsalu,CTR_EST,FLAD_EE_56,Urban municipality
SLAD_EE_191,Haljala,CTR_EST,FLAD_EE_60,Rural municipality
SLAD_EE_198,Harku,CTR_EST,FLAD_EE_37,Rural municipality
SLAD_EE_205,Hiiumaa,CTR_EST,FLAD_EE_39,Rural municipality
SLAD_EE_214,Häädemeeste,CTR_EST,FLAD_EE_68,Rural municipality
SLAD_EE_245,Jõelähtme,CTR_EST,FLAD_EE_37,Rural municipality
SLAD_EE_247,Jõgeva,CTR_EST,FLAD_EE_50,Rural municipality
SLAD_EE_251,Jõhvi,CTR_EST,FLAD_EE_45,Rural municipality
SLAD_EE_255,Järva,CTR_EST,FLAD_EE_52,Rural municipality
SLAD_EE_272,Kadrina,CTR_EST,FLAD_EE_60,Rural municipality
SLAD_EE_283,Kambja,CTR_EST,FLAD_EE_79,Rural municipality
SLAD_EE_284,Kanepi,CTR_EST,FLAD_EE_64,Rural municipality
SLAD_EE_291,Kastre,CTR_EST,FLAD_EE_79,Rural municipality
SLAD_EE_293,Kehtna,CTR_EST,FLAD_EE_71,Rural municipality
SLAD_EE_296,Keila,CTR_EST,FLAD_EE_37,Urban municipality
SLAD_EE_303,Kihnu,CTR_EST,FLAD_EE_68,Rural municipality
SLAD_EE_305,Kiili,CTR_EST,FLAD_EE_37,Rural municipality
SLAD_EE_317,Kohila,CTR_EST,FLAD_EE_71,Rural municipality
SLAD_EE_321,Kohtla-Järve,CTR_EST,FLAD_EE_45,Urban municipality
SLAD_EE_338,Kose,CTR_EST,FLAD_EE_37,Rural municipality
SLAD_EE_353,Kuusalu,CTR_EST,FLAD_EE_37,Rural municipality
SLAD_EE_424,Loksa,CTR_EST,FLAD_EE_37,Urban municipality
SLAD_EE_430,Lääneranna,CTR_EST,FLAD_EE_68,Rural municipality
SLAD_EE_431,Lääne-Harju,CTR_EST,FLAD_EE_37,Rural municipality
SLAD_EE_432,Luunja,CTR_EST,FLAD_EE_79,Rural municipality
SLAD_EE_441,Lääne-Nigula,CTR_EST,FLAD_EE_56,Rural municipality
SLAD_EE_442,Lüganuse,CTR_EST,FLAD_EE_45,Rural municipality
SLAD_EE_446,Maardu,CTR_EST,FLAD_EE_37,Urban municipality
SLAD_EE_478,Muhu,CTR_EST,FLAD_EE_74,Rural municipality
SLAD_EE_480,Mulgi,CTR_EST,FLAD_EE_84,Rural municipality
SLAD_EE_486,Mustvee,CTR_EST,FLAD_EE_50,Rural municipality
SLAD_EE_503,Märjamaa,CTR_EST,FLAD_EE_71,Rural municipality
SLAD_EE_511,Narva,CTR_EST,FLAD_EE_45,Urban municipality
SLAD_EE_514,Narva-Jõesuu,CTR_EST,FLAD_EE_45,Urban municipality
SLAD_EE_528,Nõo,CTR_EST,FLAD_EE_79,Rural municipality
SLAD_EE_557,Otepää,CTR_EST,FLAD_EE_81,Rural municipality
SLAD_EE_567,Paide,CTR_EST,FLAD_EE_52,Urban municipality
SLAD_EE_586,Peipsiääre,CTR_EST,FLAD_EE_79,Rural municipality
SLAD_EE_615,Põhja-Sakala,CTR_EST,FLAD_EE_84,Rural municipality
SLAD_EE_618,Põltsamaa,CTR_EST,FLAD_EE_50,Rural municipality
SLAD_EE_622,Põlva,CTR_EST,FLAD_EE_64,Rural municipality
SLAD_EE_624,Pärnu,CTR_EST,FLAD_EE_68,Urban municipality
SLAD_EE_638,Põhja-Pärnumaa,CTR_EST,FLAD_EE_68,Rural municipality
SLAD_EE_651,Raasiku,CTR_EST,FLAD_EE_37,Rural municipality
SLAD_EE_653,Rae,CTR_EST,FLAD_EE_37,Rural municipality
SLAD_EE_661,Rakvere,CTR_EST,FLAD_EE_60,Rural municipality
SLAD_EE_663,Rakvere,CTR_EST,FLAD_EE_60,Urban municipality
SLAD_EE_668,Rapla,CTR_EST,FLAD_EE_71,Rural municipality
SLAD_EE_689,Ruhnu,CTR_EST,FLAD_EE_74,Rural municipality
SLAD_EE_698,Rõuge,CTR_EST,FLAD_EE_87,Rural municipality
SLAD_EE_708,Räpina,CTR_EST,FLAD_EE_64,Rural municipality
SLAD_EE_712,Saarde,CTR_EST,FLAD_EE_68,Rural municipality
SLAD_EE_714,Saaremaa,CTR_EST,FLAD_EE_74,Rural municipality
SLAD_EE_719,Saku,CTR_EST,FLAD_EE_37,Rural municipality
SLAD_EE_726,Saue,CTR_EST,FLAD_EE_37,Rural municipality
SLAD_EE_732,Setomaa,CTR_EST,FLAD_EE_87,Rural municipality
SLAD_EE_735,Sillamäe,CTR_EST,FLAD_EE_45,Urban municipality
SLAD_EE_784,Tallinn,CTR_EST,FLAD_EE_37,Urban municipality
SLAD_EE_792,Tapa,CTR_EST,FLAD_EE_60,Rural municipality
SLAD_EE_793,Tartu,CTR_EST,FLAD_EE_79,Urban municipality
SLAD_EE_796,Tartu,CTR_EST,FLAD_EE_79,Rural municipality
SLAD_EE_803,Toila,CTR_EST,FLAD_EE_45,Rural municipality
SLAD_EE_809,Tori,CTR_EST,FLAD_EE_68,Rural municipality
SLAD_EE_824,Tõrva,CTR_EST,FLAD_EE_81,Rural municipality
SLAD_EE_834,Türi,CTR_EST,FLAD_EE_52,Rural municipality
SLAD_EE_855,Valga,CTR_EST,FLAD_EE_81,Rural municipality
SLAD_EE_890,Viimsi,CTR_EST,FLAD_EE_37,Rural municipality
SLAD_EE_897,Viljandi,CTR_EST,FLAD_EE_84,Urban municipality
SLAD_EE_899,Viljandi,CTR_EST,FLAD_EE_84,Rural municipality
SLAD_EE_901,Vinni,CTR_EST,FLAD_EE_60,Rural municipality
SLAD_EE_903,Viru-Nigula,CTR_EST,FLAD_EE_60,Rural municipality
SLAD_EE_907,Vormsi,CTR_EST,FLAD_EE_56,Rural municipality
SLAD_EE_917,Võru,CTR_EST,FLAD_EE_87,Rural municipality
SLAD_EE_919,Võru,CTR_EST,FLAD_EE_87,Urban municipality
SLAD_EE_928,Väike-Maarja,CTR_EST,FLAD_EE_60,Rural municipality
SLAD_ES_A,Alacant*,CTR_ESP,FLAD_ES_VC,Province
SLAD_ES_AB,Albacete,CTR_ESP,FLAD_ES_CM,Province
SLAD_ES_AL,Almería,CTR_ESP,FLAD_ES_AN,Province
SLAD_ES_AV,Ávila,CTR_ESP,FLAD_ES_CL,Province
SLAD_ES_B,Barcelona [Barcelona],CTR_ESP,FLAD_ES_CT,Province
SLAD_ES_BA,Badajoz,CTR_ESP,FLAD_ES_EX,Province
SLAD_ES_BI,Bizkaia,CTR_ESP,FLAD_ES_PV,Province
SLAD_ES_BU,Burgos,CTR_ESP,FLAD_ES_CL,Province
SLAD_ES_C,A Coruña [La Coruña],CTR_ESP,FLAD_ES_GA,Province
SLAD_ES_CA,Cádiz,CTR_ESP,FLAD_ES_AN,Province
SLAD_ES_CC,Cáceres,CTR_ESP,FLAD_ES_EX,Province
SLAD_ES_CO,Córdoba,CTR_ESP,FLAD_ES_AN,Province
SLAD_ES_CR,Ciudad Real,CTR_ESP,FLAD_ES_CM,Province
SLAD_ES_CS,Castelló*,CTR_ESP,FLAD_ES_VC,Province
SLAD_ES_CU,Cuenca,CTR_ESP,FLAD_ES_CM,Province
SLAD_ES_GC,Las Palmas,CTR_ESP,FLAD_ES_CN,Province
SLAD_ES_GI,Girona [Gerona],CTR_ESP,FLAD_ES_CT,Province
SLAD_ES_GR,Granada,CTR_ESP,FLAD_ES_AN,Province
SLAD_ES_GU,Guadalajara,CTR_ESP,FLAD_ES_CM,Province
SLAD_ES_H,Huelva,CTR_ESP,FLAD_ES_AN,Province
SLAD_ES_HU,Huesca,CTR_ESP,FLAD_ES_AR,Province
SLAD_ES_J,Jaén,CTR_ESP,FLAD_ES_AN,Province
SLAD_ES_L,Lleida [Lérida],CTR_ESP,FLAD_ES_CT,Province
SLAD_ES_LE,León,CTR_ESP,FLAD_ES_CL,Province
SLAD_ES_LO,La Rioja,CTR_ESP,FLAD_ES_RI,Province
SLAD_ES_LU,Lugo [Lugo],CTR_ESP,FLAD_ES_GA,Province
SLAD_ES_M,Madrid,CTR_ESP,FLAD_ES_MD,Province
SLAD_ES_MA,Málaga,CTR_ESP,FLAD_ES_AN,Province
SLAD_ES_MU,Murcia,CTR_ESP,FLAD_ES_MC,Province
SLAD_ES_NA,Nafarroa*,CTR_ESP,FLAD_ES_NC,Province
SLAD_ES_O,Asturias,CTR_ESP,FLAD_ES_AS,Province
SLAD_ES_OR,Ourense [Orense],CTR_ESP,FLAD_ES_GA,Province
SLAD_ES_P,Palencia,CTR_ESP,FLAD_ES_CL,Province
SLAD_ES_PM,Illes Balears [Islas Baleares],CTR_ESP,FLAD_ES_IB,Province
SLAD_ES_PO,Pontevedra [Pontevedra],CTR_ESP,FLAD_ES_GA,Province
SLAD_ES_S,Cantabria,CTR_ESP,FLAD_ES_CB,Province
SLAD_ES_SA,Salamanca,CTR_ESP,FLAD_ES_CL,Province
SLAD_ES_SE,Sevilla,CTR_ESP,FLAD_ES_AN,Province
SLAD_ES_SG,Segovia,CTR_ESP,FLAD_ES_CL,Province
SLAD_ES_SO,Soria,CTR_ESP,FLAD_ES_CL,Province
SLAD_ES_SS,Gipuzkoa,CTR_ESP,FLAD_ES_PV,Province
SLAD_ES_T,Tarragona [Tarragona],CTR_ESP,FLAD_ES_CT,Province
SLAD_ES_TE,Teruel,CTR_ESP,FLAD_ES_AR,Province
SLAD_ES_TF,Santa Cruz de Tenerife,CTR_ESP,FLAD_ES_CN,Province
SLAD_ES_TO,Toledo,CTR_ESP,FLAD_ES_CM,Province
SLAD_ES_V,Valencia,CTR_ESP,FLAD_ES_VC,Province
SLAD_ES_VA,Valladolid,CTR_ESP,FLAD_ES_CL,Province
SLAD_ES_VI,Araba*,CTR_ESP,FLAD_ES_PV,Province
SLAD_ES_Z,Zaragoza,CTR_ESP,FLAD_ES_AR,Province
SLAD_ES_ZA,Zamora,CTR_ESP,FLAD_ES_CL,Province
SLAD_FJ_01,Ba,CTR_FJI,FLAD_FJ_W,Province
SLAD_FJ_02,Bua,CTR_FJI,FLAD_FJ_N,Province
SLAD_FJ_03,Cakaudrove,CTR_FJI,FLAD_FJ_N,Province
SLAD_FJ_04,Kadavu,CTR_FJI,FLAD_FJ_E,Province
SLAD_FJ_05,Lau,CTR_FJI,FLAD_FJ_E,Province
SLAD_FJ_06,Lomaiviti,CTR_FJI,FLAD_FJ_E,Province
SLAD_FJ_07,Macuata,CTR_FJI,FLAD_FJ_N,Province
SLAD_FJ_08,Nadroga and Navosa,CTR_FJI,FLAD_FJ_W,Province
SLAD_FJ_09,Naitasiri,CTR_FJI,FLAD_FJ_C,Province
SLAD_FJ_10,Namosi,CTR_FJI,FLAD_FJ_C,Province
SLAD_FJ_11,Ra,CTR_FJI,FLAD_FJ_W,Province
SLAD_FJ_12,Rewa,CTR_FJI,FLAD_FJ_C,Province
SLAD_FJ_13,Serua,CTR_FJI,FLAD_FJ_C,Province
SLAD_FJ_14,Tailevu,CTR_FJI,FLAD_FJ_C,Province
SLAD_FR_01,Ain,CTR_FRA,FLAD_FR_ARA,Metropolitan department
SLAD_FR_02,Aisne,CTR_FRA,FLAD_FR_HDF,Metropolitan department
SLAD_FR_03,Allier,CTR_FRA,FLAD_FR_ARA,Metropolitan department
SLAD_FR_04,Alpes-de-Haute-Provence,CTR_FRA,FLAD_FR_PAC,Metropolitan department
SLAD_FR_05,Hautes-Alpes,CTR_FRA,FLAD_FR_PAC,Metropolitan department
SLAD_FR_06,Alpes-Maritimes,CTR_FRA,FLAD_FR_PAC,Metropolitan department
SLAD_FR_07,Ardèche,CTR_FRA,FLAD_FR_ARA,Metropolitan department
SLAD_FR_08,Ardennes,CTR_FRA,FLAD_FR_GES,Metropolitan department
SLAD_FR_09,Ariège,CTR_FRA,FLAD_FR_OCC,Metropolitan department
SLAD_FR_10,Aube,CTR_FRA,FLAD_FR_GES,Metropolitan department
SLAD_FR_11,Aude,CTR_FRA,FLAD_FR_OCC,Metropolitan department
SLAD_FR_12,Aveyron,CTR_FRA,FLAD_FR_OCC,Metropolitan department
SLAD_FR_13,Bouches-du-Rhône,CTR_FRA,FLAD_FR_PAC,Metropolitan department
SLAD_FR_14,Calvados,CTR_FRA,FLAD_FR_NOR,Metropolitan department
SLAD_FR_15,Cantal,CTR_FRA,FLAD_FR_ARA,Metropolitan department
SLAD_FR_16,Charente,CTR_FRA,FLAD_FR_NAQ,Metropolitan department
SLAD_FR_17,Charente-Maritime,CTR_FRA,FLAD_FR_NAQ,Metropolitan department
SLAD_FR_18,Cher,CTR_FRA,FLAD_FR_CVL,Metropolitan department
SLAD_FR_19,Corrèze,CTR_FRA,FLAD_FR_NAQ,Metropolitan department
SLAD_FR_21,Côte-d'Or,CTR_FRA,FLAD_FR_BFC,Metropolitan department
SLAD_FR_22,Côtes-d'Armor,CTR_FRA,FLAD_FR_BRE,Metropolitan department
SLAD_FR_23,Creuse,CTR_FRA,FLAD_FR_NAQ,Metropolitan department
SLAD_FR_24,Dordogne,CTR_FRA,FLAD_FR_NAQ,Metropolitan department
SLAD_FR_25,Doubs,CTR_FRA,FLAD_FR_BFC,Metropolitan department
SLAD_FR_26,Drôme,CTR_FRA,FLAD_FR_ARA,Metropolitan department
SLAD_FR_27,Eure,CTR_FRA,FLAD_FR_NOR,Metropolitan department
SLAD_FR_28,Eure-et-Loir,CTR_FRA,FLAD_FR_CVL,Metropolitan department
SLAD_FR_29,Finistère,CTR_FRA,FLAD_FR_BRE,Metropolitan department
SLAD_FR_2A,Corse-du-Sud,CTR_FRA,FLAD_FR_20R,Metropolitan department
SLAD_FR_2B,Haute-Corse,CTR_FRA,FLAD_FR_20R,Metropolitan department
SLAD_FR_30,Gard,CTR_FRA,FLAD_FR_OCC,Metropolitan department
SLAD_FR_31,Haute-Garonne,CTR_FRA,FLAD_FR_OCC,Metropolitan department
SLAD_FR_32,Gers,CTR_FRA,FLAD_FR_OCC,Metropolitan department
SLAD_FR_33,Gironde,CTR_FRA,FLAD_FR_NAQ,Metropolitan department
SLAD_FR_34,Hérault,CTR_FRA,FLAD_FR_OCC,Metropolitan department
SLAD_FR_35,Ille-et-Vilaine,CTR_FRA,FLAD_FR_BRE,Metropolitan department
SLAD_FR_36,Indre,CTR_FRA,FLAD_FR_CVL,Metropolitan department
SLAD_FR_37,Indre-et-Loire,CTR_FRA,FLAD_FR_CVL,Metropolitan department
SLAD_FR_38,Isère,CTR_FRA,FLAD_FR_ARA,Metropolitan department
SLAD_FR_39,Jura,CTR_FRA,FLAD_FR_BFC,Metropolitan department
SLAD_FR_40,Landes,CTR_FRA,FLAD_FR_NAQ,Metropolitan department
SLAD_FR_41,Loir-et-Cher,CTR_FRA,FLAD_FR_CVL,Metropolitan department
SLAD_FR_42,Loire,CTR_FRA,FLAD_FR_ARA,Metropolitan department
SLAD_FR_43,Haute-Loire,CTR_FRA,FLAD_FR_ARA,Metropolitan department
SLAD_FR_44,Loire-Atlantique,CTR_FRA,FLAD_FR_PDL,Metropolitan department
SLAD_FR_45,Loiret,CTR_FRA,FLAD_FR_CVL,Metropolitan department
SLAD_FR_46,Lot,CTR_FRA,FLAD_FR_OCC,Metropolitan department
SLAD_FR_47,Lot-et-Garonne,CTR_FRA,FLAD_FR_NAQ,Metropolitan department
SLAD_FR_48,Lozère,CTR_FRA,FLAD_FR_OCC,Metropolitan department
SLAD_FR_49,Maine-et-Loire,CTR_FRA,FLAD_FR_PDL,Metropolitan department
SLAD_FR_50,Manche,CTR_FRA,FLAD_FR_NOR,Metropolitan department
SLAD_FR_51,Marne,CTR_FRA,FLAD_FR_GES,Metropolitan department
SLAD_FR_52,Haute-Marne,CTR_FRA,FLAD_FR_GES,Metropolitan department
SLAD_FR_53,Mayenne,CTR_FRA,FLAD_FR_PDL,Metropolitan department
SLAD_FR_54,Meurthe-et-Moselle,CTR_FRA,FLAD_FR_GES,Metropolitan department
SLAD_FR_55,Meuse,CTR_FRA,FLAD_FR_GES,Metropolitan department
SLAD_FR_56,Morbihan,CTR_FRA,FLAD_FR_BRE,Metropolitan department
SLAD_FR_57,Moselle,CTR_FRA,FLAD_FR_GES,Metropolitan department
SLAD_FR_58,Nièvre,CTR_FRA,FLAD_FR_BFC,Metropolitan department
SLAD_FR_59,Nord,CTR_FRA,FLAD_FR_HDF,Metropolitan department
SLAD_FR_60,Oise,CTR_FRA,FLAD_FR_HDF,Metropolitan department
SLAD_FR_61,Orne,CTR_FRA,FLAD_FR_NOR,Metropolitan department
SLAD_FR_62,Pas-de-Calais,CTR_FRA,FLAD_FR_HDF,Metropolitan department
SLAD_FR_63,Puy-de-Dôme,CTR_FRA,FLAD_FR_ARA,Metropolitan department
SLAD_FR_64,Pyrénées-Atlantiques,CTR_FRA,FLAD_FR_NAQ,Metropolitan department
SLAD_FR_65,Hautes-Pyrénées,CTR_FRA,FLAD_FR_OCC,Metropolitan department
SLAD_FR_66,Pyrénées-Orientales,CTR_FRA,FLAD_FR_OCC,Metropolitan department
SLAD_FR_69,Rhône,CTR_FRA,FLAD_FR_ARA,Metropolitan department
SLAD_FR_69M,Métropole de Lyon,CTR_FRA,FLAD_FR_ARA,Metropolitan collectivity with special status
SLAD_FR_6AE,Alsace,CTR_FRA,FLAD_FR_GES,European collectivity
SLAD_FR_70,Haute-Saône,CTR_FRA,FLAD_FR_BFC,Metropolitan department
SLAD_FR_71,Saône-et-Loire,CTR_FRA,FLAD_FR_BFC,Metropolitan department
SLAD_FR_72,Sarthe,CTR_FRA,FLAD_FR_PDL,Metropolitan department
SLAD_FR_73,Savoie,CTR_FRA,FLAD_FR_ARA,Metropolitan department
SLAD_FR_74,Haute-Savoie,CTR_FRA,FLAD_FR_ARA,Metropolitan department
SLAD_FR_75C,Paris,CTR_FRA,FLAD_FR_IDF,Metropolitan collectivity with special status
SLAD_FR_76,Seine-Maritime,CTR_FRA,FLAD_FR_NOR,Metropolitan department
SLAD_FR_77,Seine-et-Marne,CTR_FRA,FLAD_FR_IDF,Metropolitan department
SLAD_FR_78,Yvelines,CTR_FRA,FLAD_FR_IDF,Metropolitan department
SLAD_FR_79,Deux-Sèvres,CTR_FRA,FLAD_FR_NAQ,Metropolitan department
SLAD_FR_80,Somme,CTR_FRA,FLAD_FR_HDF,Metropolitan department
SLAD_FR_81,Tarn,CTR_FRA,FLAD_FR_OCC,Metropolitan department
SLAD_FR_82,Tarn-et-Garonne,CTR_FRA,FLAD_FR_OCC,Metropolitan department
SLAD_FR_83,Var,CTR_FRA,FLAD_FR_PAC,Metropolitan department
SLAD_FR_84,Vaucluse,CTR_FRA,FLAD_FR_PAC,Metropolitan department
SLAD_FR_85,Vendée,CTR_FRA,FLAD_FR_PDL,Metropolitan department
SLAD_FR_86,Vienne,CTR_FRA,FLAD_FR_NAQ,Metropolitan department
SLAD_FR_87,Haute-Vienne,CTR_FRA,FLAD_FR_NAQ,Metropolitan department
SLAD_FR_88,Vosges,CTR_FRA,FLAD_FR_GES,Metropolitan department
SLAD_FR_89,Yonne,CTR_FRA,FLAD_FR_BFC,Metropolitan department
SLAD_FR_90,Territoire de Belfort,CTR_FRA,FLAD_FR_BFC,Metropolitan department
SLAD_FR_91,Essonne,CTR_FRA,FLAD_FR_IDF,Metropolitan department
SLAD_FR_92,Hauts-de-Seine,CTR_FRA,FLAD_FR_IDF,Metropolitan department
SLAD_FR_93,Seine-Saint-Denis,CTR_FRA,FLAD_FR_IDF,Metropolitan department
SLAD_FR_94,Val-de-Marne,CTR_FRA,FLAD_FR_IDF,Metropolitan department
SLAD_FR_95,Val-d'Oise,CTR_FRA,FLAD_FR_IDF,Metropolitan department
SLAD_GB_ABC,"Armagh City, Banbridge and Craigavon",CTR_GBR,FLAD_GB_NIR,District
SLAD_GB_ABD,Aberdeenshire,CTR_GBR,FLAD_GB_SCT,Council area
SLAD_GB_ABE,Aberdeen City,CTR_GBR,FLAD_GB_SCT,Council area
SLAD_GB_AGB,Argyll and Bute,CTR_GBR,FLAD_GB_SCT,Council area
SLAD_GB_AGY,Isle of Anglesey [Sir Ynys Môn GB-YNM],CTR_GBR,FLAD_GB_WLS,Unitary authority
SLAD_GB_AND,Ards and North Down,CTR_GBR,FLAD_GB_NIR,District
SLAD_GB_ANN,Antrim and Newtownabbey,CTR_GBR,FLAD_GB_NIR,District
SLAD_GB_ANS,Angus,CTR_GBR,FLAD_GB_SCT,Council area
SLAD_GB_BAS,Bath and North East Somerset,CTR_GBR,FLAD_GB_ENG,Unitary authority
SLAD_GB_BBD,Blackburn with Darwen,CTR_GBR,FLAD_GB_ENG,Unitary authority
SLAD_GB_BCP,"Bournemouth, Christchurch and Poole",CTR_GBR,FLAD_GB_ENG,Unitary authority
SLAD_GB_BDF,Bedford,CTR_GBR,FLAD_GB_ENG,Unitary authority
SLAD_GB_BDG,Barking and Dagenham,CTR_GBR,FLAD_GB_ENG,London borough
SLAD_GB_BEN,Brent,CTR_GBR,FLAD_GB_ENG,London borough
SLAD_GB_BEX,Bexley,CTR_GBR,FLAD_GB_ENG,London borough
SLAD_GB_BFS,Belfast City,CTR_GBR,FLAD_GB_NIR,District
SLAD_GB_BGE,Bridgend [Pen-y-bont ar Ogwr GB-POG],CTR_GBR,FLAD_GB_WLS,Unitary authority
SLAD_GB_BGW,Blaenau Gwent,CTR_GBR,FLAD_GB_WLS,Unitary authority
SLAD_GB_BIR,Birmingham,CTR_GBR,FLAD_GB_ENG,Metropolitan district
SLAD_GB_BKM,Buckinghamshire,CTR_GBR,FLAD_GB_ENG,Unitary authority
SLAD_GB_BNE,Barnet,CTR_GBR,FLAD_GB_ENG,London borough
SLAD_GB_BNH,Brighton and Hove,CTR_GBR,FLAD_GB_ENG,Unitary authority
SLAD_GB_BNS,Barnsley,CTR_GBR,FLAD_GB_ENG,Metropolitan district
SLAD_GB_BOL,Bolton,CTR_GBR,FLAD_GB_ENG,Metropolitan district
SLAD_GB_BPL,Blackpool,CTR_GBR,FLAD_GB_ENG,Unitary authority
SLAD_GB_BRC,Bracknell Forest,CTR_GBR,FLAD_GB_ENG,Unitary authority
SLAD_GB_BRD,Bradford,CTR_GBR,FLAD_GB_ENG,Metropolitan district
SLAD_GB_BRY,Bromley,CTR_GBR,FLAD_GB_ENG,London borough
SLAD_GB_BST,"Bristol, City of",CTR_GBR,FLAD_GB_ENG,Unitary authority
SLAD_GB_BUR,Bury,CTR_GBR,FLAD_GB_ENG,Metropolitan district
SLAD_GB_CAM,Cambridgeshire,CTR_GBR,FLAD_GB_ENG,Two-tier county
SLAD_GB_CAY,Caerphilly [Caerffili GB-CAF],CTR_GBR,FLAD_GB_WLS,Unitary authority
SLAD_GB_CBF,Central Bedfordshire,CTR_GBR,FLAD_GB_ENG,Unitary authority
SLAD_GB_CCG,Causeway Coast and Glens,CTR_GBR,FLAD_GB_NIR,District
SLAD_GB_CGN,Ceredigion [Sir Ceredigion],CTR_GBR,FLAD_GB_WLS,Unitary authority
SLAD_GB_CHE,Cheshire East,CTR_GBR,FLAD_GB_ENG,Unitary authority
SLAD_GB_CHW,Cheshire West and Chester,CTR_GBR,FLAD_GB_ENG,Unitary authority
SLAD_GB_CLD,Calderdale,CTR_GBR,FLAD_GB_ENG,Metropolitan district
SLAD_GB_CLK,Clackmannanshire,CTR_GBR,FLAD_GB_SCT,Council area
SLAD_GB_CMA,Cumbria,CTR_GBR,FLAD_GB_ENG,Two-tier county
SLAD_GB_CMD,Camden,CTR_GBR,FLAD_GB_ENG,London borough
SLAD_GB_CMN,Carmarthenshire [Sir Gaerfyrddin GB-GFY],CTR_GBR,FLAD_GB_WLS,Unitary authority
SLAD_GB_CON,Cornwall,CTR_GBR,FLAD_GB_ENG,Unitary authority
SLAD_GB_COV,Coventry,CTR_GBR,FLAD_GB_ENG,Metropolitan district
SLAD_GB_CRF,Cardiff [Caerdydd GB-CRD],CTR_GBR,FLAD_GB_WLS,Unitary authority
SLAD_GB_CRY,Croydon,CTR_GBR,FLAD_GB_ENG,London borough
SLAD_GB_CWY,Conwy,CTR_GBR,FLAD_GB_WLS,Unitary authority
SLAD_GB_DAL,Darlington,CTR_GBR,FLAD_GB_ENG,Unitary authority
SLAD_GB_DBY,Derbyshire,CTR_GBR,FLAD_GB_ENG,Two-tier county
SLAD_GB_DEN,Denbighshire [Sir Ddinbych GB-DDB],CTR_GBR,FLAD_GB_WLS,Unitary authority
SLAD_GB_DER,Derby,CTR_GBR,FLAD_GB_ENG,Unitary authority
SLAD_GB_DEV,Devon,CTR_GBR,FLAD_GB_ENG,Two-tier county
SLAD_GB_DGY,Dumfries and Galloway,CTR_GBR,FLAD_GB_SCT,Council area
SLAD_GB_DNC,Doncaster,CTR_GBR,FLAD_GB_ENG,Metropolitan district
SLAD_GB_DND,Dundee City,CTR_GBR,FLAD_GB_SCT,Council area
SLAD_GB_DOR,Dorset,CTR_GBR,FLAD_GB_ENG,Two-tier county
SLAD_GB_DRS,Derry and Strabane,CTR_GBR,FLAD_GB_NIR,District
SLAD_GB_DUD,Dudley,CTR_GBR,FLAD_GB_ENG,Metropolitan district
SLAD_GB_DUR,"Durham, County",CTR_GBR,FLAD_GB_ENG,Unitary authority
SLAD_GB_EAL,Ealing,CTR_GBR,FLAD_GB_ENG,London borough
SLAD_GB_EAY,East Ayrshire,CTR_GBR,FLAD_GB_SCT,Council area
SLAD_GB_EDH,"Edinburgh, City of",CTR_GBR,FLAD_GB_SCT,Council area
SLAD_GB_EDU,East Dunbartonshire,CTR_GBR,FLAD_GB_SCT,Council area
SLAD_GB_ELN,East Lothian,CTR_GBR,FLAD_GB_SCT,Council area
SLAD_GB_ELS,Eilean Siar,CTR_GBR,FLAD_GB_SCT,Council area
SLAD_GB_ENF,Enfield,CTR_GBR,FLAD_GB_ENG,London borough
SLAD_GB_ERW,East Renfrewshire,CTR_GBR,FLAD_GB_SCT,Council area
SLAD_GB_ERY,East Riding of Yorkshire,CTR_GBR,FLAD_GB_ENG,Unitary authority
SLAD_GB_ESS,Essex,CTR_GBR,FLAD_GB_ENG,Two-tier county
SLAD_GB_ESX,East Sussex,CTR_GBR,FLAD_GB_ENG,Two-tier county
SLAD_GB_FAL,Falkirk,CTR_GBR,FLAD_GB_SCT,Council area
SLAD_GB_FIF,Fife,CTR_GBR,FLAD_GB_SCT,Council area
SLAD_GB_FLN,Flintshire [Sir y Fflint GB-FFL],CTR_GBR,FLAD_GB_WLS,Unitary authority
SLAD_GB_FMO,Fermanagh and Omagh,CTR_GBR,FLAD_GB_NIR,District
SLAD_GB_GAT,Gateshead,CTR_GBR,FLAD_GB_ENG,Metropolitan district
SLAD_GB_GLG,Glasgow City,CTR_GBR,FLAD_GB_SCT,Council area
SLAD_GB_GLS,Gloucestershire,CTR_GBR,FLAD_GB_ENG,Two-tier county
SLAD_GB_GRE,Greenwich,CTR_GBR,FLAD_GB_ENG,London borough
SLAD_GB_GWN,Gwynedd,CTR_GBR,FLAD_GB_WLS,Unitary authority
SLAD_GB_HAL,Halton,CTR_GBR,FLAD_GB_ENG,Unitary authority
SLAD_GB_HAM,Hampshire,CTR_GBR,FLAD_GB_ENG,Two-tier county
SLAD_GB_HAV,Havering,CTR_GBR,FLAD_GB_ENG,London borough
SLAD_GB_HCK,Hackney,CTR_GBR,FLAD_GB_ENG,London borough
SLAD_GB_HEF,Herefordshire,CTR_GBR,FLAD_GB_ENG,Unitary authority
SLAD_GB_HIL,Hillingdon,CTR_GBR,FLAD_GB_ENG,London borough
SLAD_GB_HLD,Highland,CTR_GBR,FLAD_GB_SCT,Council area
SLAD_GB_HMF,Hammersmith and Fulham,CTR_GBR,FLAD_GB_ENG,London borough
SLAD_GB_HNS,Hounslow,CTR_GBR,FLAD_GB_ENG,London borough
SLAD_GB_HPL,Hartlepool,CTR_GBR,FLAD_GB_ENG,Unitary authority
SLAD_GB_HRT,Hertfordshire,CTR_GBR,FLAD_GB_ENG,Two-tier county
SLAD_GB_HRW,Harrow,CTR_GBR,FLAD_GB_ENG,London borough
SLAD_GB_HRY,Haringey,CTR_GBR,FLAD_GB_ENG,London borough
SLAD_GB_IOS,Isles of Scilly,CTR_GBR,FLAD_GB_ENG,Unitary authority
SLAD_GB_IOW,Isle of Wight,CTR_GBR,FLAD_GB_ENG,Unitary authority
SLAD_GB_ISL,Islington,CTR_GBR,FLAD_GB_ENG,London borough
SLAD_GB_IVC,Inverclyde,CTR_GBR,FLAD_GB_SCT,Council area
SLAD_GB_KEC,Kensington and Chelsea,CTR_GBR,FLAD_GB_ENG,London borough
SLAD_GB_KEN,Kent,CTR_GBR,FLAD_GB_ENG,Two-tier county
SLAD_GB_KHL,Kingston upon Hull,CTR_GBR,FLAD_GB_ENG,Unitary authority
SLAD_GB_KIR,Kirklees,CTR_GBR,FLAD_GB_ENG,Metropolitan district
SLAD_GB_KTT,Kingston upon Thames,CTR_GBR,FLAD_GB_ENG,London borough
SLAD_GB_KWL,Knowsley,CTR_GBR,FLAD_GB_ENG,Metropolitan district
SLAD_GB_LAN,Lancashire,CTR_GBR,FLAD_GB_ENG,Two-tier county
SLAD_GB_LBC,Lisburn and Castlereagh,CTR_GBR,FLAD_GB_NIR,District
SLAD_GB_LBH,Lambeth,CTR_GBR,FLAD_GB_ENG,London borough
SLAD_GB_LCE,Leicester,CTR_GBR,FLAD_GB_ENG,Unitary authority
SLAD_GB_LDS,Leeds,CTR_GBR,FLAD_GB_ENG,Metropolitan district
SLAD_GB_LEC,Leicestershire,CTR_GBR,FLAD_GB_ENG,Two-tier county
SLAD_GB_LEW,Lewisham,CTR_GBR,FLAD_GB_ENG,London borough
SLAD_GB_LIN,Lincolnshire,CTR_GBR,FLAD_GB_ENG,Two-tier county
SLAD_GB_LIV,Liverpool,CTR_GBR,FLAD_GB_ENG,Metropolitan district
SLAD_GB_LND,"London, City of",CTR_GBR,FLAD_GB_ENG,City corporation
SLAD_GB_LUT,Luton,CTR_GBR,FLAD_GB_ENG,Unitary authority
SLAD_GB_MAN,Manchester,CTR_GBR,FLAD_GB_ENG,Metropolitan district
SLAD_GB_MDB,Middlesbrough,CTR_GBR,FLAD_GB_ENG,Unitary authority
SLAD_GB_MDW,Medway,CTR_GBR,FLAD_GB_ENG,Unitary authority
SLAD_GB_MEA,Mid and East Antrim,CTR_GBR,FLAD_GB_NIR,District
SLAD_GB_MIK,Milton Keynes,CTR_GBR,FLAD_GB_ENG,Unitary authority
SLAD_GB_MLN,Midlothian,CTR_GBR,FLAD_GB_SCT,Council area
SLAD_GB_MON,Monmouthshire [Sir Fynwy GB-FYN],CTR_GBR,FLAD_GB_WLS,Unitary authority
SLAD_GB_MRT,Merton,CTR_GBR,FLAD_GB_ENG,London borough
SLAD_GB_MRY,Moray,CTR_GBR,FLAD_GB_SCT,Council area
SLAD_GB_MTY,Merthyr Tydfil [Merthyr Tudful GB-MTU],CTR_GBR,FLAD_GB_WLS,Unitary authority
SLAD_GB_MUL,Mid-Ulster,CTR_GBR,FLAD_GB_NIR,District
SLAD_GB_NAY,North Ayrshire,CTR_GBR,FLAD_GB_SCT,Council area
SLAD_GB_NBL,Northumberland,CTR_GBR,FLAD_GB_ENG,Unitary authority
SLAD_GB_NEL,North East Lincolnshire,CTR_GBR,FLAD_GB_ENG,Unitary authority
SLAD_GB_NET,Newcastle upon Tyne,CTR_GBR,FLAD_GB_ENG,Metropolitan district
SLAD_GB_NFK,Norfolk,CTR_GBR,FLAD_GB_ENG,Two-tier county
SLAD_GB_NGM,Nottingham,CTR_GBR,FLAD_GB_ENG,Unitary authority
SLAD_GB_NLK,North Lanarkshire,CTR_GBR,FLAD_GB_SCT,Council area
SLAD_GB_NLN,North Lincolnshire,CTR_GBR,FLAD_GB_ENG,Unitary authority
SLAD_GB_NMD,"Newry, Mourne and Down",CTR_GBR,FLAD_GB_NIR,District
SLAD_GB_NNH,North Northamptonshire,CTR_GBR,FLAD_GB_ENG,Unitary authority
SLAD_GB_NSM,North Somerset,CTR_GBR,FLAD_GB_ENG,Unitary authority
SLAD_GB_NTL,Neath Port Talbot [Castell-nedd Port Talbot GB-CTL],CTR_GBR,FLAD_GB_WLS,Unitary authority
SLAD_GB_NTT,Nottinghamshire,CTR_GBR,FLAD_GB_ENG,Two-tier county
SLAD_GB_NTY,North Tyneside,CTR_GBR,FLAD_GB_ENG,Metropolitan district
SLAD_GB_NWM,Newham,CTR_GBR,FLAD_GB_ENG,London borough
SLAD_GB_NWP,Newport [Casnewydd GB-CNW],CTR_GBR,FLAD_GB_WLS,Unitary authority
SLAD_GB_NYK,North Yorkshire,CTR_GBR,FLAD_GB_ENG,Two-tier county
SLAD_GB_OLD,Oldham,CTR_GBR,FLAD_GB_ENG,Metropolitan district
SLAD_GB_ORK,Orkney Islands,CTR_GBR,FLAD_GB_SCT,Council area
SLAD_GB_OXF,Oxfordshire,CTR_GBR,FLAD_GB_ENG,Two-tier county
SLAD_GB_PEM,Pembrokeshire [Sir Benfro GB-BNF],CTR_GBR,FLAD_GB_WLS,Unitary authority
SLAD_GB_PKN,Perth and Kinross,CTR_GBR,FLAD_GB_SCT,Council area
SLAD_GB_PLY,Plymouth,CTR_GBR,FLAD_GB_ENG,Unitary authority
SLAD_GB_POR,Portsmouth,CTR_GBR,FLAD_GB_ENG,Unitary authority
SLAD_GB_POW,Powys,CTR_GBR,FLAD_GB_WLS,Unitary authority
SLAD_GB_PTE,Peterborough,CTR_GBR,FLAD_GB_ENG,Unitary authority
SLAD_GB_RCC,Redcar and Cleveland,CTR_GBR,FLAD_GB_ENG,Unitary authority
SLAD_GB_RCH,Rochdale,CTR_GBR,FLAD_GB_ENG,Metropolitan district
SLAD_GB_RCT,Rhondda Cynon Taff [Rhondda CynonTaf],CTR_GBR,FLAD_GB_WLS,Unitary authority
SLAD_GB_RDB,Redbridge,CTR_GBR,FLAD_GB_ENG,London borough
SLAD_GB_RDG,Reading,CTR_GBR,FLAD_GB_ENG,Unitary authority
SLAD_GB_RFW,Renfrewshire,CTR_GBR,FLAD_GB_SCT,Council area
SLAD_GB_RIC,Richmond upon Thames,CTR_GBR,FLAD_GB_ENG,London borough
SLAD_GB_ROT,Rotherham,CTR_GBR,FLAD_GB_ENG,Metropolitan district
SLAD_GB_RUT,Rutland,CTR_GBR,FLAD_GB_ENG,Unitary authority
SLAD_GB_SAW,Sandwell,CTR_GBR,FLAD_GB_ENG,Metropolitan district
SLAD_GB_SAY,South Ayrshire,CTR_GBR,FLAD_GB_SCT,Council area
SLAD_GB_SCB,Scottish Borders,CTR_GBR,FLAD_GB_SCT,Council area
SLAD_GB_SFK,Suffolk,CTR_GBR,FLAD_GB_ENG,Two-tier county
SLAD_GB_SFT,Sefton,CTR_GBR,FLAD_GB_ENG,Metropolitan district
SLAD_GB_SGC,South Gloucestershire,CTR_GBR,FLAD_GB_ENG,Unitary authority
SLAD_GB_SHF,Sheffield,CTR_GBR,FLAD_GB_ENG,Metropolitan district
SLAD_GB_SHN,St. Helens,CTR_GBR,FLAD_GB_ENG,Metropolitan district
SLAD_GB_SHR,Shropshire,CTR_GBR,FLAD_GB_ENG,Unitary authority
SLAD_GB_SKP,Stockport,CTR_GBR,FLAD_GB_ENG,Metropolitan district
SLAD_GB_SLF,Salford,CTR_GBR,FLAD_GB_ENG,Metropolitan district
SLAD_GB_SLG,Slough,CTR_GBR,FLAD_GB_ENG,Unitary authority
SLAD_GB_SLK,South Lanarkshire,CTR_GBR,FLAD_GB_SCT,Council area
SLAD_GB_SND,Sunderland,CTR_GBR,FLAD_GB_ENG,Metropolitan district
SLAD_GB_SOL,Solihull,CTR_GBR,FLAD_GB_ENG,Metropolitan district
SLAD_GB_SOM,Somerset,CTR_GBR,FLAD_GB_ENG,Two-tier county
SLAD_GB_SOS,Southend-on-Sea,CTR_GBR,FLAD_GB_ENG,Unitary authority
SLAD_GB_SRY,Surrey,CTR_GBR,FLAD_GB_ENG,Two-tier county
SLAD_GB_STE,Stoke-on-Trent,CTR_GBR,FLAD_GB_ENG,Unitary authority
SLAD_GB_STG,Stirling,CTR_GBR,FLAD_GB_SCT,Council area
SLAD_GB_STH,Southampton,CTR_GBR,FLAD_GB_ENG,Unitary authority
SLAD_GB_STN,Sutton,CTR_GBR,FLAD_GB_ENG,London borough
SLAD_GB_STS,Staffordshire,CTR_GBR,FLAD_GB_ENG,Two-tier county
SLAD_GB_STT,Stockton-on-Tees,CTR_GBR,FLAD_GB_ENG,Unitary authority
SLAD_GB_STY,South Tyneside,CTR_GBR,FLAD_GB_ENG,Metropolitan district
SLAD_GB_SWA,Swansea [Abertawe GB-ATA],CTR_GBR,FLAD_GB_WLS,Unitary authority
SLAD_GB_SWD,Swindon,CTR_GBR,FLAD_GB_ENG,Unitary authority
SLAD_GB_SWK,Southwark,CTR_GBR,FLAD_GB_ENG,London borough
SLAD_GB_TAM,Tameside,CTR_GBR,FLAD_GB_ENG,Metropolitan district
SLAD_GB_TFW,Telford and Wrekin,CTR_GBR,FLAD_GB_ENG,Unitary authority
SLAD_GB_THR,Thurrock,CTR_GBR,FLAD_GB_ENG,Unitary authority
SLAD_GB_TOB,Torbay,CTR_GBR,FLAD_GB_ENG,Unitary authority
SLAD_GB_TOF,Torfaen [Tor-faen],CTR_GBR,FLAD_GB_WLS,Unitary authority
SLAD_GB_TRF,Trafford,CTR_GBR,FLAD_GB_ENG,Metropolitan district
SLAD_GB_TWH,Tower Hamlets,CTR_GBR,FLAD_GB_ENG,London borough
SLAD_GB_VGL,"Vale of Glamorgan, The [Bro Morgannwg GB-BMG]",CTR_GBR,FLAD_GB_WLS,Unitary authority
SLAD_GB_WAR,Warwickshire,CTR_GBR,FLAD_GB_ENG,Two-tier county
SLAD_GB_WBK,West Berkshire,CTR_GBR,FLAD_GB_ENG,Unitary authority
SLAD_GB_WDU,West Dunbartonshire,CTR_GBR,FLAD_GB_SCT,Council area
SLAD_GB_WFT,Waltham Forest,CTR_GBR,FLAD_GB_ENG,London borough
SLAD_GB_WGN,Wigan,CTR_GBR,FLAD_GB_ENG,Metropolitan district
SLAD_GB_WIL,Wiltshire,CTR_GBR,FLAD_GB_ENG,Unitary authority
SLAD_GB_WKF,Wakefield,CTR_GBR,FLAD_GB_ENG,Metropolitan district
SLAD_GB_WLL,Walsall,CTR_GBR,FLAD_GB_ENG,Metropolitan district
SLAD_GB_WLN,West Lothian,CTR_GBR,FLAD_GB_SCT,Council area
SLAD_GB_WLV,Wolverhampton,CTR_GBR,FLAD_GB_ENG,Metropolitan district
SLAD_GB_WND,Wandsworth,CTR_GBR,FLAD_GB_ENG,London borough
SLAD_GB_WNH,West Northamptonshire,CTR_GBR,FLAD_GB_ENG,Unitary authority
SLAD_GB_WNM,Windsor and Maidenhead,CTR_GBR,FLAD_GB_ENG,Unitary authority
SLAD_GB_WOK,Wokingham,CTR_GBR,FLAD_GB_ENG,Unitary authority
SLAD_GB_WOR,Worcestershire,CTR_GBR,FLAD_GB_ENG,Two-tier county
SLAD_GB_WRL,Wirral,CTR_GBR,FLAD_GB_ENG,Metropolitan district
SLAD_GB_WRT,Warrington,CTR_GBR,FLAD_GB_ENG,Unitary authority
SLAD_GB_WRX,Wrexham [Wrecsam GB-WRC],CTR_GBR,FLAD_GB_WLS,Unitary authority
SLAD_GB_WSM,Westminster,CTR_GBR,FLAD_GB_ENG,London borough
SLAD_GB_WSX,West Sussex,CTR_GBR,FLAD_GB_ENG,Two-tier county
SLAD_GB_YOR,York,CTR_GBR,FLAD_GB_ENG,Unitary authority
SLAD_GB_ZET,Shetland Islands,CTR_GBR,FLAD_GB_SCT,Council area
SLAD_GN_BE,Beyla,CTR_GIN,FLAD_GN_N,Prefecture
SLAD_GN_BF,Boffa,CTR_GIN,FLAD_GN_B,Prefecture
SLAD_GN_BK,Boké,CTR_GIN,FLAD_GN_B,Prefecture
SLAD_GN_CO,Coyah,CTR_GIN,FLAD_GN_D,Prefecture
SLAD_GN_DB,Dabola,CTR_GIN,FLAD_GN_F,Prefecture
SLAD_GN_DI,Dinguiraye,CTR_GIN,FLAD_GN_F,Prefecture
SLAD_GN_DL,Dalaba,CTR_GIN,FLAD_GN_M,Prefecture
SLAD_GN_DU,Dubréka,CTR_GIN,FLAD_GN_D,Prefecture
SLAD_GN_FA,Faranah,CTR_GIN,FLAD_GN_F,Prefecture
SLAD_GN_FO,Forécariah,CTR_GIN,FLAD_GN_D,Prefecture
SLAD_GN_FR,Fria,CTR_GIN,FLAD_GN_B,Prefecture
SLAD_GN_GA,Gaoual,CTR_GIN,FLAD_GN_B,Prefecture
SLAD_GN_GU,Guékédou,CTR_GIN,FLAD_GN_N,Prefecture
SLAD_GN_KA,Kankan,CTR_GIN,FLAD_GN_K,Prefecture
SLAD_GN_KB,Koubia,CTR_GIN,FLAD_GN_L,Prefecture
SLAD_GN_KD,Kindia,CTR_GIN,FLAD_GN_D,Prefecture
SLAD_GN_KE,Kérouané,CTR_GIN,FLAD_GN_K,Prefecture
SLAD_GN_KN,Koundara,CTR_GIN,FLAD_GN_B,Prefecture
SLAD_GN_KO,Kouroussa,CTR_GIN,FLAD_GN_K,Prefecture
SLAD_GN_KS,Kissidougou,CTR_GIN,FLAD_GN_F,Prefecture
SLAD_GN_LA,Labé,CTR_GIN,FLAD_GN_L,Prefecture
SLAD_GN_LE,Lélouma,CTR_GIN,FLAD_GN_L,Prefecture
SLAD_GN_LO,Lola,CTR_GIN,FLAD_GN_N,Prefecture
SLAD_GN_MC,Macenta,CTR_GIN,FLAD_GN_N,Prefecture
SLAD_GN_MD,Mandiana,CTR_GIN,FLAD_GN_K,Prefecture
SLAD_GN_ML,Mali,CTR_GIN,FLAD_GN_L,Prefecture
SLAD_GN_MM,Mamou,CTR_GIN,FLAD_GN_M,Prefecture
SLAD_GN_NZ,Nzérékoré,CTR_GIN,FLAD_GN_N,Prefecture
SLAD_GN_PI,Pita,CTR_GIN,FLAD_GN_M,Prefecture
SLAD_GN_SI,Siguiri,CTR_GIN,FLAD_GN_K,Prefecture
SLAD_GN_TE,Télimélé,CTR_GIN,FLAD_GN_D,Prefecture
SLAD_GN_TO,Tougué,CTR_GIN,FLAD_GN_L,Prefecture
SLAD_GN_YO,Yomou,CTR_GIN,FLAD_GN_N,Prefecture
SLAD_GQ_AN,Annobon,CTR_GNQ,FLAD_GQ_I,Province
SLAD_GQ_BN,Bioko Nord,CTR_GNQ,FLAD_GQ_I,Province
SLAD_GQ_BS,Bioko Sud,CTR_GNQ,FLAD_GQ_I,Province
SLAD_GQ_CS,Centro Sud,CTR_GNQ,FLAD_GQ_C,Province
SLAD_GQ_DJ,Djibloho,CTR_GNQ,FLAD_GQ_C,Province
SLAD_GQ_KN,Kié-Ntem,CTR_GNQ,FLAD_GQ_C,Province
SLAD_GQ_LI,Littoral,CTR_GNQ,FLAD_GQ_C,Province
SLAD_GQ_WN,Wele-Nzas,CTR_GNQ,FLAD_GQ_C,Province
SLAD_GW_BA,Bafatá,CTR_GNB,FLAD_GW_L,Region
SLAD_GW_BL,Bolama / Bijagós,CTR_GNB,FLAD_GW_S,Region
SLAD_GW_BM,Biombo,CTR_GNB,FLAD_GW_N,Region
SLAD_GW_CA,Cacheu,CTR_GNB,FLAD_GW_N,Region
SLAD_GW_GA,Gabú,CTR_GNB,FLAD_GW_L,Region
SLAD_GW_OI,Oio,CTR_GNB,FLAD_GW_N,Region
SLAD_GW_QU,Quinara,CTR_GNB,FLAD_GW_S,Region
SLAD_GW_TO,Tombali,CTR_GNB,FLAD_GW_S,Region
SLAD_ID_AC,Aceh,CTR_IDN,FLAD_ID_SM,Province
SLAD_ID_BA,Bali,CTR_IDN,FLAD_ID_NU,Province
SLAD_ID_BB,Kepulauan Bangka Belitung,CTR_IDN,FLAD_ID_SM,Province
SLAD_ID_BE,Bengkulu,CTR_IDN,FLAD_ID_SM,Province
SLAD_ID_BT,Banten,CTR_IDN,FLAD_ID_JW,Province
SLAD_ID_GO,Gorontalo,CTR_IDN,FLAD_ID_SL,Province
SLAD_ID_JA,Jambi,CTR_IDN,FLAD_ID_SM,Province
SLAD_ID_JB,Jawa Barat,CTR_IDN,FLAD_ID_JW,Province
SLAD_ID_JI,Jawa Timur,CTR_IDN,FLAD_ID_JW,Province
SLAD_ID_JK,Jakarta Raya,CTR_IDN,FLAD_ID_JW,Capital district
SLAD_ID_JT,Jawa Tengah,CTR_IDN,FLAD_ID_JW,Province
SLAD_ID_KB,Kalimantan Barat,CTR_IDN,FLAD_ID_KA,Province
SLAD_ID_KI,Kalimantan Timur,CTR_IDN,FLAD_ID_KA,Province
SLAD_ID_KR,Kepulauan Riau,CTR_IDN,FLAD_ID_SM,Province
SLAD_ID_KS,Kalimantan Selatan,CTR_IDN,FLAD_ID_KA,Province
SLAD_ID_KT,Kalimantan Tengah,CTR_IDN,FLAD_ID_KA,Province
SLAD_ID_KU,Kalimantan Utara,CTR_IDN,FLAD_ID_KA,Province
SLAD_ID_LA,Lampung,CTR_IDN,FLAD_ID_SM,Province
SLAD_ID_MA,Maluku,CTR_IDN,FLAD_ID_ML,Province
SLAD_ID_MU,Maluku Utara,CTR_IDN,FLAD_ID_ML,Province
SLAD_ID_NB,Nusa Tenggara Barat,CTR_IDN,FLAD_ID_NU,Province
SLAD_ID_NT,Nusa Tenggara Timur,CTR_IDN,FLAD_ID_NU,Province
SLAD_ID_PA,Papua,CTR_IDN,FLAD_ID_PP,Province
SLAD_ID_PB,Papua Barat,CTR_IDN,FLAD_ID_PP,Province
SLAD_ID_PD,Papua Barat Daya,CTR_IDN,FLAD_ID_PP,Province
SLAD_ID_PE,Papua Pengunungan,CTR_IDN,FLAD_ID_PP,Province
SLAD_ID_PS,Papua Selatan,CTR_IDN,FLAD_ID_PP,Province
SLAD_ID_PT,Papua Tengah,CTR_IDN,FLAD_ID_PP,Province
SLAD_ID_RI,Riau,CTR_IDN,FLAD_ID_SM,Province
SLAD_ID_SA,Sulawesi Utara,CTR_IDN,FLAD_ID_SL,Province
SLAD_ID_SB,Sumatera Barat,CTR_IDN,FLAD_ID_SM,Province
SLAD_ID_SG,Sulawesi Tenggara,CTR_IDN,FLAD_ID_SL,Province
SLAD_ID_SN,Sulawesi Selatan,CTR_IDN,FLAD_ID_SL,Province
SLAD_ID_SR,Sulawesi Barat,CTR_IDN,FLAD_ID_SL,Province
SLAD_ID_SS,Sumatera Selatan,CTR_IDN,FLAD_ID_SM,Province
SLAD_ID_ST,Sulawesi Tengah,CTR_IDN,FLAD_ID_SL,Province
SLAD_ID_SU,Sumatera Utara,CTR_IDN,FLAD_ID_SM,Province
SLAD_ID_YO,Yogyakarta,CTR_IDN,FLAD_ID_JW,Special region
SLAD_IE_CE,Clare,CTR_IRL,FLAD_IE_M,County
SLAD_IE_CN,Cavan,CTR_IRL,FLAD_IE_U,County
SLAD_IE_CO,Cork,CTR_IRL,FLAD_IE_M,County
SLAD_IE_CW,Carlow,CTR_IRL,FLAD_IE_L,County
SLAD_IE_D,Dublin,CTR_IRL,FLAD_IE_L,County
SLAD_IE_DL,Donegal,CTR_IRL,FLAD_IE_U,County
SLAD_IE_G,Galway,CTR_IRL,FLAD_IE_C,County
SLAD_IE_KE,Kildare,CTR_IRL,FLAD_IE_L,County
SLAD_IE_KK,Kilkenny,CTR_IRL,FLAD_IE_L,County
SLAD_IE_KY,Kerry,CTR_IRL,FLAD_IE_M,County
SLAD_IE_LD,Longford,CTR_IRL,FLAD_IE_L,County
SLAD_IE_LH,Louth,CTR_IRL,FLAD_IE_L,County
SLAD_IE_LK,Limerick,CTR_IRL,FLAD_IE_M,County
SLAD_IE_LM,Leitrim,CTR_IRL,FLAD_IE_C,County
SLAD_IE_LS,Laois,CTR_IRL,FLAD_IE_L,County
SLAD_IE_MH,Meath,CTR_IRL,FLAD_IE_L,County
SLAD_IE_MN,Monaghan,CTR_IRL,FLAD_IE_U,County
SLAD_IE_MO,Mayo,CTR_IRL,FLAD_IE_C,County
SLAD_IE_OY,Offaly,CTR_IRL,FLAD_IE_L,County
SLAD_IE_RN,Roscommon,CTR_IRL,FLAD_IE_C,County
SLAD_IE_SO,Sligo,CTR_IRL,FLAD_IE_C,County
SLAD_IE_TA,Tipperary,CTR_IRL,FLAD_IE_M,County
SLAD_IE_WD,Waterford,CTR_IRL,FLAD_IE_M,County
SLAD_IE_WH,Westmeath,CTR_IRL,FLAD_IE_L,County
SLAD_IE_WW,Wicklow,CTR_IRL,FLAD_IE_L,County
SLAD_IE_WX,Wexford,CTR_IRL,FLAD_IE_L,County
SLAD_IQ_AR,Arbīl,CTR_IRQ,FLAD_IQ_KR,Governorate
SLAD_IQ_DA,Dahūk,CTR_IRQ,FLAD_IQ_KR,Governorate
SLAD_IQ_SU,As Sulaymānīyah,CTR_IRQ,FLAD_IQ_KR,Governorate
SLAD_IS_AKN,Akraneskaupstaður,CTR_ISL,FLAD_IS_3,Municipality
SLAD_IS_AKU,Akureyrarbær,CTR_ISL,FLAD_IS_6,Municipality
SLAD_IS_ARN,Árneshreppur,CTR_ISL,FLAD_IS_4,Municipality
SLAD_IS_ASA,Ásahreppur,CTR_ISL,FLAD_IS_8,Municipality
SLAD_IS_BLA,Bláskógabyggð,CTR_ISL,FLAD_IS_8,Municipality
SLAD_IS_BOG,Borgarbyggð,CTR_ISL,FLAD_IS_3,Municipality
SLAD_IS_BOL,Bolungarvíkurkaupstaður,CTR_ISL,FLAD_IS_4,Municipality
SLAD_IS_DAB,Dalabyggð,CTR_ISL,FLAD_IS_3,Municipality
SLAD_IS_DAV,Dalvíkurbyggð,CTR_ISL,FLAD_IS_6,Municipality
SLAD_IS_EOM,Eyja- og Miklaholtshreppur,CTR_ISL,FLAD_IS_3,Municipality
SLAD_IS_EYF,Eyjafjarðarsveit,CTR_ISL,FLAD_IS_6,Municipality
SLAD_IS_FJD,Fjarðabyggð,CTR_ISL,FLAD_IS_7,Municipality
SLAD_IS_FJL,Fjallabyggð,CTR_ISL,FLAD_IS_6,Municipality
SLAD_IS_FLA,Flóahreppur,CTR_ISL,FLAD_IS_8,Municipality
SLAD_IS_FLR,Fljótsdalshreppur,CTR_ISL,FLAD_IS_7,Municipality
SLAD_IS_GAR,Garðabær,CTR_ISL,FLAD_IS_1,Municipality
SLAD_IS_GOG,Grímsnes- og Grafningshreppur,CTR_ISL,FLAD_IS_8,Municipality
SLAD_IS_GRN,Grindavíkurbær,CTR_ISL,FLAD_IS_2,Municipality
SLAD_IS_GRU,Grundarfjarðarbær,CTR_ISL,FLAD_IS_3,Municipality
SLAD_IS_GRY,Grýtubakkahreppur,CTR_ISL,FLAD_IS_6,Municipality
SLAD_IS_HAF,Hafnarfjarðarkaupstaður,CTR_ISL,FLAD_IS_1,Municipality
SLAD_IS_HRG,Hörgársveit,CTR_ISL,FLAD_IS_6,Municipality
SLAD_IS_HRU,Hrunamannahreppur,CTR_ISL,FLAD_IS_8,Municipality
SLAD_IS_HUG,Húnabyggð,CTR_ISL,FLAD_IS_5,Municipality
SLAD_IS_HUV,Húnaþing vestra,CTR_ISL,FLAD_IS_5,Municipality
SLAD_IS_HVA,Hvalfjarðarsveit,CTR_ISL,FLAD_IS_3,Municipality
SLAD_IS_HVE,Hveragerðisbær,CTR_ISL,FLAD_IS_8,Municipality
SLAD_IS_ISA,Ísafjarðarbær,CTR_ISL,FLAD_IS_4,Municipality
SLAD_IS_KAL,Kaldrananeshreppur,CTR_ISL,FLAD_IS_4,Municipality
SLAD_IS_KJO,Kjósarhreppur,CTR_ISL,FLAD_IS_1,Municipality
SLAD_IS_KOP,Kópavogsbær,CTR_ISL,FLAD_IS_1,Municipality
SLAD_IS_LAN,Langanesbyggð,CTR_ISL,FLAD_IS_6,Municipality
SLAD_IS_MOS,Mosfellsbær,CTR_ISL,FLAD_IS_1,Municipality
SLAD_IS_MUL,Múlaþing,CTR_ISL,FLAD_IS_7,Municipality
SLAD_IS_MYR,Mýrdalshreppur,CTR_ISL,FLAD_IS_8,Municipality
SLAD_IS_NOR,Norðurþing,CTR_ISL,FLAD_IS_6,Municipality
SLAD_IS_RGE,Rangárþing eystra,CTR_ISL,FLAD_IS_8,Municipality
SLAD_IS_RGY,Rangárþing ytra,CTR_ISL,FLAD_IS_8,Municipality
SLAD_IS_RHH,Reykhólahreppur,CTR_ISL,FLAD_IS_4,Municipality
SLAD_IS_RKN,Reykjanesbær,CTR_ISL,FLAD_IS_2,Municipality
SLAD_IS_RKV,Reykjavíkurborg,CTR_ISL,FLAD_IS_1,Municipality
SLAD_IS_SBT,Svalbarðsstrandarhreppur,CTR_ISL,FLAD_IS_6,Municipality
SLAD_IS_SDN,Suðurnesjabær,CTR_ISL,FLAD_IS_2,Municipality
SLAD_IS_SDV,Súðavíkurhreppur,CTR_ISL,FLAD_IS_4,Municipality
SLAD_IS_SEL,Seltjarnarnesbær,CTR_ISL,FLAD_IS_1,Municipality
SLAD_IS_SFA,Sveitarfélagið Árborg,CTR_ISL,FLAD_IS_8,Municipality
SLAD_IS_SHF,Sveitarfélagið Hornafjörður,CTR_ISL,FLAD_IS_7,Municipality
SLAD_IS_SKF,Skaftárhreppur,CTR_ISL,FLAD_IS_8,Municipality
SLAD_IS_SKG,Skagabyggð,CTR_ISL,FLAD_IS_5,Municipality
SLAD_IS_SKO,Skorradalshreppur,CTR_ISL,FLAD_IS_3,Municipality
SLAD_IS_SKR,Skagafjörður,CTR_ISL,FLAD_IS_5,Municipality
SLAD_IS_SNF,Snæfellsbær,CTR_ISL,FLAD_IS_3,Municipality
SLAD_IS_SOG,Skeiða- og Gnúpverjahreppur,CTR_ISL,FLAD_IS_8,Municipality
SLAD_IS_SOL,Sveitarfélagið Ölfus,CTR_ISL,FLAD_IS_8,Municipality
SLAD_IS_SSS,Sveitarfélagið Skagaströnd,CTR_ISL,FLAD_IS_5,Municipality
SLAD_IS_STR,Strandabyggð,CTR_ISL,FLAD_IS_4,Municipality
SLAD_IS_STY,Stykkishólmsbær,CTR_ISL,FLAD_IS_3,Municipality
SLAD_IS_SVG,Sveitarfélagið Vogar,CTR_ISL,FLAD_IS_2,Municipality
SLAD_IS_TAL,Tálknafjarðarhreppur,CTR_ISL,FLAD_IS_4,Municipality
SLAD_IS_THG,Þingeyjarsveit,CTR_ISL,FLAD_IS_6,Municipality
SLAD_IS_TJO,Tjörneshreppur,CTR_ISL,FLAD_IS_6,Municipality
SLAD_IS_VEM,Vestmannaeyjabær,CTR_ISL,FLAD_IS_8,Municipality
SLAD_IS_VER,Vesturbyggð,CTR_ISL,FLAD_IS_4,Municipality
SLAD_IS_VOP,Vopnafjarðarhreppur,CTR_ISL,FLAD_IS_7,Municipality
SLAD_IT_AG,Agrigento,CTR_ITA,FLAD_IT_82,Free municipal consortium
SLAD_IT_AL,Alessandria,CTR_ITA,FLAD_IT_21,Province
SLAD_IT_AN,Ancona,CTR_ITA,FLAD_IT_57,Province
SLAD_IT_AP,Ascoli Piceno,CTR_ITA,FLAD_IT_57,Province
SLAD_IT_AQ,L'Aquila,CTR_ITA,FLAD_IT_65,Province
SLAD_IT_AR,Arezzo,CTR_ITA,FLAD_IT_52,Province
SLAD_IT_AT,Asti,CTR_ITA,FLAD_IT_21,Province
SLAD_IT_AV,Avellino,CTR_ITA,FLAD_IT_72,Province
SLAD_IT_BA,Bari,CTR_ITA,FLAD_IT_75,Metropolitan city
SLAD_IT_BG,Bergamo,CTR_ITA,FLAD_IT_25,Province
SLAD_IT_BI,Biella,CTR_ITA,FLAD_IT_21,Province
SLAD_IT_BL,Belluno,CTR_ITA,FLAD_IT_34,Province
SLAD_IT_BN,Benevento,CTR_ITA,FLAD_IT_72,Province
SLAD_IT_BO,Bologna,CTR_ITA,FLAD_IT_45,Metropolitan city
SLAD_IT_BR,Brindisi,CTR_ITA,FLAD_IT_75,Province
SLAD_IT_BS,Brescia,CTR_ITA,FLAD_IT_25,Province
SLAD_IT_BT,Barletta-Andria-Trani,CTR_ITA,FLAD_IT_75,Province
SLAD_IT_BZ,Bolzano,CTR_ITA,FLAD_IT_32,Autonomous province
SLAD_IT_CA,Cagliari,CTR_ITA,FLAD_IT_88,Metropolitan city
SLAD_IT_CB,Campobasso,CTR_ITA,FLAD_IT_67,Province
SLAD_IT_CE,Caserta,CTR_ITA,FLAD_IT_72,Province
SLAD_IT_CH,Chieti,CTR_ITA,FLAD_IT_65,Province
SLAD_IT_CL,Caltanissetta,CTR_ITA,FLAD_IT_82,Free municipal consortium
SLAD_IT_CN,Cuneo,CTR_ITA,FLAD_IT_21,Province
SLAD_IT_CO,Como,CTR_ITA,FLAD_IT_25,Province
SLAD_IT_CR,Cremona,CTR_ITA,FLAD_IT_25,Province
SLAD_IT_CS,Cosenza,CTR_ITA,FLAD_IT_78,Province
SLAD_IT_CT,Catania,CTR_ITA,FLAD_IT_82,Metropolitan city
SLAD_IT_CZ,Catanzaro,CTR_ITA,FLAD_IT_78,Province
SLAD_IT_EN,Enna,CTR_ITA,FLAD_IT_82,Free municipal consortium
SLAD_IT_FC,Forlì-Cesena,CTR_ITA,FLAD_IT_45,Province
SLAD_IT_FE,Ferrara,CTR_ITA,FLAD_IT_45,Province
SLAD_IT_FG,Foggia,CTR_ITA,FLAD_IT_75,Province
SLAD_IT_FI,Firenze,CTR_ITA,FLAD_IT_52,Metropolitan city
SLAD_IT_FM,Fermo,CTR_ITA,FLAD_IT_57,Province
SLAD_IT_FR,Frosinone,CTR_ITA,FLAD_IT_62,Province
SLAD_IT_GE,Genova,CTR_ITA,FLAD_IT_42,Metropolitan city
SLAD_IT_GO,Gorizia,CTR_ITA,FLAD_IT_36,Decentralized regional entity
SLAD_IT_GR,Grosseto,CTR_ITA,FLAD_IT_52,Province
SLAD_IT_IM,Imperia,CTR_ITA,FLAD_IT_42,Province
SLAD_IT_IS,Isernia,CTR_ITA,FLAD_IT_67,Province
SLAD_IT_KR,Crotone,CTR_ITA,FLAD_IT_78,Province
SLAD_IT_LC,Lecco,CTR_ITA,FLAD_IT_25,Province
SLAD_IT_LE,Lecce,CTR_ITA,FLAD_IT_75,Province
SLAD_IT_LI,Livorno,CTR_ITA,FLAD_IT_52,Province
SLAD_IT_LO,Lodi,CTR_ITA,FLAD_IT_25,Province
SLAD_IT_LT,Latina,CTR_ITA,FLAD_IT_62,Province
SLAD_IT_LU,Lucca,CTR_ITA,FLAD_IT_52,Province
SLAD_IT_MB,Monza e Brianza,CTR_ITA,FLAD_IT_25,Province
SLAD_IT_MC,Macerata,CTR_ITA,FLAD_IT_57,Province
SLAD_IT_ME,Messina,CTR_ITA,FLAD_IT_82,Metropolitan city
SLAD_IT_MI,Milano,CTR_ITA,FLAD_IT_25,Metropolitan city
SLAD_IT_MN,Mantova,CTR_ITA,FLAD_IT_25,Province
SLAD_IT_MO,Modena,CTR_ITA,FLAD_IT_45,Province
SLAD_IT_MS,Massa-Carrara,CTR_ITA,FLAD_IT_52,Province
SLAD_IT_MT,Matera,CTR_ITA,FLAD_IT_77,Province
SLAD_IT_NA,Napoli,CTR_ITA,FLAD_IT_72,Metropolitan city
SLAD_IT_NO,Novara,CTR_ITA,FLAD_IT_21,Province
SLAD_IT_NU,Nuoro,CTR_ITA,FLAD_IT_88,Province
SLAD_IT_OR,Oristano,CTR_ITA,FLAD_IT_88,Province
SLAD_IT_PA,Palermo,CTR_ITA,FLAD_IT_82,Metropolitan city
SLAD_IT_PC,Piacenza,CTR_ITA,FLAD_IT_45,Province
SLAD_IT_PD,Padova,CTR_ITA,FLAD_IT_34,Province
SLAD_IT_PE,Pescara,CTR_ITA,FLAD_IT_65,Province
SLAD_IT_PG,Perugia,CTR_ITA,FLAD_IT_55,Province
SLAD_IT_PI,Pisa,CTR_ITA,FLAD_IT_52,Province
SLAD_IT_PN,Pordenone,CTR_ITA,FLAD_IT_36,Decentralized regional entity
SLAD_IT_PO,Prato,CTR_ITA,FLAD_IT_52,Province
SLAD_IT_PR,Parma,CTR_ITA,FLAD_IT_45,Province
SLAD_IT_PT,Pistoia,CTR_ITA,FLAD_IT_52,Province
SLAD_IT_PU,Pesaro e Urbino,CTR_ITA,FLAD_IT_57,Province
SLAD_IT_PV,Pavia,CTR_ITA,FLAD_IT_25,Province
SLAD_IT_PZ,Potenza,CTR_ITA,FLAD_IT_77,Province
SLAD_IT_RA,Ravenna,CTR_ITA,FLAD_IT_45,Province
SLAD_IT_RC,Reggio Calabria,CTR_ITA,FLAD_IT_78,Metropolitan city
SLAD_IT_RE,Reggio Emilia,CTR_ITA,FLAD_IT_45,Province
SLAD_IT_RG,Ragusa,CTR_ITA,FLAD_IT_82,Free municipal consortium
SLAD_IT_RI,Rieti,CTR_ITA,FLAD_IT_62,Province
SLAD_IT_RM,Roma,CTR_ITA,FLAD_IT_62,Metropolitan city
SLAD_IT_RN,Rimini,CTR_ITA,FLAD_IT_45,Province
SLAD_IT_RO,Rovigo,CTR_ITA,FLAD_IT_34,Province
SLAD_IT_SA,Salerno,CTR_ITA,FLAD_IT_72,Province
SLAD_IT_SI,Siena,CTR_ITA,FLAD_IT_52,Province
SLAD_IT_SO,Sondrio,CTR_ITA,FLAD_IT_25,Province
SLAD_IT_SP,La Spezia,CTR_ITA,FLAD_IT_42,Province
SLAD_IT_SR,Siracusa,CTR_ITA,FLAD_IT_82,Free municipal consortium
SLAD_IT_SS,Sassari,CTR_ITA,FLAD_IT_88,Province
SLAD_IT_SU,Sud Sardegna,CTR_ITA,FLAD_IT_88,Province
SLAD_IT_SV,Savona,CTR_ITA,FLAD_IT_42,Province
SLAD_IT_TA,Taranto,CTR_ITA,FLAD_IT_75,Province
SLAD_IT_TE,Teramo,CTR_ITA,FLAD_IT_65,Province
SLAD_IT_TN,Trento,CTR_ITA,FLAD_IT_32,Autonomous province
SLAD_IT_TO,Torino,CTR_ITA,FLAD_IT_21,Metropolitan city
SLAD_IT_TP,Trapani,CTR_ITA,FLAD_IT_82,Free municipal consortium
SLAD_IT_TR,Terni,CTR_ITA,FLAD_IT_55,Province
SLAD_IT_TS,Trieste,CTR_ITA,FLAD_IT_36,Decentralized regional entity
SLAD_IT_TV,Treviso,CTR_ITA,FLAD_IT_34,Province
SLAD_IT_UD,Udine,CTR_ITA,FLAD_IT_36,Decentralized regional entity
SLAD_IT_VA,Varese,CTR_ITA,FLAD_IT_25,Province
SLAD_IT_VB,Verbano-Cusio-Ossola,CTR_ITA,FLAD_IT_21,Province
SLAD_IT_VC,Vercelli,CTR_ITA,FLAD_IT_21,Province
SLAD_IT_VE,Venezia,CTR_ITA,FLAD_IT_34,Metropolitan city
SLAD_IT_VI,Vicenza,CTR_ITA,FLAD_IT_34,Province
SLAD_IT_VR,Verona,CTR_ITA,FLAD_IT_34,Province
SLAD_IT_VT,Viterbo,CTR_ITA,FLAD_IT_62,Province
SLAD_IT_VV,Vibo Valentia,CTR_ITA,FLAD_IT_78,Province
SLAD_KN_01,Christ Church Nichola Town,CTR_KNA,FLAD_KN_K,Parish
SLAD_KN_02,Saint Anne Sandy Point,CTR_KNA,FLAD_KN_K,Parish
SLAD_KN_03,Saint George Basseterre,CTR_KNA,FLAD_KN_K,Parish
SLAD_KN_04,Saint George Gingerland,CTR_KNA,FLAD_KN_N,Parish
SLAD_KN_05,Saint James Windward,CTR_KNA,FLAD_KN_N,Parish
SLAD_KN_06,Saint John Capisterre,CTR_KNA,FLAD_KN_K,Parish
SLAD_KN_07,Saint John Figtree,CTR_KNA,FLAD_KN_N,Parish
SLAD_KN_08,Saint Mary Cayon,CTR_KNA,FLAD_KN_K,Parish
SLAD_KN_09,Saint Paul Capisterre,CTR_KNA,FLAD_KN_K,Parish
SLAD_KN_10,Saint Paul Charlestown,CTR_KNA,FLAD_KN_N,Parish
SLAD_KN_11,Saint Peter Basseterre,CTR_KNA,FLAD_KN_K,Parish
SLAD_KN_12,Saint Thomas Lowland,CTR_KNA,FLAD_KN_N,Parish
SLAD_KN_13,Saint Thomas Middle Island,CTR_KNA,FLAD_KN_K,Parish
SLAD_KN_15,Trinity Palmetto Point,CTR_KNA,FLAD_KN_K,Parish
SLAD_LK_11,Colombo,CTR_LKA,FLAD_LK_1,District
SLAD_LK_12,Gampaha,CTR_LKA,FLAD_LK_1,District
SLAD_LK_13,Kalutara,CTR_LKA,FLAD_LK_1,District
SLAD_LK_21,Kandy,CTR_LKA,FLAD_LK_2,District
SLAD_LK_22,Matale,CTR_LKA,FLAD_LK_2,District
SLAD_LK_23,Nuwara Eliya,CTR_LKA,FLAD_LK_2,District
SLAD_LK_31,Galle,CTR_LKA,FLAD_LK_3,District
SLAD_LK_32,Matara,CTR_LKA,FLAD_LK_3,District
SLAD_LK_33,Hambantota,CTR_LKA,FLAD_LK_3,District
SLAD_LK_41,Jaffna,CTR_LKA,FLAD_LK_4,District
SLAD_LK_42,Kilinochchi,CTR_LKA,FLAD_LK_4,District
SLAD_LK_43,Mannar,CTR_LKA,FLAD_LK_4,District
SLAD_LK_44,Vavuniya,CTR_LKA,FLAD_LK_4,District
SLAD_LK_45,Mullaittivu,CTR_LKA,FLAD_LK_4,District
SLAD_LK_51,Batticaloa,CTR_LKA,FLAD_LK_5,District
SLAD_LK_52,Ampara,CTR_LKA,FLAD_LK_5,District
SLAD_LK_53,Trincomalee,CTR_LKA,FLAD_LK_5,District
SLAD_LK_61,Kurunegala,CTR_LKA,FLAD_LK_6,District
SLAD_LK_62,Puttalam,CTR_LKA,FLAD_LK_6,District
SLAD_LK_71,Anuradhapura,CTR_LKA,FLAD_LK_7,District
SLAD_LK_72,Polonnaruwa,CTR_LKA,FLAD_LK_7,District
SLAD_LK_81,Badulla,CTR_LKA,FLAD_LK_8,District
SLAD_LK_82,Monaragala,CTR_LKA,FLAD_LK_8,District
SLAD_LK_91,Ratnapura,CTR_LKA,FLAD_LK_9,District
SLAD_LK_92,Kegalla,CTR_LKA,FLAD_LK_9,District
SLAD_LT_01,Akmenė,CTR_LTU,FLAD_LT_SA,District municipality
SLAD_LT_02,Alytaus miestas,CTR_LTU,FLAD_LT_AL,City municipality
SLAD_LT_03,Alytus,CTR_LTU,FLAD_LT_AL,District municipality
SLAD_LT_04,Anykščiai,CTR_LTU,FLAD_LT_UT,District municipality
SLAD_LT_05,Birštonas,CTR_LTU,FLAD_LT_KU,Municipality
SLAD_LT_06,Biržai,CTR_LTU,FLAD_LT_PN,District municipality
SLAD_LT_07,Druskininkai,CTR_LTU,FLAD_LT_AL,Municipality
SLAD_LT_08,Elektrėnai,CTR_LTU,FLAD_LT_VL,Municipality
SLAD_LT_09,Ignalina,CTR_LTU,FLAD_LT_UT,District municipality
SLAD_LT_10,Jonava,CTR_LTU,FLAD_LT_KU,District municipality
SLAD_LT_11,Joniškis,CTR_LTU,FLAD_LT_SA,District municipality
SLAD_LT_12,Jurbarkas,CTR_LTU,FLAD_LT_TA,District municipality
SLAD_LT_13,Kaišiadorys,CTR_LTU,FLAD_LT_KU,District municipality
SLAD_LT_14,Kalvarija,CTR_LTU,FLAD_LT_MR,Municipality
SLAD_LT_15,Kauno miestas,CTR_LTU,FLAD_LT_KU,City municipality
SLAD_LT_16,Kaunas,CTR_LTU,FLAD_LT_KU,District municipality
SLAD_LT_17,Kazlų Rūdos,CTR_LTU,FLAD_LT_MR,Municipality
SLAD_LT_18,Kėdainiai,CTR_LTU,FLAD_LT_KU,District municipality
SLAD_LT_19,Kelmė,CTR_LTU,FLAD_LT_SA,District municipality
SLAD_LT_20,Klaipėdos miestas,CTR_LTU,FLAD_LT_KL,City municipality
SLAD_LT_21,Klaipėda,CTR_LTU,FLAD_LT_KL,District municipality
SLAD_LT_22,Kretinga,CTR_LTU,FLAD_LT_KL,District municipality
SLAD_LT_23,Kupiškis,CTR_LTU,FLAD_LT_PN,District municipality
SLAD_LT_24,Lazdijai,CTR_LTU,FLAD_LT_AL,District municipality
SLAD_LT_25,Marijampolė,CTR_LTU,FLAD_LT_MR,District municipality
SLAD_LT_26,Mažeikiai,CTR_LTU,FLAD_LT_TE,District municipality
SLAD_LT_27,Molėtai,CTR_LTU,FLAD_LT_UT,District municipality
SLAD_LT_28,Neringa,CTR_LTU,FLAD_LT_KL,Municipality
SLAD_LT_29,Pagėgiai,CTR_LTU,FLAD_LT_TA,Municipality
SLAD_LT_30,Pakruojis,CTR_LTU,FLAD_LT_SA,District municipality
SLAD_LT_31,Palangos miestas,CTR_LTU,FLAD_LT_KL,City municipality
SLAD_LT_32,Panevėžio miestas,CTR_LTU,FLAD_LT_PN,City municipality
SLAD_LT_33,Panevėžys,CTR_LTU,FLAD_LT_PN,District municipality
SLAD_LT_34,Pasvalys,CTR_LTU,FLAD_LT_PN,District municipality
SLAD_LT_35,Plungė,CTR_LTU,FLAD_LT_TE,District municipality
SLAD_LT_36,Prienai,CTR_LTU,FLAD_LT_KU,District municipality
SLAD_LT_37,Radviliškis,CTR_LTU,FLAD_LT_SA,District municipality
SLAD_LT_38,Raseiniai,CTR_LTU,FLAD_LT_KU,District municipality
SLAD_LT_39,Rietavas,CTR_LTU,FLAD_LT_TE,Municipality
SLAD_LT_40,Rokiškis,CTR_LTU,FLAD_LT_PN,District municipality
SLAD_LT_41,Šakiai,CTR_LTU,FLAD_LT_MR,District municipality
SLAD_LT_42,Šalčininkai,CTR_LTU,FLAD_LT_VL,District municipality
SLAD_LT_43,Šiaulių miestas,CTR_LTU,FLAD_LT_SA,City municipality
SLAD_LT_44,Šiauliai,CTR_LTU,FLAD_LT_SA,District municipality
SLAD_LT_45,Šilalė,CTR_LTU,FLAD_LT_TA,District municipality
SLAD_LT_46,Šilutė,CTR_LTU,FLAD_LT_KL,District municipality
SLAD_LT_47,Širvintos,CTR_LTU,FLAD_LT_VL,District municipality
SLAD_LT_48,Skuodas,CTR_LTU,FLAD_LT_KL,District municipality
SLAD_LT_49,Švenčionys,CTR_LTU,FLAD_LT_VL,District municipality
SLAD_LT_50,Tauragė,CTR_LTU,FLAD_LT_TA,District municipality
SLAD_LT_51,Telšiai,CTR_LTU,FLAD_LT_TE,District municipality
SLAD_LT_52,Trakai,CTR_LTU,FLAD_LT_VL,District municipality
SLAD_LT_53,Ukmergė,CTR_LTU,FLAD_LT_VL,District municipality
SLAD_LT_54,Utena,CTR_LTU,FLAD_LT_UT,District municipality
SLAD_LT_55,Varėna,CTR_LTU,FLAD_LT_AL,District municipality
SLAD_LT_56,Vilkaviškis,CTR_LTU,FLAD_LT_MR,District municipality
SLAD_LT_57,Vilniaus miestas,CTR_LTU,FLAD_LT_VL,City municipality
SLAD_LT_58,Vilnius,CTR_LTU,FLAD_LT_VL,District municipality
SLAD_LT_59,Visaginas,CTR_LTU,FLAD_LT_UT,Municipality
SLAD_LT_60,Zarasai,CTR_LTU,FLAD_LT_UT,District municipality
SLAD_MA_AGD,Agadir-Ida-Ou-Tanane,CTR_MAR,FLAD_MA_09,Prefecture
SLAD_MA_AOU,Aousserd (EH),CTR_MAR,FLAD_MA_12,Province
SLAD_MA_ASZ,Assa-Zag (EH-partial),CTR_MAR,FLAD_MA_10,Province
SLAD_MA_AZI,Azilal,CTR_MAR,FLAD_MA_05,Province
SLAD_MA_BEM,Béni Mellal,CTR_MAR,FLAD_MA_05,Province
SLAD_MA_BER,Berkane,CTR_MAR,FLAD_MA_02,Province
SLAD_MA_BES,Benslimane,CTR_MAR,FLAD_MA_06,Province
SLAD_MA_BOD,Boujdour (EH),CTR_MAR,FLAD_MA_11,Province
SLAD_MA_BOM,Boulemane,CTR_MAR,FLAD_MA_03,Province
SLAD_MA_BRR,Berrechid,CTR_MAR,FLAD_MA_06,Province
SLAD_MA_CAS,Casablanca,CTR_MAR,FLAD_MA_06,Prefecture
SLAD_MA_CHE,Chefchaouen,CTR_MAR,FLAD_MA_01,Province
SLAD_MA_CHI,Chichaoua,CTR_MAR,FLAD_MA_07,Province
SLAD_MA_CHT,Chtouka-Ait Baha,CTR_MAR,FLAD_MA_06,Province
SLAD_MA_DRI,Driouch,CTR_MAR,FLAD_MA_02,Province
SLAD_MA_ERR,Errachidia,CTR_MAR,FLAD_MA_08,Province
SLAD_MA_ESI,Essaouira,CTR_MAR,FLAD_MA_07,Province
SLAD_MA_ESM,Es-Semara (EH-partial),CTR_MAR,FLAD_MA_11,Province
SLAD_MA_FAH,Fahs-Anjra,CTR_MAR,FLAD_MA_01,Province
SLAD_MA_FES,Fès,CTR_MAR,FLAD_MA_03,Prefecture
SLAD_MA_FIG,Figuig,CTR_MAR,FLAD_MA_02,Province
SLAD_MA_FQH,Fquih Ben Salah,CTR_MAR,FLAD_MA_05,Province
SLAD_MA_GUE,Guelmim,CTR_MAR,FLAD_MA_10,Province
SLAD_MA_GUF,Guercif,CTR_MAR,FLAD_MA_02,Province
SLAD_MA_HAJ,El Hajeb,CTR_MAR,FLAD_MA_03,Province
SLAD_MA_HAO,Al Haouz,CTR_MAR,FLAD_MA_07,Province
SLAD_MA_HOC,Al Hoceïma,CTR_MAR,FLAD_MA_01,Province
SLAD_MA_IFR,Ifrane,CTR_MAR,FLAD_MA_03,Province
SLAD_MA_INE,Inezgane-Ait Melloul,CTR_MAR,FLAD_MA_09,Prefecture
SLAD_MA_JDI,El Jadida,CTR_MAR,FLAD_MA_06,Province
SLAD_MA_JRA,Jerada,CTR_MAR,FLAD_MA_02,Province
SLAD_MA_KEN,Kénitra,CTR_MAR,FLAD_MA_04,Province
SLAD_MA_KES,El Kelâa des Sraghna,CTR_MAR,FLAD_MA_07,Province
SLAD_MA_KHE,Khémisset,CTR_MAR,FLAD_MA_04,Province
SLAD_MA_KHN,Khénifra,CTR_MAR,FLAD_MA_05,Province
SLAD_MA_KHO,Khouribga,CTR_MAR,FLAD_MA_05,Province
SLAD_MA_LAA,Laâyoune (EH),CTR_MAR,FLAD_MA_11,Province
SLAD_MA_LAR,Larache,CTR_MAR,FLAD_MA_01,Province
SLAD_MA_MAR,Marrakech,CTR_MAR,FLAD_MA_07,Prefecture
SLAD_MA_MDF,M’diq-Fnideq,CTR_MAR,FLAD_MA_01,Prefecture
SLAD_MA_MED,Médiouna,CTR_MAR,FLAD_MA_06,Province
SLAD_MA_MEK,Meknès,CTR_MAR,FLAD_MA_03,Prefecture
SLAD_MA_MID,Midelt,CTR_MAR,FLAD_MA_08,Province
SLAD_MA_MOH,Mohammadia,CTR_MAR,FLAD_MA_06,Prefecture
SLAD_MA_MOU,Moulay Yacoub,CTR_MAR,FLAD_MA_03,Province
SLAD_MA_NAD,Nador,CTR_MAR,FLAD_MA_02,Province
SLAD_MA_NOU,Nouaceur,CTR_MAR,FLAD_MA_04,Province
SLAD_MA_OUA,Ouarzazate,CTR_MAR,FLAD_MA_08,Province
SLAD_MA_OUD,Oued Ed-Dahab (EH),CTR_MAR,FLAD_MA_12,Province
SLAD_MA_OUJ,Oujda-Angad,CTR_MAR,FLAD_MA_02,Prefecture
SLAD_MA_OUZ,Ouezzane,CTR_MAR,FLAD_MA_01,Province
SLAD_MA_RAB,Rabat,CTR_MAR,FLAD_MA_04,Prefecture
SLAD_MA_REH,Rehamna,CTR_MAR,FLAD_MA_07,Province
SLAD_MA_SAF,Safi,CTR_MAR,FLAD_MA_07,Province
SLAD_MA_SAL,Salé,CTR_MAR,FLAD_MA_04,Prefecture
SLAD_MA_SEF,Sefrou,CTR_MAR,FLAD_MA_03,Province
SLAD_MA_SET,Settat,CTR_MAR,FLAD_MA_06,Province
SLAD_MA_SIB,Sidi Bennour,CTR_MAR,FLAD_MA_06,Province
SLAD_MA_SIF,Sidi Ifni,CTR_MAR,FLAD_MA_10,Province
SLAD_MA_SIK,Sidi Kacem,CTR_MAR,FLAD_MA_04,Province
SLAD_MA_SIL,Sidi Slimane,CTR_MAR,FLAD_MA_04,Province
SLAD_MA_SKH,Skhirate-Témara,CTR_MAR,FLAD_MA_04,Prefecture
SLAD_MA_TAF,Tarfaya (EH-partial),CTR_MAR,FLAD_MA_11,Province
SLAD_MA_TAI,Taourirt,CTR_MAR,FLAD_MA_02,Province
SLAD_MA_TAO,Taounate,CTR_MAR,FLAD_MA_03,Province
SLAD_MA_TAR,Taroudannt,CTR_MAR,FLAD_MA_09,Province
SLAD_MA_TAT,Tata,CTR_MAR,FLAD_MA_09,Province
SLAD_MA_TAZ,Taza,CTR_MAR,FLAD_MA_03,Province
SLAD_MA_TET,Tétouan,CTR_MAR,FLAD_MA_01,Province
SLAD_MA_TIN,Tinghir,CTR_MAR,FLAD_MA_08,Province
SLAD_MA_TIZ,Tiznit,CTR_MAR,FLAD_MA_09,Province
SLAD_MA_TNG,Tanger-Assilah,CTR_MAR,FLAD_MA_01,Prefecture
SLAD_MA_TNT,Tan-Tan (EH-partial),CTR_MAR,FLAD_MA_10,Province
SLAD_MA_YUS,Youssoufia,CTR_MAR,FLAD_MA_07,Province
SLAD_MA_ZAG,Zagora,CTR_MAR,FLAD_MA_08,Province
SLAD_MH_ALK,Ailuk,CTR_MHL,FLAD_MH_T,Municipality
SLAD_MH_ALL,Ailinglaplap,CTR_MHL,FLAD_MH_L,Municipality
SLAD_MH_ARN,Arno,CTR_MHL,FLAD_MH_T,Municipality
SLAD_MH_AUR,Aur,CTR_MHL,FLAD_MH_T,Municipality
SLAD_MH_EBO,Ebon,CTR_MHL,FLAD_MH_L,Municipality
SLAD_MH_ENI,Enewetak & Ujelang,CTR_MHL,FLAD_MH_L,Municipality
SLAD_MH_JAB,Jabat,CTR_MHL,FLAD_MH_L,Municipality
SLAD_MH_JAL,Jaluit,CTR_MHL,FLAD_MH_L,Municipality
SLAD_MH_KIL,Bikini & Kili,CTR_MHL,FLAD_MH_L,Municipality
SLAD_MH_KWA,Kwajalein,CTR_MHL,FLAD_MH_L,Municipality
SLAD_MH_LAE,Lae,CTR_MHL,FLAD_MH_L,Municipality
SLAD_MH_LIB,Lib,CTR_MHL,FLAD_MH_L,Municipality
SLAD_MH_LIK,Likiep,CTR_MHL,FLAD_MH_T,Municipality
SLAD_MH_MAJ,Majuro,CTR_MHL,FLAD_MH_T,Municipality
SLAD_MH_MAL,Maloelap,CTR_MHL,FLAD_MH_T,Municipality
SLAD_MH_MEJ,Mejit,CTR_MHL,FLAD_MH_T,Municipality
SLAD_MH_MIL,Mili,CTR_MHL,FLAD_MH_T,Municipality
SLAD_MH_NMK,Namdrik,CTR_MHL,FLAD_MH_L,Municipality
SLAD_MH_NMU,Namu,CTR_MHL,FLAD_MH_L,Municipality
SLAD_MH_RON,Rongelap,CTR_MHL,FLAD_MH_L,Municipality
SLAD_MH_UJA,Ujae,CTR_MHL,FLAD_MH_L,Municipality
SLAD_MH_UTI,Utrik,CTR_MHL,FLAD_MH_T,Municipality
SLAD_MH_WTH,Wotho,CTR_MHL,FLAD_MH_L,Municipality
SLAD_MH_WTJ,Wotje,CTR_MHL,FLAD_MH_T,Municipality
SLAD_MW_BA,Balaka,CTR_MWI,FLAD_MW_S,District
SLAD_MW_BL,Blantyre,CTR_MWI,FLAD_MW_S,District
SLAD_MW_CK,Chikwawa,CTR_MWI,FLAD_MW_S,District
SLAD_MW_CR,Chiradzulu,CTR_MWI,FLAD_MW_S,District
SLAD_MW_CT,Chitipa,CTR_MWI,FLAD_MW_N,District
SLAD_MW_DE,Dedza,CTR_MWI,FLAD_MW_C,District
SLAD_MW_DO,Dowa,CTR_MWI,FLAD_MW_C,District
SLAD_MW_KR,Karonga,CTR_MWI,FLAD_MW_N,District
SLAD_MW_KS,Kasungu,CTR_MWI,FLAD_MW_C,District
SLAD_MW_LI,Lilongwe,CTR_MWI,FLAD_MW_C,District
SLAD_MW_LK,Likoma,CTR_MWI,FLAD_MW_N,District
SLAD_MW_MC,Mchinji,CTR_MWI,FLAD_MW_C,District
SLAD_MW_MG,Mangochi,CTR_MWI,FLAD_MW_S,District
SLAD_MW_MH,Machinga,CTR_MWI,FLAD_MW_S,District
SLAD_MW_MU,Mulanje,CTR_MWI,FLAD_MW_S,District
SLAD_MW_MW,Mwanza,CTR_MWI,FLAD_MW_S,District
SLAD_MW_MZ,Mzimba,CTR_MWI,FLAD_MW_N,District
SLAD_MW_NB,Nkhata Bay,CTR_MWI,FLAD_MW_N,District
SLAD_MW_NE,Neno,CTR_MWI,FLAD_MW_S,District
SLAD_MW_NI,Ntchisi,CTR_MWI,FLAD_MW_C,District
SLAD_MW_NK,Nkhotakota,CTR_MWI,FLAD_MW_C,District
SLAD_MW_NS,Nsanje,CTR_MWI,FLAD_MW_S,District
SLAD_MW_NU,Ntcheu,CTR_MWI,FLAD_MW_C,District
SLAD_MW_PH,Phalombe,CTR_MWI,FLAD_MW_S,District
SLAD_MW_RU,Rumphi,CTR_MWI,FLAD_MW_N,District
SLAD_MW_SA,Salima,CTR_MWI,FLAD_MW_C,District
SLAD_MW_TH,Thyolo,CTR_MWI,FLAD_MW_S,District
SLAD_MW_ZO,Zomba,CTR_MWI,FLAD_MW_S,District
SLAD_PH_ABR,Abra,CTR_PHL,FLAD_PH_15,Province
SLAD_PH_AGN,Agusan del Norte,CTR_PHL,FLAD_PH_13,Province
SLAD_PH_AGS,Agusan del Sur,CTR_PHL,FLAD_PH_13,Province
SLAD_PH_AKL,Aklan,CTR_PHL,FLAD_PH_06,Province
SLAD_PH_ALB,Albay,CTR_PHL,FLAD_PH_05,Province
SLAD_PH_ANT,Antique,CTR_PHL,FLAD_PH_06,Province
SLAD_PH_APA,Apayao,CTR_PHL,FLAD_PH_15,Province
SLAD_PH_AUR,Aurora,CTR_PHL,FLAD_PH_03,Province
SLAD_PH_BAN,Bataan,CTR_PHL,FLAD_PH_03,Province
SLAD_PH_BAS,Basilan,CTR_PHL,FLAD_PH_09,Province
SLAD_PH_BEN,Benguet,CTR_PHL,FLAD_PH_15,Province
SLAD_PH_BIL,Biliran,CTR_PHL,FLAD_PH_08,Province
SLAD_PH_BOH,Bohol,CTR_PHL,FLAD_PH_07,Province
SLAD_PH_BTG,Batangas,CTR_PHL,FLAD_PH_40,Province
SLAD_PH_BTN,Batanes,CTR_PHL,FLAD_PH_02,Province
SLAD_PH_BUK,Bukidnon,CTR_PHL,FLAD_PH_10,Province
SLAD_PH_BUL,Bulacan,CTR_PHL,FLAD_PH_03,Province
SLAD_PH_CAG,Cagayan,CTR_PHL,FLAD_PH_02,Province
SLAD_PH_CAM,Camiguin,CTR_PHL,FLAD_PH_10,Province
SLAD_PH_CAN,Camarines Norte,CTR_PHL,FLAD_PH_05,Province
SLAD_PH_CAP,Capiz,CTR_PHL,FLAD_PH_06,Province
SLAD_PH_CAS,Camarines Sur,CTR_PHL,FLAD_PH_05,Province
SLAD_PH_CAT,Catanduanes,CTR_PHL,FLAD_PH_05,Province
SLAD_PH_CAV,Cavite,CTR_PHL,FLAD_PH_40,Province
SLAD_PH_CEB,Cebu,CTR_PHL,FLAD_PH_07,Province
SLAD_PH_COM,Davao de Oro,CTR_PHL,FLAD_PH_11,Province
SLAD_PH_DAO,Davao Oriental,CTR_PHL,FLAD_PH_11,Province
SLAD_PH_DAS,Davao del Sur,CTR_PHL,FLAD_PH_11,Province
SLAD_PH_DAV,Davao del Norte,CTR_PHL,FLAD_PH_11,Province
SLAD_PH_DIN,Dinagat Islands,CTR_PHL,FLAD_PH_13,Province
SLAD_PH_DVO,Davao Occidental,CTR_PHL,FLAD_PH_11,Province
SLAD_PH_EAS,Eastern Samar,CTR_PHL,FLAD_PH_08,Province
SLAD_PH_GUI,Guimaras,CTR_PHL,FLAD_PH_06,Province
SLAD_PH_IFU,Ifugao,CTR_PHL,FLAD_PH_15,Province
SLAD_PH_ILI,Iloilo,CTR_PHL,FLAD_PH_06,Province
SLAD_PH_ILN,Ilocos Norte,CTR_PHL,FLAD_PH_01,Province
SLAD_PH_ILS,Ilocos Sur,CTR_PHL,FLAD_PH_01,Province
SLAD_PH_ISA,Isabela,CTR_PHL,FLAD_PH_02,Province
SLAD_PH_KAL,Kalinga,CTR_PHL,FLAD_PH_15,Province
SLAD_PH_LAG,Laguna,CTR_PHL,FLAD_PH_40,Province
SLAD_PH_LAN,Lanao del Norte,CTR_PHL,FLAD_PH_12,Province
SLAD_PH_LAS,Lanao del Sur,CTR_PHL,FLAD_PH_14,Province
SLAD_PH_LEY,Leyte,CTR_PHL,FLAD_PH_08,Province
SLAD_PH_LUN,La Union,CTR_PHL,FLAD_PH_01,Province
SLAD_PH_MAD,Marinduque,CTR_PHL,FLAD_PH_41,Province
SLAD_PH_MAS,Masbate,CTR_PHL,FLAD_PH_05,Province
SLAD_PH_MDC,Mindoro Occidental,CTR_PHL,FLAD_PH_41,Province
SLAD_PH_MDR,Mindoro Oriental,CTR_PHL,FLAD_PH_41,Province
SLAD_PH_MGN,Maguindanao del Norte,CTR_PHL,FLAD_PH_14,Province
SLAD_PH_MGS,Maguindanao del Sur,CTR_PHL,FLAD_PH_14,Province
SLAD_PH_MOU,Mountain Province,CTR_PHL,FLAD_PH_15,Province
SLAD_PH_MSC,Misamis Occidental,CTR_PHL,FLAD_PH_10,Province
SLAD_PH_MSR,Misamis Oriental,CTR_PHL,FLAD_PH_10,Province
SLAD_PH_NCO,Cotabato,CTR_PHL,FLAD_PH_12,Province
SLAD_PH_NEC,Negros Occidental,CTR_PHL,FLAD_PH_06,Province
SLAD_PH_NER,Negros Oriental,CTR_PHL,FLAD_PH_07,Province
SLAD_PH_NSA,Northern Samar,CTR_PHL,FLAD_PH_08,Province
SLAD_PH_NUE,Nueva Ecija,CTR_PHL,FLAD_PH_03,Province
SLAD_PH_NUV,Nueva Vizcaya,CTR_PHL,FLAD_PH_02,Province
SLAD_PH_PAM,Pampanga,CTR_PHL,FLAD_PH_03,Province
SLAD_PH_PAN,Pangasinan,CTR_PHL,FLAD_PH_01,Province
SLAD_PH_PLW,Palawan,CTR_PHL,FLAD_PH_41,Province
SLAD_PH_QUE,Quezon,CTR_PHL,FLAD_PH_40,Province
SLAD_PH_QUI,Quirino,CTR_PHL,FLAD_PH_02,Province
SLAD_PH_RIZ,Rizal,CTR_PHL,FLAD_PH_40,Province
SLAD_PH_ROM,Romblon,CTR_PHL,FLAD_PH_41,Province
SLAD_PH_SAR,Sarangani,CTR_PHL,FLAD_PH_11,Province
SLAD_PH_SCO,South Cotabato,CTR_PHL,FLAD_PH_11,Province
SLAD_PH_SIG,Siquijor,CTR_PHL,FLAD_PH_07,Province
SLAD_PH_SLE,Southern Leyte,CTR_PHL,FLAD_PH_08,Province
SLAD_PH_SLU,Sulu,CTR_PHL,FLAD_PH_14,Province
SLAD_PH_SOR,Sorsogon,CTR_PHL,FLAD_PH_05,Province
SLAD_PH_SUK,Sultan Kudarat,CTR_PHL,FLAD_PH_12,Province
SLAD_PH_SUN,Surigao del Norte,CTR_PHL,FLAD_PH_13,Province
SLAD_PH_SUR,Surigao del Sur,CTR_PHL,FLAD_PH_13,Province
SLAD_PH_TAR,Tarlac,CTR_PHL,FLAD_PH_03,Province
SLAD_PH_TAW,Tawi-Tawi,CTR_PHL,FLAD_PH_14,Province
SLAD_PH_WSA,Samar,CTR_PHL,FLAD_PH_08,Province
SLAD_PH_ZAN,Zamboanga del Norte,CTR_PHL,FLAD_PH_09,Province
SLAD_PH_ZAS,Zamboanga del Sur,CTR_PHL,FLAD_PH_09,Province
SLAD_PH_ZMB,Zambales,CTR_PHL,FLAD_PH_03,Province
SLAD_PH_ZSI,Zamboanga Sibugay,CTR_PHL,FLAD_PH_09,Province
SLAD_RS_01,Severnobački okrug,CTR_SRB,FLAD_RS_VO,District
SLAD_RS_02,Srednjebanatski okrug,CTR_SRB,FLAD_RS_VO,District
SLAD_RS_03,Severnobanatski okrug,CTR_SRB,FLAD_RS_VO,District
SLAD_RS_04,Južnobanatski okrug,CTR_SRB,FLAD_RS_VO,District
SLAD_RS_05,Zapadnobački okrug,CTR_SRB,FLAD_RS_VO,District
SLAD_RS_06,Južnobački okrug,CTR_SRB,FLAD_RS_VO,District
SLAD_RS_07,Sremski okrug,CTR_SRB,FLAD_RS_VO,District
SLAD_RS_25,Kosovski okrug,CTR_SRB,FLAD_RS_KM,District
SLAD_RS_26,Pećki okrug,CTR_SRB,FLAD_RS_KM,District
SLAD_RS_27,Prizrenski okrug,CTR_SRB,FLAD_RS_KM,District
SLAD_RS_28,Kosovsko-Mitrovački okrug,CTR_SRB,FLAD_RS_KM,District
SLAD_RS_29,Kosovsko-Pomoravski okrug,CTR_SRB,FLAD_RS_KM,District
SLAD_UG_101,Kalangala,CTR_UGA,FLAD_UG_C,District
SLAD_UG_102,Kampala,CTR_UGA,FLAD_UG_C,City
SLAD_UG_103,Kiboga,CTR_UGA,FLAD_UG_C,District
SLAD_UG_104,Luwero,CTR_UGA,FLAD_UG_C,District
SLAD_UG_105,Masaka,CTR_UGA,FLAD_UG_C,District
SLAD_UG_106,Mpigi,CTR_UGA,FLAD_UG_C,District
SLAD_UG_107,Mubende,CTR_UGA,FLAD_UG_C,District
SLAD_UG_108,Mukono,CTR_UGA,FLAD_UG_C,District
SLAD_UG_109,Nakasongola,CTR_UGA,FLAD_UG_C,District
SLAD_UG_110,Rakai,CTR_UGA,FLAD_UG_C,District
SLAD_UG_111,Sembabule,CTR_UGA,FLAD_UG_C,District
SLAD_UG_112,Kayunga,CTR_UGA,FLAD_UG_C,District
SLAD_UG_113,Wakiso,CTR_UGA,FLAD_UG_C,District
SLAD_UG_114,Lyantonde,CTR_UGA,FLAD_UG_C,District
SLAD_UG_115,Mityana,CTR_UGA,FLAD_UG_C,District
SLAD_UG_116,Nakaseke,CTR_UGA,FLAD_UG_C,District
SLAD_UG_117,Buikwe,CTR_UGA,FLAD_UG_C,District
SLAD_UG_118,Bukomansibi,CTR_UGA,FLAD_UG_C,District
SLAD_UG_119,Butambala,CTR_UGA,FLAD_UG_C,District
SLAD_UG_120,Buvuma,CTR_UGA,FLAD_UG_C,District
SLAD_UG_121,Gomba,CTR_UGA,FLAD_UG_C,District
SLAD_UG_122,Kalungu,CTR_UGA,FLAD_UG_C,District
SLAD_UG_123,Kyankwanzi,CTR_UGA,FLAD_UG_C,District
SLAD_UG_124,Lwengo,CTR_UGA,FLAD_UG_C,District
SLAD_UG_125,Kyotera,CTR_UGA,FLAD_UG_C,District
SLAD_UG_126,Kasanda,CTR_UGA,FLAD_UG_C,District
SLAD_UG_201,Bugiri,CTR_UGA,FLAD_UG_E,District
SLAD_UG_202,Busia,CTR_UGA,FLAD_UG_E,District
SLAD_UG_203,Iganga,CTR_UGA,FLAD_UG_E,District
SLAD_UG_204,Jinja,CTR_UGA,FLAD_UG_E,District
SLAD_UG_205,Kamuli,CTR_UGA,FLAD_UG_E,District
SLAD_UG_206,Kapchorwa,CTR_UGA,FLAD_UG_E,District
SLAD_UG_207,Katakwi,CTR_UGA,FLAD_UG_E,District
SLAD_UG_208,Kumi,CTR_UGA,FLAD_UG_E,District
SLAD_UG_209,Mbale,CTR_UGA,FLAD_UG_E,District
SLAD_UG_210,Pallisa,CTR_UGA,FLAD_UG_E,District
SLAD_UG_211,Soroti,CTR_UGA,FLAD_UG_E,District
SLAD_UG_212,Tororo,CTR_UGA,FLAD_UG_E,District
SLAD_UG_213,Kaberamaido,CTR_UGA,FLAD_UG_E,District
SLAD_UG_214,Mayuge,CTR_UGA,FLAD_UG_E,District
SLAD_UG_215,Sironko,CTR_UGA,FLAD_UG_E,District
SLAD_UG_216,Amuria,CTR_UGA,FLAD_UG_E,District
SLAD_UG_217,Budaka,CTR_UGA,FLAD_UG_E,District
SLAD_UG_218,Bududa,CTR_UGA,FLAD_UG_E,District
SLAD_UG_219,Bukedea,CTR_UGA,FLAD_UG_E,District
SLAD_UG_220,Bukwo,CTR_UGA,FLAD_UG_E,District
SLAD_UG_221,Butaleja,CTR_UGA,FLAD_UG_E,District
SLAD_UG_222,Kaliro,CTR_UGA,FLAD_UG_E,District
SLAD_UG_223,Manafwa,CTR_UGA,FLAD_UG_E,District
SLAD_UG_224,Namutumba,CTR_UGA,FLAD_UG_E,District
SLAD_UG_225,Bulambuli,CTR_UGA,FLAD_UG_E,District
SLAD_UG_226,Buyende,CTR_UGA,FLAD_UG_E,District
SLAD_UG_227,Kibuku,CTR_UGA,FLAD_UG_E,District
SLAD_UG_228,Kween,CTR_UGA,FLAD_UG_E,District
SLAD_UG_229,Luuka,CTR_UGA,FLAD_UG_E,District
SLAD_UG_230,Namayingo,CTR_UGA,FLAD_UG_E,District
SLAD_UG_231,Ngora,CTR_UGA,FLAD_UG_E,District
SLAD_UG_232,Serere,CTR_UGA,FLAD_UG_E,District
SLAD_UG_233,Butebo,CTR_UGA,FLAD_UG_E,District
SLAD_UG_234,Namisindwa,CTR_UGA,FLAD_UG_E,District
SLAD_UG_235,Bugweri,CTR_UGA,FLAD_UG_E,District
SLAD_UG_236,Kapelebyong,CTR_UGA,FLAD_UG_E,District
SLAD_UG_237,Kalaki,CTR_UGA,FLAD_UG_E,District
SLAD_UG_301,Adjumani,CTR_UGA,FLAD_UG_N,District
SLAD_UG_302,Apac,CTR_UGA,FLAD_UG_N,District
SLAD_UG_303,Arua,CTR_UGA,FLAD_UG_N,District
SLAD_UG_304,Gulu,CTR_UGA,FLAD_UG_N,District
SLAD_UG_305,Kitgum,CTR_UGA,FLAD_UG_N,District
SLAD_UG_306,Kotido,CTR_UGA,FLAD_UG_N,District
SLAD_UG_307,Lira,CTR_UGA,FLAD_UG_N,District
SLAD_UG_308,Moroto,CTR_UGA,FLAD_UG_N,District
SLAD_UG_309,Moyo,CTR_UGA,FLAD_UG_N,District
SLAD_UG_310,Nebbi,CTR_UGA,FLAD_UG_N,District
SLAD_UG_311,Nakapiripirit,CTR_UGA,FLAD_UG_N,District
SLAD_UG_312,Pader,CTR_UGA,FLAD_UG_N,District
SLAD_UG_313,Yumbe,CTR_UGA,FLAD_UG_N,District
SLAD_UG_314,Abim,CTR_UGA,FLAD_UG_N,District
SLAD_UG_315,Amolatar,CTR_UGA,FLAD_UG_N,District
SLAD_UG_316,Amuru,CTR_UGA,FLAD_UG_N,District
SLAD_UG_317,Dokolo,CTR_UGA,FLAD_UG_N,District
SLAD_UG_318,Kaabong,CTR_UGA,FLAD_UG_N,District
SLAD_UG_319,Koboko,CTR_UGA,FLAD_UG_N,District
SLAD_UG_320,Maracha,CTR_UGA,FLAD_UG_N,District
SLAD_UG_321,Oyam,CTR_UGA,FLAD_UG_N,District
SLAD_UG_322,Agago,CTR_UGA,FLAD_UG_N,District
SLAD_UG_323,Alebtong,CTR_UGA,FLAD_UG_N,District
SLAD_UG_324,Amudat,CTR_UGA,FLAD_UG_N,District
SLAD_UG_325,Kole,CTR_UGA,FLAD_UG_N,District
SLAD_UG_326,Lamwo,CTR_UGA,FLAD_UG_N,District
SLAD_UG_327,Napak,CTR_UGA,FLAD_UG_N,District
SLAD_UG_328,Nwoya,CTR_UGA,FLAD_UG_N,District
SLAD_UG_329,Otuke,CTR_UGA,FLAD_UG_N,District
SLAD_UG_330,Zombo,CTR_UGA,FLAD_UG_N,District
SLAD_UG_331,Omoro,CTR_UGA,FLAD_UG_N,District
SLAD_UG_332,Pakwach,CTR_UGA,FLAD_UG_N,District
SLAD_UG_333,Kwania,CTR_UGA,FLAD_UG_N,District
SLAD_UG_334,Nabilatuk,CTR_UGA,FLAD_UG_N,District
SLAD_UG_335,Karenga,CTR_UGA,FLAD_UG_N,District
SLAD_UG_336,Madi-Okollo,CTR_UGA,FLAD_UG_N,District
SLAD_UG_337,Obongi,CTR_UGA,FLAD_UG_N,District
SLAD_UG_401,Bundibugyo,CTR_UGA,FLAD_UG_W,District
SLAD_UG_402,Bushenyi,CTR_UGA,FLAD_UG_W,District
SLAD_UG_403,Hoima,CTR_UGA,FLAD_UG_W,District
SLAD_UG_404,Kabale,CTR_UGA,FLAD_UG_W,District
SLAD_UG_405,Kabarole,CTR_UGA,FLAD_UG_W,District
SLAD_UG_406,Kasese,CTR_UGA,FLAD_UG_W,District
SLAD_UG_407,Kibaale,CTR_UGA,FLAD_UG_W,District
SLAD_UG_408,Kisoro,CTR_UGA,FLAD_UG_W,District
SLAD_UG_409,Masindi,CTR_UGA,FLAD_UG_W,District
SLAD_UG_410,Mbarara,CTR_UGA,FLAD_UG_W,District
SLAD_UG_411,Ntungamo,CTR_UGA,FLAD_UG_W,District
SLAD_UG_412,Rukungiri,CTR_UGA,FLAD_UG_W,District
SLAD_UG_413,Kamwenge,CTR_UGA,FLAD_UG_W,District
SLAD_UG_414,Kanungu,CTR_UGA,FLAD_UG_W,District
SLAD_UG_415,Kyenjojo,CTR_UGA,FLAD_UG_W,District
SLAD_UG_416,Buliisa,CTR_UGA,FLAD_UG_W,District
SLAD_UG_417,Ibanda,CTR_UGA,FLAD_UG_W,District
SLAD_UG_418,Isingiro,CTR_UGA,FLAD_UG_W,District
SLAD_UG_419,Kiruhura,CTR_UGA,FLAD_UG_W,District
SLAD_UG_420,Buhweju,CTR_UGA,FLAD_UG_W,District
SLAD_UG_421,Kiryandongo,CTR_UGA,FLAD_UG_W,District
SLAD_UG_422,Kyegegwa,CTR_UGA,FLAD_UG_W,District
SLAD_UG_423,Mitooma,CTR_UGA,FLAD_UG_W,District
SLAD_UG_424,Ntoroko,CTR_UGA,FLAD_UG_W,District
SLAD_UG_425,Rubirizi,CTR_UGA,FLAD_UG_W,District
SLAD_UG_426,Sheema,CTR_UGA,FLAD_UG_W,District
SLAD_UG_427,Kagadi,CTR_UGA,FLAD_UG_W,District
SLAD_UG_428,Kakumiro,CTR_UGA,FLAD_UG_W,District
SLAD_UG_429,Rubanda,CTR_UGA,FLAD_UG_W,District
SLAD_UG_430,Bunyangabu,CTR_UGA,FLAD_UG_W,District
SLAD_UG_431,Rukiga,CTR_UGA,FLAD_UG_W,District
SLAD_UG_432,Kikuube,CTR_UGA,FLAD_UG_W,District
SLAD_UG_433,Kazo,CTR_UGA,FLAD_UG_W,District
SLAD_UG_434,Kitagwenda,CTR_UGA,FLAD_UG_W,District
SLAD_UG_435,Rwampara,CTR_UGA,FLAD_UG_W,District
